lat,lon,climate_band,day_of_year,avg_temp_c,min_temp_c,precip_mm,daylight_h,wind_kmh,soil_moisture,days_since_last_frost,action
45.4375,-122.9762,cool,1,-2.9,-6.02,0.98,6.09,10.81,0.582,-92,wait
45.4594,-122.7774,cool,4,-5.28,-10.8,2.51,6.14,8.44,0.672,-89,wait
45.3693,-122.9258,cool,7,-1.2,-7.99,2.33,6.2,11.53,0.537,-97,wait
45.8378,-122.937,cool,10,-5.63,-12.86,0,6.26,3.6,0.566,-83,wait
45.7185,-122.2118,cool,13,-4.21,-10.35,2.62,6.34,5.5,0.572,-95,wait
45.2676,-122.7864,cool,16,-0.57,-7.9,0,6.43,11.01,0.524,-89,wait
45.316,-122.2597,cool,19,0.21,-6.03,0.25,6.53,6.45,0.506,-86,wait
45.4209,-122.947,cool,22,-0.96,-5.06,0,6.64,14.11,0.373,-87,wait
45.3119,-122.8027,cool,25,0.74,-5.1,0.92,6.75,5.29,0.487,-65,wait
45.2107,-122.6052,cool,28,-1.0,-5.31,0,6.88,3.67,0.442,-75,wait
45.4053,-122.2031,cool,31,0.57,-6.73,1.88,7.01,9.94,0.573,-60,wait
45.7149,-122.7279,cool,34,-0.37,-8.22,1.39,7.15,7.53,0.568,-59,wait
45.5061,-122.9149,cool,37,-1.33,-5.12,4.4,7.3,8.13,0.731,-57,wait
45.7229,-122.5757,cool,40,1.13,-6.08,0,7.46,7.87,0.411,-65,wait
45.2927,-122.5461,cool,43,-2.13,-6.75,5.77,7.62,9.12,0.841,-58,wait
45.4802,-122.5602,cool,46,-1.16,-7.82,3.43,7.79,2.11,0.642,-60,wait
45.4192,-122.4627,cool,49,0.49,-6.88,0,7.97,9.28,0.452,-55,wait
45.2841,-122.8238,cool,52,1.68,-5.82,0,8.15,8.91,0.342,-58,wait
45.3228,-122.6117,cool,55,0.42,-5.74,1.77,8.33,16.61,0.605,-53,wait
45.2523,-122.9225,cool,58,3.8,-2.82,3.14,8.52,4.47,0.508,-37,wait
45.4221,-122.7286,cool,61,3.73,-1.39,0,8.71,9.33,0.438,-29,wait
45.7996,-122.9397,cool,64,6.91,2.66,2.0,8.91,12.06,0.448,-38,wait
45.8411,-122.321,cool,67,7.19,-0.09,3.57,9.11,11.35,0.547,-43,wait
45.3122,-122.3727,cool,70,3.94,-1.49,1.66,9.31,11.95,0.395,-28,walk
45.3374,-122.225,cool,73,6.29,1.17,7.53,9.52,4.52,0.759,-22,wait
45.5249,-122.9545,cool,76,7.65,1.94,1.19,9.72,6.63,0.431,-18,wait
45.8122,-122.803,cool,79,7.84,0.58,1.88,9.93,8.63,0.518,-19,wait
45.673,-122.8091,cool,82,8.98,2.88,0.19,10.14,10.57,0.352,-20,walk
45.8988,-122.2031,cool,85,8.41,2.05,1.96,10.34,11.32,0.493,-23,garden
45.2262,-122.333,cool,88,7.09,3.02,2.06,10.55,17.26,0.54,-15,walk
45.6307,-122.2489,cool,91,11.48,5.42,5.4,10.75,7.53,0.478,-2,walk
45.3743,-122.45,cool,94,8.67,5.09,4.49,10.95,11.16,0.52,3,walk
45.3213,-122.9972,cool,97,13.58,8.05,2.47,11.15,16.74,0.314,7,walk
45.1895,-122.244,cool,100,13.68,7.49,2.25,11.35,14.56,0.402,3,walk
45.3466,-122.2808,cool,103,13.77,10.03,4.37,11.54,8.86,0.507,6,walk
45.5479,-122.3002,cool,106,14.97,7.67,3.61,11.73,6.37,0.393,-1,walk
45.1198,-122.4107,cool,109,16.59,9.84,3.81,11.91,6.68,0.366,4,walk
45.661,-122.694,cool,112,13.27,5.62,3.79,12.09,0.44,0.536,10,walk
45.628,-122.6812,cool,115,12.03,6.68,3.9,12.27,16.51,0.464,12,walk
45.1221,-122.2984,cool,118,13.97,10.63,2.77,12.43,4.32,0.416,25,garden
45.3509,-122.515,cool,121,14.35,8.45,3.06,12.59,7.88,0.443,22,garden
45.7452,-122.4505,cool,124,16.31,11.39,1.14,12.75,6.58,0.345,14,walk
45.6307,-122.9003,cool,127,19.33,12.64,3.19,12.89,12.02,0.458,27,garden
45.4364,-122.2477,cool,130,19.5,13.96,1.61,13.03,4.92,0.326,37,garden
45.2681,-122.3714,cool,133,18.56,11.04,1.23,13.16,5.75,0.289,23,garden
45.327,-122.4689,cool,136,18.5,13.89,0,13.29,10.15,0.221,31,walk
45.137,-122.2129,cool,139,18.91,15.45,3.9,13.4,7.13,0.371,35,garden
45.2952,-122.4752,cool,142,19.18,12.34,0,13.5,10.31,0.225,44,walk
45.6567,-122.6284,cool,145,15.83,9.07,2.62,13.6,6.12,0.368,40,garden
45.5764,-122.24,cool,148,19.4,11.81,3.27,13.68,9.48,0.364,54,garden
45.2273,-122.3108,cool,151,21.63,15.56,2.05,13.76,3.35,0.348,58,garden
45.3197,-122.938,cool,154,19.18,12.42,3.36,13.82,5.28,0.434,59,garden
45.2222,-122.8288,cool,157,18.36,14.0,1.44,13.88,12.52,0.22,54,walk
45.5673,-122.4436,cool,160,19.26,14.61,1.8,13.93,8.3,0.366,62,garden
45.8627,-122.6648,cool,163,22.02,15.19,2.34,13.96,8.3,0.262,65,garden
45.4111,-122.4649,cool,166,21.44,15.71,1.38,13.98,6.29,0.195,69,walk
45.5735,-122.4696,cool,169,21.78,15.16,4.92,14.0,0.43,0.52,76,walk
45.3615,-122.391,cool,172,17.5,12.36,3.35,14.0,6.12,0.351,72,garden
45.1417,-122.2385,cool,175,19.25,12.49,3.25,13.99,5.35,0.288,65,garden
45.1163,-122.8781,cool,178,18.26,14.92,3.05,13.97,7.7,0.281,75,garden
45.5858,-122.4017,cool,181,17.59,11.24,1.21,13.94,6.9,0.331,82,garden
45.8264,-122.6998,cool,184,17.4,10.3,3.43,13.9,7.58,0.309,83,garden
45.5803,-122.9032,cool,187,22.21,18.22,0,13.85,3.88,0.121,86,walk
45.1101,-122.664,cool,190,22.28,15.37,1.29,13.79,11.47,0.21,96,walk
45.687,-122.2276,cool,193,19.11,13.94,0,13.72,14.42,0.203,87,walk
45.7814,-122.3354,cool,196,17.55,10.51,0.27,13.64,6.91,0.231,104,walk
45.4954,-122.74,cool,199,16.18,8.77,2.59,13.55,12.47,0.399,101,garden
45.5133,-122.8472,cool,202,18.28,13.51,2.42,13.45,11.24,0.361,100,garden
45.1138,-122.7646,cool,205,16.48,11.45,1.11,13.34,6.99,0.294,110,garden
45.6967,-122.7354,cool,208,17.1,12.89,1.51,13.23,4.71,0.323,109,garden
45.8607,-122.4479,cool,211,18.52,14.16,2.49,13.1,10.03,0.282,104,garden
45.1804,-122.8447,cool,214,15.04,8.35,2.06,12.96,13.26,0.417,123,garden
45.6579,-122.899,cool,217,14.83,10.93,4.96,12.82,8.44,0.468,108,garden
45.8724,-122.798,cool,220,18.23,12.77,4.32,12.67,4.25,0.432,124,garden
45.7489,-122.2407,cool,223,17.72,14.15,4.63,12.52,9.86,0.476,114,garden
45.5181,-122.6396,cool,226,12.56,8.32,0.56,12.35,6.52,0.34,135,garden
45.1794,-122.3898,cool,229,14.2,6.9,4.2,12.18,7.79,0.507,138,garden
45.6515,-122.6241,cool,232,14.77,10.44,3.79,12.0,9.45,0.465,127,walk
45.7303,-122.5,cool,235,10.67,6.23,1.69,11.82,15.76,0.315,132,garden
45.1571,-122.8673,cool,238,13.88,6.21,0.26,11.64,10.27,0.319,136,garden
45.8541,-122.5996,cool,241,11.19,4.44,1.0,11.45,6.61,0.285,140,garden
45.8695,-122.3312,cool,244,11.72,8.32,4.56,11.25,9.05,0.496,142,wait
45.2402,-122.5848,cool,247,11.62,3.86,5.49,11.05,7.98,0.533,138,garden
45.4267,-122.7432,cool,250,10.22,5.82,4.64,10.85,7.92,0.617,142,garden
45.5401,-122.6361,cool,253,7.58,3.78,0.51,10.65,10.47,0.413,155,walk
45.5341,-122.6694,cool,256,8.23,3.61,4.5,10.45,7.24,0.575,146,garden
45.2048,-122.7696,cool,259,6.85,2.04,2.61,10.24,2.4,0.547,155,walk
45.1109,-122.6736,cool,262,10.39,4.96,5.27,10.03,9.02,0.644,157,garden
45.6733,-122.5929,cool,265,5.83,-1.38,4.87,9.83,14.34,0.65,159,wait
45.5795,-122.403,cool,268,5.51,-1.67,2.68,9.62,7.63,0.526,170,wait
45.1021,-122.4192,cool,271,4.07,0.72,1.76,9.42,0.23,0.455,177,wait
45.5415,-122.5653,cool,274,7.66,1.77,0,9.21,1.24,0.343,179,wait
45.4286,-122.7455,cool,277,4.77,0.16,2.36,9.01,13.73,0.523,174,wait
45.4963,-122.9704,cool,280,4.28,-3.29,0,8.81,16.11,0.455,190,wait
45.1123,-122.8847,cool,283,3.87,-2.08,3.98,8.62,2.05,0.589,189,wait
45.6199,-122.3186,cool,286,5.5,-2.35,4.31,8.43,11.16,0.55,195,wait
45.1287,-122.9453,cool,289,4.83,-2.47,0,8.24,10.39,0.433,194,wait
45.6631,-122.9196,cool,292,2.95,-4.65,4.51,8.05,7.89,0.626,185,wait
45.2165,-122.5751,cool,295,-0.37,-4.87,2.94,7.88,8.64,0.513,196,wait
45.4981,-122.5335,cool,298,1.51,-5.45,1.59,7.7,9.42,0.585,207,wait
45.6421,-122.8736,cool,301,-0.99,-7.18,0,7.54,9.49,0.542,205,wait
45.3417,-122.2005,cool,304,-0.21,-4.94,0,7.38,5.01,0.438,202,wait
45.4166,-122.9935,cool,307,1.8,-1.73,0,7.23,10.56,0.387,206,garden
45.2841,-122.3585,cool,310,1.44,-5.46,5.53,7.08,6.55,0.758,209,wait
45.8227,-122.4829,cool,313,-2.85,-6.8,1.19,6.94,14.71,0.598,207,wait
45.4324,-122.8394,cool,316,-2.7,-7.9,0,6.82,4.89,0.402,215,wait
45.7598,-122.6145,cool,319,-0.2,-7.58,0,6.69,11.53,0.407,214,wait
45.2805,-122.4589,cool,322,-0.41,-7.15,0.68,6.58,9.68,0.582,216,wait
45.1989,-122.7051,cool,325,-1.51,-6.5,2.65,6.48,3.79,0.519,227,garden
45.5956,-122.2455,cool,328,-1.35,-5.66,0,6.39,11.88,0.441,225,wait
45.1933,-122.9637,cool,331,-4.12,-10.17,0,6.3,3.45,0.494,230,wait
45.6364,-122.4055,cool,334,-6.09,-14.07,2.29,6.23,9.95,0.648,236,wait
45.5925,-122.2488,cool,337,-0.83,-5.92,1.14,6.17,5.69,0.501,230,wait
45.6485,-122.5644,cool,340,-4.99,-11.44,1.64,6.11,12.25,0.542,241,wait
45.2697,-122.4884,cool,343,-0.93,-5.72,0.16,6.07,9.55,0.394,247,wait
45.7121,-122.8343,cool,346,-1.07,-4.32,0,6.04,18.38,0.521,242,wait
45.8872,-122.21,cool,349,-5.66,-13.01,0.66,6.01,9.99,0.634,239,wait
45.2903,-122.741,cool,352,-3.75,-10.75,4.29,6.0,13.11,0.638,253,wait
45.3896,-122.5251,cool,355,-5.95,-9.21,1.07,6.0,3.12,0.627,260,wait
45.6147,-122.9751,cool,358,-4.26,-8.36,0,6.01,3.73,0.585,264,wait
45.1646,-122.5134,cool,361,-0.92,-8.15,0.34,6.03,8.85,0.521,265,wait
45.463,-122.5157,cool,364,-6.42,-10.79,0,6.06,4.26,0.495,273,wait
45.8105,-122.6689,cool,1,-6.14,-12.65,2.95,6.09,3.37,0.728,-103,wait
45.2221,-122.2616,cool,4,-1.62,-6.62,0.98,6.14,4.57,0.482,-98,wait
45.5692,-122.5507,cool,7,-6.01,-13.17,1.95,6.2,9.0,0.67,-99,wait
45.5803,-122.7187,cool,10,-4.23,-7.84,0,6.26,12.71,0.553,-99,wait
45.7101,-122.5407,cool,13,-2.5,-6.57,0.41,6.34,5.63,0.424,-80,wait
45.5872,-122.4737,cool,16,-0.86,-8.09,4.85,6.43,6.82,0.726,-74,wait
45.5531,-122.6794,cool,19,-1.25,-4.39,0.71,6.53,14.71,0.585,-80,wait
45.2259,-122.7507,cool,22,-4.24,-10.4,4.45,6.64,9.27,0.668,-75,wait
45.3177,-122.4704,cool,25,-2.79,-10.5,0,6.75,3.29,0.416,-66,wait
45.6426,-122.5255,cool,28,-1.45,-6.66,0.71,6.88,14.64,0.427,-69,wait
45.269,-122.8902,cool,31,-0.8,-5.34,2.26,7.01,19.35,0.484,-73,wait
45.2841,-122.553,cool,34,-2.01,-6.65,4.51,7.15,8.32,0.636,-64,wait
45.7897,-122.5394,cool,37,0.91,-3.86,0,7.3,11.97,0.426,-59,wait
45.8581,-122.6319,cool,40,0.82,-5.73,0.34,7.46,8.98,0.361,-60,wait
45.4166,-122.7518,cool,43,2.0,-2.81,0.33,7.62,8.73,0.429,-55,wait
45.721,-122.7191,cool,46,0.41,-4.26,2.38,7.79,12.16,0.487,-48,wait
45.7082,-122.4756,cool,49,4.65,-1.58,1.76,7.97,9.49,0.431,-56,wait
45.8056,-122.4856,cool,52,0.5,-6.36,0,8.15,8.25,0.496,-44,wait
45.3423,-122.7803,cool,55,5.91,1.3,2.91,8.33,7.37,0.51,-40,wait
45.7914,-122.3158,cool,58,0.9,-4.64,0.39,8.52,12.07,0.369,-43,wait
45.7479,-122.4785,cool,61,4.83,-0.7,0,8.71,9.18,0.448,-48,wait
45.1675,-122.4831,cool,64,3.67,-1.71,1.62,8.91,9.16,0.406,-36,wait
45.3263,-122.673,cool,67,2.57,-3.97,3.63,9.11,7.72,0.621,-32,wait
45.4093,-122.7984,cool,70,4.97,-1.01,1.9,9.31,2.4,0.396,-37,wait
45.3482,-122.4752,cool,73,8.67,0.84,0.29,9.52,6.63,0.272,-33,wait
45.7505,-122.4639,cool,76,8.15,4.5,0.98,9.72,6.37,0.409,-14,wait
45.1146,-122.7529,cool,79,9.77,3.07,0.23,9.93,3.51,0.369,-18,wait
45.7755,-122.9191,cool,82,11.12,6.41,2.63,10.14,5.4,0.543,-24,walk
45.4014,-122.8702,cool,85,10.66,3.48,2.91,10.34,7.26,0.43,-6,walk
45.6757,-122.2243,cool,88,11.64,4.78,2.94,10.55,5.76,0.439,-9,walk
45.2552,-122.4574,cool,91,10.92,4.16,2.81,10.75,5.14,0.402,-4,walk
45.7535,-122.359,cool,94,11.29,6.08,2.92,10.95,1.11,0.456,-3,walk
45.5127,-122.9003,cool,97,9.29,5.04,0,11.15,1.69,0.345,-10,walk
45.2776,-122.6391,cool,100,9.55,5.75,0.22,11.35,9.5,0.408,-8,walk
45.1226,-122.2553,cool,103,11.73,8.59,4.73,11.54,9.55,0.487,-5,walk
45.211,-122.4356,cool,106,15.23,8.98,2.78,11.73,5.9,0.356,11,walk
45.5871,-122.6614,cool,109,13.44,10.41,3.85,11.91,9.47,0.542,16,garden
45.1887,-122.2759,cool,112,15.94,11.75,3.56,12.09,10.05,0.457,21,garden
45.2925,-122.6667,cool,115,15.38,12.3,1.02,12.27,7.71,0.237,18,walk
45.5061,-122.9837,cool,118,16.29,12.86,3.24,12.43,7.76,0.414,24,garden
45.3758,-122.4136,cool,121,18.02,14.81,1.03,12.59,10.52,0.326,22,garden
45.6142,-122.3357,cool,124,17.01,10.16,2.33,12.75,4.42,0.263,31,garden
45.135,-122.8404,cool,127,17.79,9.89,1.24,12.89,8.34,0.217,31,wait
45.2529,-122.7144,cool,130,14.35,6.68,0,13.03,6.84,0.279,28,garden
45.8157,-122.6907,cool,133,19.18,11.85,1.99,13.16,9.8,0.284,35,garden
45.1631,-122.518,cool,136,20.7,15.22,0,13.29,8.14,0.195,28,walk
45.6741,-122.8667,cool,139,20.13,14.4,2.15,13.4,9.47,0.338,38,garden
45.884,-122.2417,cool,142,18.17,12.94,1.86,13.5,0.72,0.339,45,garden
45.5861,-122.375,cool,145,16.25,10.06,0.15,13.6,13.44,0.29,35,garden
45.6432,-122.2409,cool,148,16.26,12.92,2.84,13.68,4.24,0.365,56,wait
45.8684,-122.9793,cool,151,18.51,11.69,0.3,13.76,5.8,0.213,61,walk
45.5895,-122.4448,cool,154,17.59,12.0,3.36,13.82,6.96,0.453,58,garden
45.7484,-122.226,cool,157,22.63,18.63,3.02,13.88,9.18,0.252,61,garden
45.6694,-122.2581,cool,160,22.7,16.36,1.86,13.93,3.11,0.218,59,walk
45.4952,-122.7113,cool,163,20.71,13.74,1.48,13.96,7.89,0.206,57,walk
45.8997,-122.4249,cool,166,20.38,15.05,3.55,13.98,7.78,0.449,58,garden
45.4727,-122.5861,cool,169,20.15,13.3,2.85,14.0,6.6,0.435,79,garden
45.8286,-122.9557,cool,172,17.77,10.62,0,14.0,6.31,0.281,66,garden
45.5151,-122.7728,cool,175,17.72,13.95,3.4,13.99,11.04,0.44,76,garden
45.5021,-122.8651,cool,178,17.39,13.41,4.04,13.97,7.13,0.46,87,garden
45.165,-122.2412,cool,181,22.48,18.71,0.77,13.94,2.63,0.228,89,wait
45.6017,-122.7683,cool,184,21.34,17.01,3.14,13.9,13.05,0.364,74,garden
45.2265,-122.6675,cool,187,22.3,16.89,3.52,13.85,2.28,0.307,79,garden
45.2046,-122.7036,cool,190,19.17,14.47,4.96,13.79,14.24,0.422,91,garden
45.8563,-122.3087,cool,193,19.54,14.94,0.96,13.72,8.66,0.203,86,walk
45.2275,-122.2032,cool,196,18.44,10.62,5.5,13.64,3.78,0.581,96,garden
45.2721,-122.7177,cool,199,18.46,11.06,1.63,13.55,8.03,0.279,103,garden
45.4447,-122.294,cool,202,15.66,10.19,4.65,13.45,4.07,0.481,109,wait
45.3309,-122.6909,cool,205,19.4,12.58,1.15,13.34,11.02,0.279,101,garden
45.4151,-122.3641,cool,208,17.38,11.63,3.77,13.23,3.03,0.444,102,garden
45.2096,-122.7336,cool,211,16.33,8.64,2.54,13.1,5.34,0.375,117,wait
45.4144,-122.5068,cool,214,16.74,11.45,0.61,12.96,5.02,0.237,123,walk
45.7526,-122.7053,cool,217,18.52,12.55,0.11,12.82,7.78,0.222,125,walk
45.3124,-122.4755,cool,220,17.06,9.16,0,12.67,4.42,0.282,130,walk
45.5958,-122.3271,cool,223,18.38,12.49,2.59,12.52,9.29,0.346,129,garden
45.435,-122.6696,cool,226,12.94,6.54,7.27,12.35,9.92,0.574,116,walk
45.5149,-122.5513,cool,229,12.77,7.26,0.77,12.18,5.09,0.399,120,garden
45.3834,-122.3824,cool,232,17.0,11.61,0,12.0,15.01,0.229,139,walk
45.3388,-122.2468,cool,235,14.8,8.58,1.54,11.82,2.85,0.281,132,garden
45.847,-122.3637,cool,238,15.81,8.95,1.64,11.64,2.12,0.332,143,garden
45.7437,-122.7676,cool,241,10.98,7.37,1.63,11.45,4.5,0.49,142,garden
45.7624,-122.7831,cool,244,10.48,3.91,1.27,11.25,11.55,0.334,149,garden
45.5248,-122.4896,cool,247,11.54,7.18,5.04,11.05,12.17,0.506,138,garden
45.8823,-122.8736,cool,250,7.88,2.81,2.31,10.85,6.2,0.521,140,walk
45.6167,-122.2737,cool,253,10.87,3.47,0,10.65,8.88,0.365,152,garden
45.7701,-122.2529,cool,256,6.88,1.01,0,10.45,6.6,0.451,151,walk
45.1074,-122.5456,cool,259,5.94,-1.24,2.8,10.24,5.5,0.566,158,wait
45.2074,-122.5966,cool,262,5.75,-2.17,1.2,10.03,19.74,0.447,167,wait
45.7326,-122.5458,cool,265,6.12,-0.92,0,9.83,13.67,0.403,160,walk
45.4207,-122.9237,cool,268,8.41,4.53,3.84,9.62,1.3,0.602,174,garden
45.8632,-122.7584,cool,271,9.14,3.75,1.42,9.42,7.82,0.383,175,garden
45.2278,-122.4511,cool,274,6.98,3.92,0,9.21,2.95,0.275,167,wait
45.2767,-122.2341,cool,277,7.57,0.14,1.58,9.01,1.92,0.462,176,wait
45.7416,-122.3395,cool,280,4.31,-0.97,3.13,8.81,7.73,0.593,185,wait
45.1625,-122.5487,cool,283,5.42,-0.98,0,8.62,4.01,0.387,189,wait
45.4535,-122.4558,cool,286,0.65,-5.09,0,8.43,7.82,0.372,186,wait
45.4654,-122.9538,cool,289,4.02,-1.43,2.95,8.24,5.42,0.458,183,wait
45.1362,-122.7244,cool,292,1.94,-5.1,0.86,8.05,4.04,0.532,188,wait
45.244,-122.8917,cool,295,-0.99,-8.96,1.89,7.88,7.4,0.644,186,wait
45.8254,-122.6995,cool,298,1.96,-4.68,3.09,7.7,7.13,0.658,202,wait
45.4144,-122.8981,cool,301,1.71,-4.6,0,7.54,6.58,0.398,196,wait
45.4034,-122.8163,cool,304,3.01,-4.16,1.42,7.38,3.08,0.476,211,wait
45.4354,-122.3872,cool,307,-0.56,-4.33,2.74,7.23,15.56,0.647,198,wait
45.7978,-122.8042,cool,310,1.55,-1.53,1.45,7.08,9.78,0.41,219,wait
45.3314,-122.3474,cool,313,-3.9,-9.1,0,6.94,6.34,0.554,207,wait
45.8886,-122.583,cool,316,-0.17,-4.76,0,6.82,4.55,0.416,215,wait
45.4418,-122.6035,cool,319,-2.43,-6.81,0,6.69,6.13,0.527,214,wait
45.3399,-122.8529,cool,322,0.58,-7.13,0,6.58,1.82,0.406,225,wait
45.5499,-122.2258,cool,325,-2.33,-6.54,1.81,6.48,15.8,0.498,229,wait
45.174,-122.4203,cool,328,-2.5,-6.17,1.26,6.39,10.69,0.574,232,wait
45.5701,-122.4628,cool,331,-4.95,-9.29,0,6.3,3.18,0.587,227,wait
45.8697,-122.9061,cool,334,-5.01,-9.06,2.62,6.23,6.13,0.725,230,wait
45.7204,-122.6955,cool,337,-0.51,-5.9,1.33,6.17,13.44,0.464,234,wait
45.6779,-122.3907,cool,340,-3.46,-8.26,1.03,6.11,12.78,0.544,233,wait
45.8478,-122.5367,cool,343,-4.87,-8.89,0.96,6.07,9.13,0.632,237,garden
45.8548,-122.7299,cool,346,-4.39,-8.15,0.26,6.04,11.43,0.585,251,wait
45.6763,-122.6093,cool,349,-2.38,-7.82,0.66,6.01,1.53,0.505,250,wait
45.6346,-122.3885,cool,352,-1.49,-7.2,0.76,6.0,6.92,0.414,244,wait
45.1484,-122.4898,cool,355,-4.52,-11.74,1.56,6.0,14.23,0.487,261,wait
45.6778,-122.5714,cool,358,-1.36,-8.93,1.01,6.01,7.4,0.524,261,garden
45.1771,-122.8809,cool,361,-5.19,-10.7,0.52,6.03,3.98,0.629,256,wait
45.4672,-122.8054,cool,364,-5.66,-11.29,1.83,6.06,5.11,0.592,265,wait
45.1748,-122.6966,cool,1,-2.55,-7.05,1.59,6.09,6.55,0.66,-89,wait
45.365,-122.2181,cool,4,-3.27,-6.55,2.42,6.14,8.15,0.612,-93,wait
45.1372,-122.9405,cool,7,-0.57,-8.04,2.46,6.2,6.59,0.661,-85,wait
45.5696,-122.3982,cool,10,-0.65,-8.15,0.72,6.26,7.6,0.58,-90,wait
45.5324,-122.6929,cool,13,-1.69,-6.68,2.25,6.34,9.11,0.532,-85,wait
45.4497,-122.3291,cool,16,-1.27,-8.22,0.9,6.43,6.5,0.56,-83,wait
45.7268,-122.6396,cool,19,-3.37,-10.21,3.13,6.53,6.87,0.703,-91,wait
45.5949,-122.3616,cool,22,-3.72,-9.48,0.29,6.64,9.81,0.528,-76,wait
45.1852,-122.9958,cool,25,-0.46,-3.87,2.99,6.75,13.2,0.632,-73,wait
45.51,-122.9174,cool,28,-2.51,-7.31,1.07,6.88,10.12,0.472,-68,wait
45.4102,-122.9322,cool,31,-3.43,-9.2,0,7.01,3.99,0.566,-79,wait
45.3151,-122.7853,cool,34,1.87,-5.66,3.78,7.15,7.29,0.55,-64,wait
45.2973,-122.5,cool,37,-2.22,-6.05,0.93,7.3,11.33,0.581,-62,wait
45.4039,-122.3102,cool,40,0.94,-3.04,2.53,7.46,10.12,0.655,-60,wait
45.8578,-122.8393,cool,43,0.5,-4.65,2.49,7.62,2.8,0.587,-58,wait
45.7256,-122.7393,cool,46,0.26,-7.57,2.83,7.79,7.35,0.627,-49,wait
45.7141,-122.9785,cool,49,0.58,-6.35,0,7.97,14.96,0.383,-44,wait
45.7365,-122.6727,cool,52,3.8,-3.91,2.1,8.15,14.92,0.574,-56,wait
45.8926,-122.6166,cool,55,2.99,-3.18,1.35,8.33,13.86,0.523,-43,wait
45.7498,-122.5249,cool,58,2.97,-2.56,3.89,8.52,5.06,0.616,-41,wait
45.642,-122.6803,cool,61,6.63,3.08,1.23,8.71,13.91,0.362,-30,garden
45.5464,-122.4499,cool,64,6.25,-1.58,0.94,8.91,8.25,0.37,-30,wait
45.1197,-122.9164,cool,67,3.66,-1.21,0,9.11,9.39,0.442,-39,wait
45.7274,-122.5831,cool,70,5.44,-2.37,4.74,9.31,14.34,0.548,-31,wait
45.1921,-122.3207,cool,73,5.65,2.16,0.82,9.52,3.68,0.334,-36,wait
45.3648,-122.6589,cool,76,8.06,1.68,4.15,9.72,17.87,0.505,-29,wait
45.8065,-122.6403,cool,79,7.57,0.58,0.32,9.93,6.13,0.403,-19,garden
45.7396,-122.5705,cool,82,7.99,4.97,2.85,10.14,11.15,0.534,-26,walk
45.4109,-122.686,cool,85,8.23,4.24,4.75,10.34,11.91,0.583,-5,walk
45.5721,-122.4623,cool,88,7.33,2.57,1.31,10.55,8.64,0.459,-13,walk
45.2103,-122.693,cool,91,9.14,4.94,3.93,10.75,10.59,0.461,-7,walk
45.3311,-122.8503,cool,94,8.98,2.8,1.5,10.95,2.6,0.513,1,walk
45.8711,-122.5956,cool,97,13.51,7.42,5.77,11.15,0.63,0.566,-7,walk
45.7367,-122.8236,cool,100,12.02,5.6,0,11.35,11.87,0.297,-8,walk
45.1906,-122.9086,cool,103,9.82,5.7,1.66,11.54,14.76,0.423,8,walk
45.8918,-122.9181,cool,106,14.84,7.73,0.01,11.73,13.52,0.173,10,walk
45.1696,-122.3078,cool,109,15.73,8.97,0.25,11.91,22.59,0.256,10,walk
45.2328,-122.8886,cool,112,11.99,4.93,3.32,12.09,14.34,0.504,21,garden
45.8832,-122.7659,cool,115,13.04,9.01,4.23,12.27,9.35,0.455,22,garden
45.7286,-122.265,cool,118,15.74,7.98,0,12.43,7.22,0.316,12,walk
45.7092,-122.459,cool,121,18.74,11.4,5.3,12.59,13.74,0.431,21,garden
45.7151,-122.6777,cool,124,16.18,10.29,2.26,12.75,12.11,0.351,34,garden
45.1745,-122.2223,cool,127,18.18,11.71,4.08,12.89,4.93,0.424,35,garden
45.4958,-122.7417,cool,130,17.91,11.42,4.6,13.03,2.24,0.436,33,garden
45.7271,-122.6323,cool,133,16.19,10.46,5.17,13.16,13.72,0.564,24,garden
45.8275,-122.2943,cool,136,15.6,8.31,2.43,13.29,8.05,0.468,32,garden
45.823,-122.8676,cool,139,17.01,9.64,3.13,13.4,6.76,0.366,31,garden
45.1624,-122.5251,cool,142,17.89,13.36,2.04,13.5,5.22,0.36,35,walk
45.4822,-122.8168,cool,145,18.91,13.69,4.33,13.6,8.19,0.354,48,garden
45.7025,-122.8935,cool,148,16.59,9.56,4.03,13.68,10.31,0.404,50,garden
45.2704,-122.4014,cool,151,22.24,18.52,2.24,13.76,7.9,0.314,55,garden
45.5717,-122.6928,cool,154,21.99,15.91,1.19,13.82,8.99,0.314,48,garden
45.6769,-122.7721,cool,157,22.42,17.85,3.53,13.88,10.48,0.263,64,garden
45.6983,-122.7636,cool,160,22.42,19.29,4.84,13.93,1.3,0.353,69,garden
45.1568,-122.289,cool,163,17.21,9.72,4.74,13.96,6.69,0.395,68,garden
45.6464,-122.3898,cool,166,17.02,12.22,1.7,13.98,11.62,0.39,69,garden
45.8589,-122.6816,cool,169,22.72,15.87,3.24,14.0,8.16,0.281,60,garden
45.5928,-122.778,cool,172,18.72,12.15,2.73,14.0,3.83,0.333,82,garden
45.7106,-122.4801,cool,175,18.83,13.28,3.55,13.99,14.96,0.4,77,garden
45.4476,-122.6373,cool,178,20.78,16.23,0,13.97,11.79,0.138,75,walk
45.2311,-122.2376,cool,181,20.48,15.94,2.33,13.94,1.44,0.234,75,walk
45.1944,-122.2801,cool,184,19.85,12.94,2.28,13.9,5.62,0.241,82,walk
45.4642,-122.7119,cool,187,18.57,13.43,0.96,13.85,7.53,0.361,97,garden
45.1923,-122.4074,cool,190,19.38,13.54,1.47,13.79,10.27,0.202,98,walk
45.8683,-122.9717,cool,193,16.18,8.89,3.11,13.72,8.09,0.376,87,garden
45.1623,-122.7018,cool,196,20.75,14.18,1.7,13.64,5.63,0.226,96,walk
45.4721,-122.7742,cool,199,18.67,11.16,4.05,13.55,14.52,0.516,101,garden
45.6917,-122.8059,cool,202,20.43,15.79,2.26,13.45,7.83,0.248,110,walk
45.2961,-122.9949,cool,205,17.24,9.38,5.96,13.34,7.9,0.579,112,garden
45.401,-122.4095,cool,208,17.14,12.97,0.32,13.23,14.29,0.327,108,garden
45.1744,-122.263,cool,211,16.14,12.12,4.58,13.1,7.56,0.569,105,garden
45.5043,-122.4902,cool,214,19.28,13.68,1.91,12.96,4.32,0.4,106,garden
45.352,-122.3593,cool,217,15.83,9.87,5.22,12.82,10.25,0.439,116,garden
45.7161,-122.9128,cool,220,17.22,10.54,1.84,12.67,10.9,0.242,116,walk
45.4707,-122.318,cool,223,13.18,7.93,2.1,12.52,9.87,0.362,119,garden
45.3622,-122.927,cool,226,12.6,5.56,1.46,12.35,13.89,0.386,122,garden
45.7837,-122.5552,cool,229,13.03,8.25,0,12.18,7.49,0.239,124,walk
45.8861,-122.8954,cool,232,14.32,10.84,5.35,12.0,12.25,0.463,123,garden
45.16,-122.2023,cool,235,15.41,10.55,0.53,11.82,3.8,0.301,133,garden
45.8538,-122.9595,cool,238,11.1,4.87,2.82,11.64,6.36,0.522,138,garden
45.2718,-122.8503,cool,241,14.89,9.72,2.13,11.45,3.38,0.347,144,garden
45.8062,-122.6168,cool,244,10.44,3.02,5.21,11.25,9.2,0.529,143,garden
45.7417,-122.3641,cool,247,8.69,3.78,0,11.05,10.79,0.401,144,garden
45.4107,-122.8561,cool,250,13.5,6.59,0.91,10.85,11.88,0.324,158,garden
45.7135,-122.2003,cool,253,8.87,4.77,5.25,10.65,3.77,0.514,158,garden
45.8582,-122.5394,cool,256,12.18,8.68,1.63,10.45,5.37,0.442,147,garden
45.745,-122.4419,cool,259,11.62,6.68,8.17,10.24,3.11,0.648,156,walk
45.7694,-122.3517,cool,262,10.59,7.45,1.02,10.03,1.25,0.381,170,garden
45.5212,-122.9995,cool,265,10.31,4.6,1.45,9.83,8.99,0.305,174,garden
45.2182,-122.4362,cool,268,9.37,5.37,3.37,9.62,12.65,0.585,168,garden
45.3692,-122.7419,cool,271,4.1,0.55,0,9.42,7.37,0.313,173,wait
45.875,-122.4452,cool,274,8.5,1.83,0,9.21,10.21,0.341,174,garden
45.3356,-122.8578,cool,277,7.61,0.67,1.65,9.01,13.26,0.372,176,wait
45.3546,-122.353,cool,280,1.45,-5.06,0,8.81,4.55,0.486,188,garden
45.8859,-122.8657,cool,283,4.52,-1.68,3.06,8.62,10.85,0.513,175,wait
45.2996,-122.9458,cool,286,5.59,2.15,0.47,8.43,2.48,0.481,190,wait
45.4945,-122.697,cool,289,1.25,-2.29,3.18,8.24,8.03,0.64,184,wait
45.159,-122.3234,cool,292,2.44,-1.07,0,8.05,9.03,0.45,189,wait
45.16,-122.2465,cool,295,0.4,-4.19,1.95,7.88,7.53,0.476,197,wait
45.232,-122.2882,cool,298,3.98,-0.71,5.41,7.7,7.22,0.712,201,wait
45.3252,-122.81,cool,301,-1.44,-4.95,1.56,7.54,10.5,0.585,208,wait
45.7591,-122.4999,cool,304,-2.56,-8.42,1.82,7.38,6.05,0.545,207,wait
45.3467,-122.682,cool,307,-0.44,-3.92,1.96,7.23,13.5,0.649,212,wait
45.4566,-122.7894,cool,310,-0.82,-7.13,3.31,7.08,10.72,0.563,212,wait
45.375,-122.5668,cool,313,-1.38,-5.51,1.12,6.94,9.42,0.574,206,wait
45.6497,-122.2509,cool,316,1.27,-4.68,0,6.82,5.47,0.498,219,wait
45.8204,-122.3596,cool,319,-1.48,-5.66,0.59,6.69,11.82,0.569,210,wait
45.7468,-122.8991,cool,322,-1.19,-7.29,3.65,6.58,12.62,0.582,217,wait
45.8286,-122.2687,cool,325,-3.02,-10.96,0,6.48,13.43,0.513,234,wait
45.1099,-122.4397,cool,328,-5.44,-10.38,0,6.39,10.14,0.473,232,wait
45.8517,-122.2601,cool,331,-2.57,-9.47,2.07,6.3,9.48,0.599,239,wait
45.6238,-122.5424,cool,334,-2.94,-6.44,0.64,6.23,12.83,0.488,237,wait
45.6524,-122.9606,cool,337,-3.67,-7.53,0,6.17,11.18,0.532,239,walk
45.4933,-122.4431,cool,340,-3.81,-8.16,0,6.11,10.61,0.556,239,wait
45.4334,-122.4836,cool,343,-6.21,-13.55,4.79,6.07,16.09,0.756,243,wait
45.5122,-122.8728,cool,346,-5.77,-9.82,2.67,6.04,2.12,0.708,247,wait
45.8001,-122.8394,cool,349,-5.09,-10.63,3.77,6.01,13.88,0.778,239,wait
45.5041,-122.4917,cool,352,-6.65,-9.81,3.0,6.0,9.18,0.623,253,wait
45.3798,-122.8692,cool,355,-6.25,-9.41,0,6.0,11.86,0.464,260,wait
45.7239,-122.8285,cool,358,-1.6,-8.35,0.59,6.01,4.96,0.477,253,wait
45.2059,-122.8614,cool,361,-5.58,-9.7,1.98,6.03,13.6,0.621,251,wait
45.8164,-122.3187,cool,364,-2.01,-6.13,0,6.06,1.97,0.518,274,wait
45.5092,-122.4701,cool,1,-3.98,-8.07,0.42,6.09,12.59,0.545,-91,wait
45.369,-122.7788,cool,4,-1.53,-6.4,0,6.14,3.62,0.429,-103,wait
45.7124,-122.2803,cool,7,-4.46,-8.85,0,6.2,0.2,0.536,-97,wait
45.898,-122.7925,cool,10,-1.37,-8.39,0,6.26,4.54,0.503,-100,wait
45.6707,-122.4509,cool,13,-3.46,-8.4,4.26,6.34,9.38,0.721,-91,wait
45.8012,-122.8551,cool,16,-1.87,-7.25,2.96,6.43,6.63,0.581,-89,wait
45.8197,-122.4765,cool,19,-4.82,-8.46,1.0,6.53,15.26,0.613,-86,wait
45.3352,-122.319,cool,22,-3.75,-7.87,2.64,6.64,4.98,0.706,-77,wait
45.794,-122.6947,cool,25,-1.92,-9.25,0,6.75,3.18,0.388,-79,wait
45.8143,-122.2107,cool,28,-2.57,-5.84,1.86,6.88,6.28,0.515,-69,wait
45.1464,-122.6384,cool,31,-3.1,-10.42,1.55,7.01,9.49,0.533,-74,wait
45.447,-122.6565,cool,34,-2.28,-9.15,0.16,7.15,6.92,0.543,-74,wait
45.7055,-122.5752,cool,37,-0.52,-5.91,3.67,7.3,8.14,0.686,-73,wait
45.4068,-122.5291,cool,40,-2.52,-5.54,1.05,7.46,5.15,0.61,-61,wait
45.4469,-122.4506,cool,43,-1.13,-8.25,0.71,7.62,11.17,0.545,-48,wait
45.6817,-122.895,cool,46,-0.83,-8.81,0,7.79,8.41,0.393,-52,wait
45.6123,-122.383,cool,49,3.3,-2.65,2.13,7.97,11.34,0.545,-60,wait
45.4334,-122.6958,cool,52,3.18,-2.79,2.11,8.15,8.57,0.583,-57,wait
45.1808,-122.5838,cool,55,3.28,-2.09,2.96,8.33,13.06,0.583,-46,wait
45.1912,-122.915,cool,58,4.3,-2.2,0,8.52,12.18,0.399,-33,wait
45.1315,-122.6029,cool,61,2.34,-1.66,1.0,8.71,12.85,0.411,-36,wait
45.6352,-122.8807,cool,64,2.98,-4.68,1.13,8.91,8.26,0.503,-43,wait
45.8818,-122.7887,cool,67,2.88,-2.68,1.05,9.11,6.18,0.418,-36,wait
45.1927,-122.319,cool,70,3.24,-3.82,3.95,9.31,2.44,0.579,-30,wait
45.3146,-122.4135,cool,73,8.9,5.85,3.06,9.52,12.41,0.458,-23,wait
45.4826,-122.6626,cool,76,6.41,1.7,2.73,9.72,10.65,0.498,-22,wait
45.829,-122.6139,cool,79,10.11,6.28,3.37,9.93,12.76,0.588,-26,wait
45.4905,-122.2899,cool,82,8.83,3.64,0,10.14,3.52,0.362,-24,walk
45.5613,-122.548,cool,85,8.68,5.36,2.32,10.34,7.48,0.531,-9,walk
45.6813,-122.6145,cool,88,12.51,6.17,1.22,10.55,12.14,0.395,-19,walk
45.6147,-122.8745,cool,91,11.24,5.03,4.73,10.75,14.02,0.624,0,walk
45.3225,-122.5945,cool,94,12.96,5.7,3.04,10.95,6.85,0.438,-9,walk
45.7853,-122.6423,cool,97,11.76,6.87,2.83,11.15,6.52,0.433,5,walk
45.7607,-122.3666,cool,100,9.76,4.28,1.97,11.35,6.47,0.409,7,walk
45.3907,-122.9566,cool,103,15.41,9.22,4.48,11.54,4.73,0.512,7,walk
45.1912,-122.3925,cool,106,11.53,6.26,0,11.73,5.95,0.3,7,walk
45.1851,-122.2825,cool,109,12.08,7.37,4.99,11.91,1.06,0.507,15,garden
45.8442,-122.6857,cool,112,14.24,7.13,2.4,12.09,3.9,0.343,8,walk
45.571,-122.3823,cool,115,14.54,7.64,2.3,12.27,6.13,0.366,25,garden
45.5426,-122.6538,cool,118,15.0,8.71,3.54,12.43,7.42,0.439,24,garden
45.2027,-122.6901,cool,121,16.29,8.67,3.35,12.59,0.61,0.452,16,garden
45.8709,-122.2236,cool,124,16.85,9.43,0.53,12.75,7.9,0.362,21,garden
45.5382,-122.7489,cool,127,16.4,12.73,0,12.89,11.24,0.295,26,garden
45.2061,-122.4317,cool,130,18.52,12.75,2.78,13.03,10.69,0.4,31,garden
45.5662,-122.2459,cool,133,20.34,16.45,0,13.16,6.5,0.238,34,walk
45.5182,-122.9798,cool,136,19.12,12.75,4.44,13.29,4.94,0.509,39,garden
45.2171,-122.9504,cool,139,16.07,9.72,3.53,13.4,14.33,0.358,38,garden
45.6916,-122.3081,cool,142,20.22,16.2,0.68,13.5,7.04,0.222,51,walk
45.1376,-122.6947,cool,145,20.25,14.44,2.77,13.6,14.98,0.395,44,garden
45.7951,-122.3116,cool,148,18.55,11.61,0.44,13.68,1.54,0.151,46,walk
45.5827,-122.3791,cool,151,18.94,14.81,0.4,13.76,3.31,0.207,59,walk
45.1955,-122.9675,cool,154,22.26,17.79,3.83,13.82,13.44,0.301,49,garden
45.2238,-122.877,cool,157,18.32,13.99,4.55,13.88,14.56,0.35,61,garden
45.5401,-122.9417,cool,160,18.71,15.46,5.02,13.93,5.72,0.499,65,garden
45.5296,-122.9264,cool,163,21.13,15.5,4.84,13.96,6.71,0.485,58,garden
45.8973,-122.341,cool,166,18.28,14.21,1.57,13.98,11.29,0.244,75,walk
45.2951,-122.9681,cool,169,22.88,19.83,1.44,14.0,4.21,0.317,78,garden
45.7577,-122.7,cool,172,22.31,17.41,2.78,14.0,6.12,0.261,71,garden
45.1768,-122.2227,cool,175,21.79,16.56,6.61,13.99,10.33,0.447,81,walk
45.4394,-122.9169,cool,178,21.56,15.89,1.54,13.97,6.03,0.283,74,garden
45.223,-122.6326,cool,181,20.06,13.54,5.92,13.94,6.97,0.524,73,garden
45.8288,-122.6739,cool,184,18.7,15.26,5.85,13.9,10.38,0.52,92,garden
45.5947,-122.3952,cool,187,19.27,14.25,1.69,13.85,11.63,0.218,77,walk
45.3252,-122.2586,cool,190,19.89,13.39,6.62,13.79,12.04,0.454,89,walk
45.7796,-122.764,cool,193,18.46,11.35,3.64,13.72,8.45,0.345,95,garden
45.8596,-122.5572,cool,196,19.73,15.24,6.43,13.64,1.24,0.598,106,walk
45.6986,-122.2772,cool,199,18.99,15.37,5.19,13.55,8.17,0.48,91,garden
45.3022,-122.9083,cool,202,17.42,12.36,1.04,13.45,4.19,0.217,99,walk
45.5397,-122.7675,cool,205,19.06,13.22,5.64,13.34,10.24,0.592,112,garden
45.2876,-122.7719,cool,208,15.08,11.59,2.15,13.23,3.43,0.335,102,garden
45.5535,-122.3538,cool,211,14.72,10.75,0.72,13.1,8.32,0.334,119,garden
45.7721,-122.8926,cool,214,19.65,15.8,1.14,12.96,14.47,0.304,124,garden
45.6164,-122.9344,cool,217,17.86,10.48,0.67,12.82,8.87,0.221,124,walk
45.1603,-122.9851,cool,220,14.7,7.57,3.53,12.67,6.33,0.489,130,garden
45.5348,-122.201,cool,223,15.59,12.43,0.73,12.52,5.99,0.309,114,garden
45.5009,-122.9276,cool,226,14.89,8.01,1.55,12.35,10.12,0.396,125,garden
45.2123,-122.8726,cool,229,13.73,10.67,2.86,12.18,18.29,0.518,124,walk
45.2854,-122.7885,cool,232,14.41,8.58,3.28,12.0,6.38,0.48,133,walk
45.1319,-122.4812,cool,235,11.87,5.53,0,11.82,7.21,0.279,139,garden
45.2391,-122.4771,cool,238,10.53,2.69,1.43,11.64,5.62,0.438,146,garden
45.3823,-122.3058,cool,241,11.53,5.27,3.73,11.45,3.86,0.468,138,garden
45.5116,-122.7754,cool,244,11.68,6.27,0.63,11.25,5.12,0.263,139,garden
45.6762,-122.6148,cool,247,9.07,5.28,0,11.05,3.59,0.369,150,garden
45.5739,-122.8922,cool,250,10.44,6.38,4.5,10.85,14.43,0.449,141,garden
45.5795,-122.5491,cool,253,10.03,2.58,3.23,10.65,9.92,0.571,159,garden
45.4771,-122.6147,cool,256,6.45,-0.15,1.64,10.45,5.22,0.369,160,wait
45.3116,-122.4207,cool,259,7.04,1.98,4.15,10.24,12.13,0.623,168,walk
45.7877,-122.5965,cool,262,7.16,1.89,1.28,10.03,6.44,0.402,155,garden
45.5251,-122.3981,cool,265,7.0,3.25,3.07,9.83,10.59,0.539,156,wait
45.4365,-122.3001,cool,268,4.42,-1.87,3.23,9.62,5.12,0.457,178,wait
45.6931,-122.3908,cool,271,7.44,2.29,3.32,9.42,6.27,0.577,172,wait
45.8014,-122.6731,cool,274,6.82,3.33,2.72,9.21,11.4,0.447,166,wait
45.2643,-122.3566,cool,277,3.17,-3.38,1.84,9.01,2.91,0.426,167,wait
45.3925,-122.7796,cool,280,3.89,0.36,0,8.81,10.38,0.354,187,wait
45.487,-122.2092,cool,283,4.94,-1.84,0,8.62,11.63,0.385,184,wait
45.4573,-122.4406,cool,286,3.74,-3.13,0.33,8.43,9.3,0.492,179,wait
45.8717,-122.9958,cool,289,0.68,-3.39,0,8.24,10.13,0.452,180,wait
45.5872,-122.4204,cool,292,-0.29,-4.02,3.11,8.05,6.08,0.522,189,wait
45.7562,-122.4878,cool,295,4.22,-0.79,0.29,7.88,5.27,0.504,186,wait
45.5084,-122.4412,cool,298,0.75,-3.26,0,7.7,1.98,0.398,189,wait
45.7237,-122.7175,cool,301,1.31,-5.06,0,7.54,12.5,0.529,193,wait
45.6809,-122.5527,cool,304,-0.49,-6.42,0,7.38,7.27,0.37,196,wait
45.5599,-122.7911,cool,307,0.18,-4.56,1.77,7.23,5.37,0.629,211,wait
45.8009,-122.3495,cool,310,-1.31,-4.84,2.7,7.08,9.47,0.691,216,wait
45.4671,-122.6314,cool,313,-0.72,-7.19,3.72,6.94,6.91,0.699,213,wait
45.2839,-122.7474,cool,316,-1.03,-4.17,1.76,6.82,9.0,0.578,213,wait
45.699,-122.7264,cool,319,0.82,-4.77,4.97,6.69,8.46,0.638,211,wait
45.6465,-122.2721,cool,322,-1.92,-5.82,0.65,6.58,10.59,0.521,217,wait
45.7691,-122.7152,cool,325,-2.57,-6.56,0.83,6.48,0.09,0.465,221,wait
45.5332,-122.9662,cool,328,-1.17,-4.77,5.6,6.39,12.73,0.743,218,wait
45.8875,-122.2672,cool,331,-3.2,-9.3,0,6.3,8.56,0.569,229,wait
45.1261,-122.7222,cool,334,-4.63,-8.74,0.61,6.23,7.38,0.598,239,wait
45.1095,-122.8314,cool,337,-1.34,-8.22,0.22,6.17,8.54,0.482,237,wait
45.8668,-122.7255,cool,340,-3.18,-7.81,0.02,6.11,5.98,0.501,237,wait
45.2439,-122.8951,cool,343,-5.69,-10.81,0,6.07,11.25,0.494,245,wait
45.2569,-122.36,cool,346,-3.44,-7.58,2.48,6.04,9.86,0.564,249,wait
45.6764,-122.3717,cool,349,-2.53,-7.89,3.29,6.01,8.26,0.573,259,wait
45.3034,-122.3288,cool,352,-5.19,-11.01,0,6.0,6.33,0.553,243,wait
45.4294,-122.7191,cool,355,-6.42,-13.14,1.08,6.0,11.77,0.596,253,wait
45.6386,-122.61,cool,358,-2.89,-8.92,0,6.01,5.31,0.494,257,wait
45.6125,-122.2571,cool,361,-2.49,-9.94,0,6.03,10.23,0.507,255,wait
45.3535,-122.7669,cool,364,-4.28,-10.34,0,6.06,12.91,0.419,264,wait
45.5167,-122.6398,cool,1,-5.13,-11.35,0.91,6.09,12.3,0.632,-98,wait
45.4176,-122.9236,cool,4,-5.58,-12.86,2.23,6.14,10.07,0.582,-104,wait
45.5945,-122.9326,cool,7,-0.79,-6.16,4.44,6.2,10.28,0.687,-101,wait
45.7708,-122.9771,cool,10,-0.62,-5.57,1.62,6.26,14.49,0.527,-96,wait
45.5388,-122.8919,cool,13,-1.99,-9.29,0.16,6.34,12.05,0.578,-80,wait
45.6118,-122.573,cool,16,-0.01,-5.71,0,6.43,5.61,0.5,-76,wait
45.3429,-122.9999,cool,19,0.04,-5.36,1.32,6.53,9.71,0.477,-78,wait
45.4817,-122.9927,cool,22,-0.2,-7.43,0,6.64,11.74,0.354,-73,wait
45.4497,-122.8001,cool,25,-2.16,-6.62,1.23,6.75,8.48,0.513,-72,wait
45.7116,-122.272,cool,28,-0.07,-6.3,1.87,6.88,5.51,0.46,-62,wait
45.1548,-122.8907,cool,31,0.88,-5.54,0.49,7.01,14.44,0.525,-66,wait
45.8758,-122.9823,cool,34,-2.88,-8.15,0,7.15,9.82,0.484,-66,wait
45.4949,-122.7265,cool,37,2.74,-1.67,2.72,7.3,11.04,0.453,-71,wait
45.7005,-122.8831,cool,40,-0.76,-7.75,3.43,7.46,7.94,0.689,-60,wait
45.7626,-122.9024,cool,43,-0.54,-5.5,0,7.62,7.32,0.536,-59,wait
45.6883,-122.9248,cool,46,2.98,-1.27,1.49,7.79,3.71,0.535,-63,wait
45.1337,-122.2501,cool,49,2.89,-1.15,0,7.97,14.54,0.501,-56,wait
45.2888,-122.6527,cool,52,2.56,-1.7,0.34,8.15,5.96,0.513,-52,wait
45.6526,-122.4493,cool,55,0.08,-6.89,0,8.33,5.96,0.398,-54,wait
45.8976,-122.4999,cool,58,1.49,-5.36,1.22,8.52,12.71,0.529,-42,wait
45.5467,-122.4843,cool,61,1.5,-4.72,0.13,8.71,1.25,0.363,-42,wait
45.1316,-122.4347,cool,64,3.82,-3.64,1.16,8.91,7.17,0.436,-42,wait
45.3203,-122.3349,cool,67,5.69,-0.02,0,9.11,8.32,0.388,-33,wait
45.4633,-122.3793,cool,70,8.43,2.66,2.25,9.31,8.97,0.416,-32,wait
45.6768,-122.4734,cool,73,6.59,-0.08,3.26,9.52,4.27,0.504,-18,wait
45.4278,-122.7424,cool,76,7.41,2.47,0,9.72,7.29,0.368,-15,wait
45.4883,-122.921,cool,79,5.37,-0.92,5.74,9.93,10.56,0.605,-30,wait
45.5848,-122.9433,cool,82,8.84,1.66,1.16,10.14,3.91,0.438,-20,wait
45.5464,-122.2494,cool,85,11.61,7.57,0,10.34,8.45,0.221,-5,walk
45.7676,-122.9377,cool,88,9.14,4.3,1.54,10.55,0.8,0.366,-21,walk
45.299,-122.4997,cool,91,8.55,2.96,3.67,10.75,9.72,0.503,-13,walk
45.662,-122.6583,cool,94,8.94,2.19,1.69,10.95,8.96,0.45,-5,walk
45.4544,-122.7181,cool,97,9.09,2.12,0.25,11.15,6.54,0.38,4,walk
45.3588,-122.8074,cool,100,10.94,2.98,1.63,11.35,11.44,0.447,3,walk
45.4177,-122.4189,cool,103,12.9,8.03,0,11.54,5.95,0.261,7,walk
45.2719,-122.7481,cool,106,16.09,10.11,0,11.73,6.6,0.209,5,walk
45.2238,-122.9698,cool,109,15.37,7.66,4.47,11.91,0.06,0.484,17,garden
45.4198,-122.2657,cool,112,13.41,9.72,0.73,12.09,11.92,0.265,11,walk
45.1763,-122.4862,cool,115,16.21,9.59,2.83,12.27,5.62,0.454,23,garden
45.7537,-122.6668,cool,118,12.53,5.48,0,12.43,12.72,0.378,18,garden
45.6058,-122.9567,cool,121,17.99,10.64,2.92,12.59,13.76,0.392,11,walk
45.6853,-122.6857,cool,124,16.39,11.79,0.87,12.75,6.59,0.328,18,garden
45.3689,-122.6193,cool,127,16.36,10.38,1.08,12.89,7.92,0.258,29,garden
45.4847,-122.8415,cool,130,18.57,12.83,2.34,13.03,12.02,0.322,24,garden
45.7214,-122.7413,cool,133,16.86,11.01,0,13.16,2.88,0.244,30,walk
45.6243,-122.3843,cool,136,20.4,16.95,1.51,13.29,4.3,0.24,36,walk
45.2597,-122.7009,cool,139,16.21,11.46,4.07,13.4,1.51,0.475,43,wait
45.7561,-122.989,cool,142,20.06,12.79,3.01,13.5,8.87,0.44,36,garden
45.5371,-122.3997,cool,145,19.96,16.4,2.09,13.6,8.26,0.247,52,walk
45.6308,-122.9652,cool,148,19.34,13.23,5.58,13.68,7.7,0.521,50,garden
45.1533,-122.4717,cool,151,17.3,12.88,3.18,13.76,2.62,0.303,61,garden
45.8838,-122.5932,cool,154,20.45,12.89,1.89,13.82,9.47,0.247,64,walk
45.4664,-122.2589,cool,157,20.9,13.38,0,13.88,8.52,0.106,53,walk
45.3815,-122.4998,cool,160,16.9,12.67,0.73,13.93,7.34,0.254,55,garden
45.7519,-122.9764,cool,163,18.3,10.41,0,13.96,7.94,0.246,65,walk
45.5166,-122.4576,cool,166,20.28,15.88,4.97,13.98,14.96,0.476,58,garden
45.3634,-122.5662,cool,169,22.23,15.79,0.24,14.0,10.59,0.169,68,walk
45.8189,-122.2723,cool,172,18.24,14.55,0,14.0,6.16,0.295,71,garden
45.5459,-122.2411,cool,175,19.56,12.01,2.87,13.99,2.2,0.362,70,garden
45.3427,-122.4035,cool,178,17.63,13.04,4.84,13.97,3.58,0.525,81,garden
45.71,-122.5104,cool,181,21.76,15.58,2.42,13.94,5.71,0.236,75,walk
45.7239,-122.8927,cool,184,18.31,12.48,2.67,13.9,10.89,0.392,85,garden
45.2546,-122.9742,cool,187,21.64,16.29,1.75,13.85,5.94,0.244,92,walk
45.1529,-122.2583,cool,190,20.97,17.89,2.24,13.79,12.1,0.349,86,garden
45.721,-122.5137,cool,193,22.08,14.75,0.73,13.72,8.22,0.202,90,walk
45.8006,-122.3705,cool,196,20.87,14.27,0,13.64,13.84,0.203,103,walk
45.8871,-122.9686,cool,199,18.78,13.52,2.77,13.55,6.96,0.453,105,garden
45.3287,-122.8668,cool,202,17.68,10.86,3.76,13.45,7.4,0.405,101,garden
45.6781,-122.9095,cool,205,16.8,9.2,0.91,13.34,0.04,0.278,115,garden
45.5723,-122.4299,cool,208,19.35,11.66,2.14,13.23,5.97,0.298,112,walk
45.1988,-122.9087,cool,211,15.51,10.24,2.5,13.1,14.14,0.462,106,garden
45.2279,-122.5597,cool,214,16.59,11.78,0.55,12.96,7.41,0.328,120,garden
45.2431,-122.4304,cool,217,13.73,9.88,0.43,12.82,14.97,0.373,112,garden
45.8683,-122.9972,cool,220,15.53,10.99,2.75,12.67,3.68,0.419,113,garden
45.2903,-122.5289,cool,223,17.14,14.08,0.15,12.52,8.07,0.305,132,garden
45.6029,-122.3439,cool,226,14.91,9.86,4.88,12.35,10.59,0.456,133,garden
45.7704,-122.7612,cool,229,12.79,8.86,4.24,12.18,9.26,0.431,120,garden
45.6599,-122.5422,cool,232,16.54,13.29,1.41,12.0,9.25,0.348,141,garden
45.818,-122.3438,cool,235,13.84,6.01,2.49,11.82,4.22,0.309,134,garden
45.431,-122.8321,cool,238,14.46,7.25,4.57,11.64,9.79,0.422,136,garden
45.6509,-122.2529,cool,241,10.59,7.3,0,11.45,3.17,0.323,133,garden
45.2038,-122.5499,cool,244,14.67,10.24,1.15,11.25,5.8,0.329,153,garden
45.1013,-122.9808,cool,247,11.28,5.12,1.24,11.05,8.12,0.393,146,garden
45.5483,-122.49,cool,250,11.32,7.73,4.57,10.85,2.15,0.637,153,walk
45.7136,-122.9089,cool,253,7.02,3.02,1.8,10.65,14.93,0.414,159,walk
45.3703,-122.462,cool,256,8.34,3.36,0,10.45,3.74,0.412,152,garden
45.47,-122.3487,cool,259,11.22,4.23,1.1,10.24,4.37,0.39,166,garden
45.2666,-122.4516,cool,262,10.67,7.39,0,10.03,7.32,0.352,169,garden
45.4002,-122.5726,cool,265,9.28,1.84,0,9.83,16.41,0.29,155,garden
45.3516,-122.9747,cool,268,4.86,-1.17,1.58,9.62,9.84,0.525,167,wait
45.24,-122.7006,cool,271,5.73,0.25,1.37,9.42,12.37,0.537,167,wait
45.3721,-122.6132,cool,274,2.86,-1.15,3.18,9.21,10.61,0.633,180,wait
45.2062,-122.4203,cool,277,7.28,2.73,0,9.01,14.06,0.279,183,wait
45.3666,-122.2887,cool,280,4.2,-2.37,1.02,8.81,7.95,0.535,189,wait
45.3567,-122.846,cool,283,1.47,-5.36,1.19,8.62,7.15,0.543,193,wait
45.8666,-122.5523,cool,286,1.94,-2.66,0.27,8.43,8.72,0.369,184,wait
45.237,-122.7509,cool,289,0.33,-5.38,0,8.24,7.03,0.535,188,wait
45.143,-122.6588,cool,292,4.52,-1.18,1.66,8.05,8.3,0.557,183,wait
45.3659,-122.8415,cool,295,-0.29,-6.28,0,7.88,3.81,0.494,204,wait
45.7503,-122.2642,cool,298,2.67,-4.38,5.19,7.7,12.29,0.729,206,wait
45.215,-122.2834,cool,301,0.43,-4.85,0,7.54,2.23,0.438,198,wait
45.1242,-122.6197,cool,304,-1.31,-6.13,3.02,7.38,16.16,0.583,204,wait
45.4245,-122.4286,cool,307,-1.21,-6.52,2.83,7.23,14.01,0.628,201,wait
45.5967,-122.5616,cool,310,-3.11,-8.89,2.73,7.08,9.46,0.618,218,wait
45.3738,-122.4447,cool,313,1.68,-3.24,0,6.94,14.18,0.447,216,wait
45.4703,-122.5559,cool,316,-3.52,-9.86,0.99,6.82,1.7,0.611,209,wait
45.4031,-122.6046,cool,319,0.02,-3.86,1.93,6.69,7.58,0.468,228,wait
45.7057,-122.4713,cool,322,-1.29,-4.74,2.91,6.58,0.37,0.692,232,wait
45.7355,-122.4564,cool,325,-2.84,-7.3,0,6.48,5.11,0.427,225,wait
45.4234,-122.898,cool,328,-0.33,-8.01,0.31,6.39,0.7,0.568,236,garden
45.3258,-122.9751,cool,331,-4.33,-9.17,0.57,6.3,7.6,0.573,232,wait
45.63,-122.6201,cool,334,-3.72,-9.67,0,6.23,3.53,0.478,237,wait
45.1574,-122.9874,cool,337,-5.38,-10.3,4.61,6.17,4.5,0.678,231,wait
45.7881,-122.2851,cool,340,-2.34,-7.77,0,6.11,12.71,0.396,250,wait
45.2806,-122.6602,cool,343,-2.62,-10.27,0,6.07,4.92,0.468,247,wait
45.1268,-122.9697,cool,346,-6.85,-12.34,0.82,6.04,1.73,0.531,253,wait
45.8869,-122.3769,cool,349,-4.06,-8.9,0,6.01,3.06,0.417,255,wait
45.5314,-122.5363,cool,352,-4.2,-7.6,1.86,6.0,6.9,0.59,244,wait
45.3652,-122.7177,cool,355,-3.32,-10.84,0.91,6.0,7.87,0.528,260,wait
45.551,-122.9509,cool,358,-1.1,-5.57,2.73,6.01,13.36,0.62,257,wait
45.166,-122.5955,cool,361,-4.07,-7.91,6.98,6.03,11.88,0.911,270,walk
45.5831,-122.2719,cool,364,-1.71,-6.09,2.29,6.06,10.4,0.658,254,wait
45.7395,-122.3104,cool,1,-2.3,-8.6,0.35,6.09,9.81,0.553,-102,wait
45.4304,-122.6935,cool,4,-4.53,-7.95,4.06,6.14,15.37,0.64,-91,wait
45.7044,-122.9072,cool,7,-2.45,-9.08,2.5,6.2,12.56,0.674,-102,wait
45.6468,-122.6879,cool,10,-5.2,-10.19,0.15,6.26,14.28,0.573,-83,wait
45.8694,-122.4537,cool,13,-4.39,-10.05,0,6.34,9.32,0.564,-85,wait
45.368,-122.7863,cool,16,-5.46,-13.05,0,6.43,0.4,0.505,-74,wait
45.516,-122.4578,cool,19,-4.82,-11.09,0,6.53,12.35,0.56,-73,wait
45.1831,-122.6432,cool,22,0.87,-3.69,1.46,6.64,8.03,0.426,-75,wait
45.7684,-122.2396,cool,25,-3.42,-7.84,1.35,6.75,8.82,0.479,-66,wait
45.8737,-122.2832,cool,28,-0.54,-7.08,4.07,6.88,13.39,0.586,-62,wait
45.6538,-122.4659,cool,31,0.21,-4.06,0,7.01,9.93,0.475,-71,wait
45.148,-122.2355,cool,34,1.08,-3.21,1.51,7.15,4.84,0.424,-64,wait
45.1867,-122.5675,cool,37,-1.51,-6.71,0,7.3,8.48,0.491,-68,wait
45.5571,-122.7995,cool,40,-0.04,-6.11,2.9,7.46,10.67,0.547,-69,wait
45.66,-122.2763,cool,43,0.54,-6.94,2.9,7.62,12.6,0.675,-55,wait
45.1026,-122.2367,cool,46,1.82,-3.76,3.36,7.79,6.29,0.582,-62,wait
45.6058,-122.2329,cool,49,3.8,-1.61,0,7.97,4.16,0.374,-52,wait
45.2413,-122.9685,cool,52,-0.02,-5.69,1.99,8.15,7.6,0.542,-49,wait
45.8082,-122.6496,cool,55,2.3,-1.66,0,8.33,0.03,0.447,-44,wait
45.5324,-122.7538,cool,58,1.7,-1.48,7.82,8.52,10.13,0.768,-40,wait
45.6768,-122.6756,cool,61,4.35,-2.82,0,8.71,12.15,0.303,-48,wait
45.5635,-122.2601,cool,64,3.01,-3.26,0,8.91,6.63,0.486,-29,wait
45.619,-122.9885,cool,67,2.56,-1.15,0,9.11,4.28,0.502,-42,wait
45.754,-122.9087,cool,70,6.74,-0.78,1.59,9.31,6.37,0.467,-22,wait
45.8807,-122.5392,cool,73,7.13,1.05,2.44,9.52,9.04,0.45,-25,wait
45.3191,-122.394,cool,76,5.0,-2.18,2.11,9.72,1.45,0.512,-24,wait
45.7779,-122.51,cool,79,5.8,0.95,1.96,9.93,10.57,0.492,-27,wait
45.575,-122.773,cool,82,10.08,7.0,2.28,10.14,8.04,0.374,-26,walk
45.4296,-122.2495,cool,85,10.19,3.23,1.47,10.34,8.31,0.325,-17,walk
45.341,-122.665,cool,88,10.31,7.12,3.5,10.55,12.26,0.586,-2,walk
45.4714,-122.4988,cool,91,10.6,6.65,7.97,10.75,7.08,0.74,-2,walk
45.2278,-122.2619,cool,94,9.11,5.85,3.36,10.95,9.48,0.573,-1,walk
45.142,-122.5701,cool,97,8.79,3.96,2.88,11.15,10.95,0.508,1,garden
45.3608,-122.841,cool,100,10.0,6.85,1.74,11.35,7.86,0.359,4,walk
45.4004,-122.8235,cool,103,13.69,9.06,2.82,11.54,4.5,0.34,6,walk
45.3988,-122.6338,cool,106,13.02,7.6,3.36,11.73,6.58,0.541,10,walk
45.2092,-122.3187,cool,109,11.91,7.12,2.28,11.91,11.59,0.321,17,garden
45.8245,-122.5375,cool,112,14.03,10.18,0.19,12.09,14.94,0.305,22,garden
45.7696,-122.7767,cool,115,15.12,10.97,0.44,12.27,10.56,0.355,11,walk
45.831,-122.2814,cool,118,16.68,10.0,2.54,12.43,11.56,0.384,26,garden
45.4834,-122.3616,cool,121,15.29,12.07,5.75,12.59,7.64,0.547,24,garden
45.2062,-122.7634,cool,124,18.17,12.91,2.65,12.75,13.11,0.258,27,garden
45.1195,-122.6361,cool,127,17.57,14.12,0.81,12.89,8.43,0.311,35,garden
45.1011,-122.4982,cool,130,18.73,11.36,0,13.03,11.96,0.19,34,walk
45.7356,-122.3698,cool,133,16.8,10.35,0.85,13.16,7.35,0.333,42,garden
45.1888,-122.7075,cool,136,15.34,7.94,2.44,13.29,6.66,0.469,37,garden
45.3679,-122.5683,cool,139,18.91,14.08,3.66,13.4,12.56,0.31,35,garden
45.8183,-122.5971,cool,142,19.4,12.72,2.56,13.5,0.1,0.376,39,garden
45.5255,-122.3397,cool,145,18.33,15.06,0.97,13.6,11.15,0.27,38,garden
45.8072,-122.9302,cool,148,21.45,16.19,0.48,13.68,12.41,0.244,40,walk
45.4971,-122.3,cool,151,18.62,14.73,3.27,13.76,7.58,0.314,44,garden
45.4361,-122.4098,cool,154,19.6,13.46,1.08,13.82,18.19,0.267,48,walk
45.4294,-122.7258,cool,157,16.77,12.82,6.06,13.88,8.99,0.611,63,walk
45.5538,-122.2814,cool,160,20.65,16.02,0,13.93,4.58,0.26,64,garden
45.3275,-122.235,cool,163,18.72,11.77,2.78,13.96,11.82,0.313,54,garden
45.1935,-122.205,cool,166,20.66,16.86,1.26,13.98,7.44,0.19,60,walk
45.2184,-122.6413,cool,169,20.44,15.23,1.57,14.0,9.98,0.315,69,garden
45.8422,-122.8752,cool,172,22.85,17.18,2.82,14.0,8.62,0.392,66,garden
45.7033,-122.2047,cool,175,22.8,17.07,0,13.99,7.73,0.124,74,walk
45.8201,-122.8885,cool,178,20.92,13.92,1.89,13.97,0.96,0.251,71,garden
45.5865,-122.8439,cool,181,20.14,15.6,0,13.94,12.44,0.187,73,walk
45.8661,-122.2193,cool,184,19.87,12.96,2.64,13.9,5.38,0.25,88,garden
45.6728,-122.6579,cool,187,18.93,13.48,0.59,13.85,5.11,0.154,88,walk
45.6823,-122.6446,cool,190,18.7,15.64,1.54,13.79,10.84,0.282,97,garden
45.4314,-122.3316,cool,193,22.12,15.11,1.63,13.72,15.03,0.349,96,garden
45.8681,-122.3951,cool,196,19.51,15.8,0.54,13.64,19.28,0.238,96,walk
45.2095,-122.8512,cool,199,16.19,11.14,4.28,13.55,5.88,0.473,107,garden
45.6919,-122.8204,cool,202,17.65,11.88,6.11,13.45,9.96,0.602,101,walk
45.8141,-122.6663,cool,205,19.78,16.01,1.61,13.34,13.44,0.311,98,garden
45.3894,-122.6156,cool,208,17.63,11.19,2.53,13.23,10.02,0.312,100,garden
45.5602,-122.3238,cool,211,16.92,12.63,0.38,13.1,1.96,0.321,112,garden
45.3889,-122.491,cool,214,14.87,11.58,0.76,12.96,15.44,0.229,109,walk
45.2466,-122.9244,cool,217,19.2,15.95,1.76,12.82,13.52,0.213,113,walk
45.6584,-122.71,cool,220,17.53,11.81,5.11,12.67,2.62,0.523,119,garden
45.8367,-122.8696,cool,223,15.75,10.99,3.17,12.52,9.7,0.368,128,garden
45.67,-122.4382,cool,226,13.36,7.84,4.25,12.35,1.79,0.507,132,garden
45.3493,-122.7099,cool,229,16.36,11.27,3.36,12.18,7.0,0.34,119,garden
45.2779,-122.3145,cool,232,15.92,8.47,0,12.0,4.09,0.219,131,wait
45.7198,-122.3941,cool,235,11.33,7.19,3.25,11.82,9.5,0.386,128,garden
45.1346,-122.7587,cool,238,10.17,6.63,3.14,11.64,3.37,0.392,131,garden
45.3812,-122.9274,cool,241,9.4,5.92,4.43,11.45,11.81,0.572,137,garden
45.5904,-122.5961,cool,244,13.83,6.12,4.25,11.25,6.83,0.422,150,garden
45.7032,-122.9965,cool,247,8.57,1.48,2.7,11.05,3.11,0.521,146,garden
45.6388,-122.9141,cool,250,11.91,4.29,5.93,10.85,4.26,0.592,158,garden
45.1883,-122.8913,cool,253,11.96,4.06,0.36,10.65,10.21,0.3,153,garden
45.4656,-122.4111,cool,256,10.91,4.39,1.96,10.45,7.6,0.377,149,garden
45.1557,-122.3272,cool,259,9.84,2.64,2.81,10.24,12.04,0.564,162,garden
45.5181,-122.4588,cool,262,7.96,1.56,5.64,10.03,21.19,0.631,155,walk
45.8802,-122.7291,cool,265,5.2,0.22,0,9.83,2.37,0.433,160,wait
45.7128,-122.5251,cool,268,7.44,-0.52,3.94,9.62,13.32,0.599,166,wait
45.5091,-122.8821,cool,271,7.79,0.78,2.96,9.42,6.69,0.534,173,wait
45.1423,-122.9454,cool,274,5.37,1.76,0,9.21,8.19,0.471,164,wait
45.7081,-122.4711,cool,277,6.1,-1.76,0,9.01,12.06,0.304,186,wait
45.3749,-122.3123,cool,280,4.56,-0.9,0,8.81,8.71,0.393,186,wait
45.7823,-122.646,cool,283,4.13,-3.63,3.28,8.62,8.84,0.645,185,wait
45.2076,-122.4274,cool,286,0.49,-3.39,0,8.43,2.14,0.521,181,wait
45.5498,-122.875,cool,289,2.64,-0.91,0,8.24,2.76,0.454,197,wait
45.1225,-122.9639,cool,292,-0.5,-4.82,0,8.05,5.89,0.492,191,wait
45.4425,-122.2064,cool,295,3.65,-1.09,1.18,7.88,7.07,0.541,195,wait
45.1524,-122.7561,cool,298,0.59,-2.7,1.25,7.7,10.92,0.468,190,wait
45.4369,-122.9837,cool,301,-0.36,-3.46,0.18,7.54,11.95,0.536,209,wait
45.18,-122.4599,cool,304,-0.04,-3.15,0.14,7.38,12.75,0.422,197,wait
45.2614,-122.4916,cool,307,-1.3,-6.82,1.37,7.23,4.37,0.558,208,wait
45.4216,-122.8193,cool,310,2.09,-1.29,2.02,7.08,5.76,0.478,209,wait
45.5249,-122.6583,cool,313,0.29,-3.17,1.7,6.94,6.52,0.499,205,wait
45.4315,-122.799,cool,316,-2.47,-5.85,2.26,6.82,3.76,0.554,223,wait
45.5615,-122.8296,cool,319,-1.82,-8.18,0,6.69,5.57,0.498,225,wait
45.8255,-122.2523,cool,322,0.52,-6.19,0,6.58,9.92,0.45,231,wait
45.4282,-122.3119,cool,325,-1.2,-4.5,1.88,6.48,12.24,0.507,224,wait
45.581,-122.6753,cool,328,-0.37,-6.54,2.09,6.39,5.4,0.517,223,wait
45.4376,-122.2755,cool,331,-5.41,-9.37,1.3,6.3,15.49,0.576,238,wait
45.782,-122.229,cool,334,-5.1,-9.46,4.67,6.23,9.29,0.703,241,wait
45.4256,-122.7093,cool,337,-3.59,-6.69,1.73,6.17,6.71,0.602,229,wait
45.5002,-122.9035,cool,340,-2.72,-6.17,4.21,6.11,5.76,0.623,233,wait
45.1978,-122.3547,cool,343,-2.81,-8.71,1.58,6.07,3.18,0.564,235,wait
45.1855,-122.8287,cool,346,-4.92,-10.84,0,6.04,12.24,0.459,249,wait
45.439,-122.4538,cool,349,-5.31,-10.35,1.64,6.01,6.97,0.605,242,wait
45.1278,-122.4084,cool,352,-1.21,-8.61,2.95,6.0,6.53,0.656,251,garden
45.8668,-122.7097,cool,355,-2.2,-5.48,3.79,6.0,5.04,0.618,257,wait
45.8343,-122.7593,cool,358,-2.09,-5.7,3.85,6.01,2.14,0.646,260,wait
45.8036,-122.3866,cool,361,-1.29,-8.07,0.04,6.03,15.57,0.4,265,wait
45.8412,-122.7338,cool,364,-4.38,-7.55,3.69,6.06,2.46,0.777,269,wait
45.5817,-122.3493,cool,1,-4.2,-11.79,2.15,6.09,9.39,0.562,-107,wait
45.6129,-122.9975,cool,4,-2.16,-7.43,1.84,6.14,8.22,0.598,-86,wait
45.7776,-122.4514,cool,7,-5.21,-9.74,0.34,6.2,7.11,0.482,-83,wait
45.7396,-122.8411,cool,10,-1.45,-6.05,0,6.26,8.88,0.42,-82,wait
45.8385,-122.4823,cool,13,-3.48,-7.39,4.63,6.34,1.25,0.802,-90,wait
45.4431,-122.7919,cool,16,-1.94,-9.48,2.51,6.43,7.57,0.64,-89,garden
45.8426,-122.3382,cool,19,-4.88,-9.71,2.14,6.53,7.35,0.662,-78,wait
45.4953,-122.8958,cool,22,-2.12,-6.24,2.6,6.64,17.25,0.669,-80,wait
45.734,-122.977,cool,25,0.4,-5.6,2.83,6.75,7.9,0.622,-72,wait
45.1083,-122.8934,cool,28,1.49,-2.68,0,6.88,8.92,0.448,-62,wait
45.1762,-122.953,cool,31,-2.02,-8.49,0,7.01,2.17,0.517,-60,wait
45.7479,-122.9957,cool,34,-1.54,-5.72,6.87,7.15,0.62,0.901,-57,wait
45.3082,-122.597,cool,37,-0.07,-4.97,4.15,7.3,7.16,0.585,-56,wait
45.3506,-122.2172,cool,40,2.96,-4.43,2.38,7.46,10.58,0.538,-66,wait
45.7093,-122.789,cool,43,0.86,-7.01,0.83,7.62,11.71,0.467,-59,wait
45.8383,-122.4907,cool,46,0.25,-7.21,0,7.79,19.84,0.5,-60,wait
45.4491,-122.2038,cool,49,1.54,-2.41,2.4,7.97,8.86,0.545,-56,wait
45.6758,-122.8816,cool,52,5.0,1.8,0,8.15,12.93,0.385,-43,wait
45.6305,-122.8301,cool,55,2.09,-1.93,0.39,8.33,15.42,0.493,-47,wait
45.6415,-122.2901,cool,58,6.55,3.53,1.33,8.52,5.49,0.519,-45,wait
45.223,-122.9351,cool,61,1.3,-5.11,0.35,8.71,4.37,0.47,-46,wait
45.1351,-122.5021,cool,64,6.72,0.42,0,8.91,10.84,0.385,-46,wait
45.1389,-122.4851,cool,67,5.06,-2.68,5.56,9.11,7.99,0.724,-39,wait
45.2921,-122.3833,cool,70,4.88,1.61,5.65,9.31,12.24,0.648,-28,wait
45.6233,-122.9035,cool,73,5.95,2.85,1.71,9.52,11.83,0.442,-17,wait
45.1769,-122.706,cool,76,7.12,1.96,1.8,9.72,4.77,0.488,-30,wait
45.7488,-122.5089,cool,79,5.99,0.77,0,9.93,10.05,0.395,-29,wait
45.6709,-122.2555,cool,82,8.02,2.89,4.27,10.14,8.92,0.556,-21,walk
45.8873,-122.4525,cool,85,9.2,2.96,4.44,10.34,10.26,0.473,-10,walk
45.5085,-122.6696,cool,88,8.45,4.21,0.17,10.55,10.27,0.363,-21,walk
45.6293,-122.8564,cool,91,10.05,3.45,3.22,10.75,4.54,0.503,-3,garden
45.7059,-122.64,cool,94,8.96,3.99,6.04,10.95,12.09,0.6,2,walk
45.5832,-122.3027,cool,97,13.31,8.6,5.67,11.15,4.41,0.51,-11,walk
45.4241,-122.4738,cool,100,9.69,4.02,3.5,11.35,8.07,0.438,5,walk
45.1701,-122.8919,cool,103,14.09,7.46,1.31,11.54,14.93,0.363,5,walk
45.6198,-122.6514,cool,106,11.34,4.26,2.07,11.73,5.56,0.317,11,walk
45.1932,-122.2781,cool,109,14.5,7.55,3.11,11.91,11.15,0.417,14,walk
45.5555,-122.3329,cool,112,15.71,10.49,2.1,12.09,8.07,0.349,9,walk
45.5767,-122.5566,cool,115,12.11,9.07,0.34,12.27,3.38,0.412,20,garden
45.1486,-122.9848,cool,118,14.05,8.61,0,12.43,8.47,0.297,23,garden
45.8512,-122.7226,cool,121,16.24,10.48,2.18,12.59,13.75,0.434,14,walk
45.5701,-122.452,cool,124,17.43,14.33,2.19,12.75,10.54,0.31,21,garden
45.7665,-122.4615,cool,127,19.21,11.95,2.01,12.89,3.61,0.387,29,garden
45.169,-122.6137,cool,130,18.51,11.53,3.69,13.03,0.66,0.427,29,garden
45.2675,-122.9624,cool,133,15.53,11.75,0,13.16,8.35,0.344,38,garden
45.3702,-122.9088,cool,136,14.97,7.56,1.77,13.29,9.84,0.417,42,wait
45.5456,-122.2829,cool,139,16.56,10.75,0,13.4,9.09,0.3,30,garden
45.8701,-122.3954,cool,142,20.63,13.26,1.76,13.5,6.86,0.19,46,walk
45.2336,-122.9056,cool,145,21.64,14.74,0,13.6,2.97,0.1,52,wait
45.1794,-122.4823,cool,148,17.28,12.48,2.07,13.68,1.78,0.39,53,garden
45.7473,-122.7269,cool,151,18.29,14.6,3.75,13.76,4.5,0.392,41,garden
45.7028,-122.6626,cool,154,19.5,16.08,0.17,13.82,12.82,0.187,51,walk
45.3894,-122.9762,cool,157,18.01,11.0,0.74,13.88,10.12,0.254,63,garden
45.7179,-122.6527,cool,160,17.65,14.6,4.16,13.93,1.0,0.354,60,garden
45.7393,-122.2993,cool,163,19.24,16.05,3.51,13.96,6.93,0.4,73,garden
45.1063,-122.7762,cool,166,22.79,17.69,4.84,13.98,3.91,0.482,66,garden
45.5945,-122.6463,cool,169,20.16,12.56,1.83,14.0,3.86,0.231,76,walk
45.412,-122.4249,cool,172,19.07,12.01,0.45,14.0,2.44,0.31,64,walk
45.7056,-122.872,cool,175,22.25,16.65,1.16,13.99,7.3,0.232,74,walk
45.1884,-122.952,cool,178,17.09,10.1,1.26,13.97,6.37,0.354,81,garden
45.5579,-122.9958,cool,181,19.07,12.93,2.12,13.94,8.99,0.348,74,garden
45.7756,-122.8129,cool,184,18.75,14.57,2.43,13.9,2.72,0.38,94,garden
45.2981,-122.7377,cool,187,18.36,12.02,3.54,13.85,3.21,0.325,89,garden
45.1498,-122.2892,cool,190,19.87,12.76,1.92,13.79,9.39,0.34,93,garden
45.7976,-122.5326,cool,193,19.03,13.8,0.83,13.72,11.58,0.272,99,garden
45.2155,-122.8983,cool,196,19.75,11.76,0.68,13.64,1.02,0.284,99,garden
45.1261,-122.8745,cool,199,19.92,16.28,1.38,13.55,0.34,0.193,95,walk
45.1322,-122.8774,cool,202,18.71,11.1,5.37,13.45,13.31,0.407,103,garden
45.4374,-122.2505,cool,205,17.26,9.3,1.74,13.34,12.36,0.38,99,garden
45.7963,-122.6659,cool,208,16.51,12.09,3.84,13.23,13.99,0.336,115,garden
45.2108,-122.4908,cool,211,17.74,11.91,5.33,13.1,3.91,0.49,120,garden
45.4277,-122.8137,cool,214,18.46,12.13,4.41,12.96,13.2,0.358,123,garden
45.2325,-122.9802,cool,217,15.84,10.13,6.56,12.82,5.81,0.627,127,walk
45.595,-122.5385,cool,220,16.8,9.94,1.46,12.67,13.37,0.342,112,garden
45.5255,-122.2301,cool,223,12.86,7.01,3.34,12.52,12.22,0.536,116,garden
45.5855,-122.6786,cool,226,13.7,9.67,4.33,12.35,1.29,0.511,118,garden
45.3057,-122.9083,cool,229,11.81,4.5,4.62,12.18,8.62,0.516,135,garden
45.6429,-122.9529,cool,232,11.61,7.77,3.45,12.0,10.42,0.395,131,garden
45.3594,-122.6996,cool,235,16.24,12.33,2.12,11.82,4.72,0.273,129,garden
45.5035,-122.2405,cool,238,14.88,11.27,3.48,11.64,14.39,0.455,143,garden
45.8089,-122.7847,cool,241,10.96,6.36,1.8,11.45,7.52,0.309,151,garden
45.4568,-122.323,cool,244,14.54,8.16,2.56,11.25,13.09,0.453,143,garden
45.439,-122.2708,cool,247,11.17,4.25,4.06,11.05,11.89,0.447,144,garden
45.3186,-122.7993,cool,250,10.27,7.27,0,10.85,9.66,0.279,145,walk
45.5273,-122.9441,cool,253,11.03,3.04,3.26,10.65,5.69,0.543,152,garden
45.5039,-122.3584,cool,256,6.88,0.39,4.06,10.45,2.38,0.667,159,wait
45.8864,-122.7267,cool,259,11.03,3.3,0,10.24,0.38,0.354,157,garden
45.1034,-122.9923,cool,262,7.86,1.86,5.55,10.03,8.61,0.659,152,walk
45.6193,-122.938,cool,265,5.52,-0.25,0.44,9.83,3.62,0.381,157,wait
45.3864,-122.8583,cool,268,4.05,-3.11,0,9.62,2.74,0.37,170,wait
45.1158,-122.7751,cool,271,7.86,1.37,3.43,9.42,8.24,0.61,175,garden
45.495,-122.7096,cool,274,8.17,3.38,3.53,9.21,10.95,0.485,171,garden
45.7959,-122.5447,cool,277,3.72,-3.8,0.83,9.01,5.36,0.384,187,wait
45.5705,-122.4032,cool,280,4.4,-1.36,0,8.81,3.64,0.431,188,wait
45.6424,-122.2064,cool,283,1.62,-6.05,3.74,8.62,1.49,0.663,181,wait
45.8545,-122.9585,cool,286,4.43,-1.23,1.15,8.43,13.13,0.443,189,wait
45.5138,-122.9652,cool,289,5.35,0.18,2.8,8.24,7.9,0.559,193,wait
45.1654,-122.5425,cool,292,3.49,0.26,3.35,8.05,5.58,0.537,194,wait
45.3634,-122.9497,cool,295,-1.22,-7.9,3.28,7.88,7.42,0.544,192,wait
45.2977,-122.6211,cool,298,1.87,-1.27,0.8,7.7,8.37,0.526,198,wait
45.5957,-122.3887,cool,301,3.37,-3.79,2.25,7.54,3.64,0.468,193,wait
45.6547,-122.3739,cool,304,0.89,-5.0,1.81,7.38,8.72,0.436,204,wait
45.5474,-122.7641,cool,307,-2.95,-9.96,3.79,7.23,9.85,0.663,200,wait
45.4714,-122.6575,cool,310,-1.47,-4.95,1.22,7.08,5.09,0.549,219,walk
45.254,-122.9178,cool,313,-0.45,-3.95,0,6.94,3.12,0.361,219,wait
45.3843,-122.6149,cool,316,-0.98,-4.32,1.52,6.82,5.46,0.553,226,wait
45.8678,-122.3965,cool,319,-1.19,-5.12,1.59,6.69,8.91,0.47,227,wait
45.8762,-122.5859,cool,322,-3.38,-10.81,1.38,6.58,5.77,0.523,222,wait
45.2563,-122.8397,cool,325,-1.61,-5.34,1.49,6.48,15.37,0.557,216,wait
45.3649,-122.5373,cool,328,-0.39,-7.32,0,6.39,12.98,0.494,232,wait
45.836,-122.489,cool,331,-0.31,-6.39,0.16,6.3,9.16,0.453,222,wait
45.4007,-122.6797,cool,334,-2.15,-7.49,1.73,6.23,12.46,0.617,234,wait
45.2555,-122.5315,cool,337,-1.55,-4.58,3.08,6.17,8.23,0.634,231,wait
45.3719,-122.5564,cool,340,-2.07,-5.29,2.5,6.11,8.49,0.536,238,wait
45.7299,-122.9112,cool,343,-5.72,-8.83,3.62,6.07,0.66,0.607,237,wait
45.8982,-122.2947,cool,346,-1.28,-5.8,1.43,6.04,15.27,0.569,252,wait
45.6555,-122.7456,cool,349,-1.69,-5.02,4.0,6.01,15.16,0.73,245,wait
45.2189,-122.8023,cool,352,-4.42,-10.6,4.18,6.0,4.77,0.732,259,wait
45.1651,-122.6235,cool,355,-3.22,-7.62,2.87,6.0,11.4,0.651,260,wait
45.5151,-122.8568,cool,358,-2.99,-6.31,0,6.01,7.64,0.516,264,wait
45.8369,-122.5328,cool,361,-2.63,-8.26,0,6.03,9.05,0.478,269,wait
45.4017,-122.8742,cool,364,-6.59,-10.69,2.36,6.06,15.63,0.63,263,wait
40.7672,-74.0278,temperate,1,2.32,-1.95,4.08,6.09,11.39,0.584,-78,wait
40.3198,-74.0466,temperate,4,1.14,-3.99,0,6.14,8.83,0.497,-81,wait
40.9287,-73.6587,temperate,7,-0.82,-4.2,2.56,6.2,6.06,0.589,-71,wait
40.8962,-73.7852,temperate,10,-1.62,-4.97,2.5,6.26,8.64,0.534,-75,wait
40.3068,-74.1604,temperate,13,3.1,-0.85,0.34,6.34,6.68,0.499,-65,wait
40.7101,-73.7911,temperate,16,3.23,-3.69,0,6.43,10.32,0.426,-59,garden
40.7421,-74.025,temperate,19,-0.51,-5.5,1.68,6.53,14.58,0.535,-60,wait
40.66,-73.9532,temperate,22,3.8,-0.9,4.52,6.64,11.97,0.614,-60,wait
40.6353,-73.8514,temperate,25,1.51,-4.38,4.52,6.75,14.92,0.559,-59,wait
40.423,-73.6379,temperate,28,2.06,-4.84,0,6.88,7.17,0.329,-66,wait
40.6125,-73.9724,temperate,31,2.02,-4.13,0,7.01,4.7,0.498,-52,wait
40.8399,-74.2579,temperate,34,1.59,-1.95,0,7.15,6.15,0.509,-59,wait
40.4864,-73.8723,temperate,37,5.87,-0.15,2.51,7.3,8.45,0.585,-46,wait
41.0917,-74.2967,temperate,40,1.79,-1.49,0,7.46,7.71,0.5,-42,wait
40.9543,-73.8682,temperate,43,4.37,-2.34,0,7.62,13.56,0.337,-46,wait
40.306,-74.2858,temperate,46,3.32,-2.55,0.7,7.79,10.5,0.487,-35,wait
40.7609,-73.8102,temperate,49,3.28,-1.72,2.06,7.97,3.43,0.594,-31,wait
40.9587,-73.7201,temperate,52,5.16,-2.24,0,8.15,9.68,0.428,-34,wait
40.3764,-73.8411,temperate,55,6.48,2.59,0,8.33,5.13,0.346,-35,wait
40.8779,-74.2262,temperate,58,4.83,-2.6,3.46,8.52,14.93,0.57,-35,wait
40.9236,-74.0719,temperate,61,8.11,0.14,0,8.71,3.73,0.264,-31,wait
40.8968,-73.7154,temperate,64,6.73,2.69,1.65,8.91,8.26,0.476,-17,wait
40.3546,-73.9613,temperate,67,8.72,5.66,4.55,9.11,13.89,0.534,-14,wait
40.7856,-74.2582,temperate,70,8.4,0.65,3.56,9.31,13.72,0.591,-20,wait
40.5865,-74.2267,temperate,73,8.3,1.6,2.66,9.52,13.2,0.382,-14,wait
40.8731,-73.6824,temperate,76,8.38,2.01,1.85,9.72,14.04,0.505,-3,wait
40.5997,-74.2092,temperate,79,11.14,6.6,1.38,9.93,8.13,0.434,-10,wait
41.0058,-73.7625,temperate,82,9.96,4.85,4.31,10.14,7.76,0.479,-11,walk
40.8014,-73.9003,temperate,85,15.01,11.17,3.53,10.34,11.6,0.36,0,walk
40.6217,-74.147,temperate,88,16.25,11.28,1.19,10.55,9.27,0.228,3,walk
40.6289,-73.786,temperate,91,13.59,8.3,5.86,10.75,10.96,0.603,7,wait
41.0672,-73.9201,temperate,94,14.86,6.91,1.67,10.95,1.11,0.432,17,garden
40.9094,-73.8499,temperate,97,18.35,11.87,0.15,11.15,1.64,0.267,12,walk
40.8125,-74.2141,temperate,100,18.92,12.59,2.84,11.35,8.31,0.438,19,garden
40.6428,-74.2052,temperate,103,17.15,9.21,2.8,11.54,13.5,0.455,17,garden
40.7785,-73.6433,temperate,106,14.67,10.98,1.16,11.73,8.02,0.3,31,garden
40.6319,-73.7498,temperate,109,19.18,14.54,1.99,11.91,13.66,0.362,30,garden
40.832,-74.2013,temperate,112,19.78,15.64,2.3,12.09,4.36,0.259,18,garden
40.3517,-74.0067,temperate,115,19.92,13.33,0.97,12.27,5.54,0.214,34,walk
40.965,-73.6545,temperate,118,22.02,18.76,7.21,12.43,7.53,0.461,28,walk
40.7847,-74.1575,temperate,121,18.2,14.81,2.23,12.59,4.59,0.378,33,garden
40.4342,-74.0469,temperate,124,20.7,12.86,3.7,12.75,15.6,0.372,40,garden
40.6419,-74.3334,temperate,127,20.72,14.04,2.74,12.89,0.61,0.387,32,garden
40.6629,-74.0999,temperate,130,23.54,19.04,0.03,13.03,6.82,0.1,47,walk
40.8843,-74.1006,temperate,133,22.13,18.77,3.97,13.16,11.41,0.303,44,garden
40.7706,-74.073,temperate,136,21.29,16.21,0,13.29,12.05,0.161,50,walk
40.917,-73.7987,temperate,139,19.43,11.82,0.56,13.4,11.42,0.174,57,walk
40.8885,-74.2061,temperate,142,21.6,15.06,1.23,13.5,5.13,0.153,59,walk
40.7843,-73.6446,temperate,145,20.0,12.94,0.46,13.6,3.6,0.262,70,garden
40.8155,-73.6665,temperate,148,20.94,16.7,0,13.68,5.21,0.121,56,walk
40.6415,-73.8465,temperate,151,22.66,16.73,4.47,13.76,5.18,0.328,69,garden
40.7581,-73.762,temperate,154,23.48,17.81,4.51,13.82,4.53,0.429,61,garden
40.9531,-74.3987,temperate,157,25.53,21.18,3.34,13.88,14.43,0.338,62,garden
40.4491,-74.2925,temperate,160,21.19,14.71,0,13.93,7.09,0.232,70,walk
40.4462,-73.7927,temperate,163,23.8,18.28,4.49,13.96,11.31,0.32,74,garden
40.5345,-74.0978,temperate,166,22.51,15.0,0.14,13.98,11.05,0.201,91,walk
40.9014,-74.3942,temperate,169,22.65,17.94,0.54,14.0,5.66,0.229,77,walk
41.0696,-74.1873,temperate,172,24.49,16.56,4.49,14.0,10.78,0.27,96,garden
40.9535,-73.6472,temperate,175,23.89,17.11,1.06,13.99,5.79,0.241,90,walk
40.6214,-73.7317,temperate,178,24.91,20.02,4.26,13.97,9.32,0.317,86,garden
40.7947,-73.8729,temperate,181,26.38,23.25,4.26,13.94,11.43,0.424,93,garden
40.9987,-73.6243,temperate,184,23.56,18.5,4.72,13.9,18.83,0.483,99,walk
41.0513,-73.6468,temperate,187,24.98,18.59,2.74,13.85,12.58,0.323,94,garden
40.4145,-73.984,temperate,190,23.24,16.95,2.21,13.79,6.25,0.247,114,walk
41.097,-73.6102,temperate,193,23.6,16.32,1.45,13.72,7.94,0.287,107,garden
40.9026,-73.8722,temperate,196,22.73,15.25,4.7,13.64,6.72,0.409,108,garden
40.4763,-74.1939,temperate,199,20.19,15.02,2.25,13.55,5.69,0.396,116,garden
40.8534,-73.7024,temperate,202,22.22,14.73,3.27,13.45,9.51,0.343,122,garden
40.9281,-73.627,temperate,205,24.62,17.79,0.18,13.34,4.6,0.127,122,walk
41.0498,-73.8043,temperate,208,21.3,17.13,2.41,13.23,11.31,0.226,123,walk
40.772,-74.2481,temperate,211,19.0,14.16,5.5,13.1,0.09,0.503,116,garden
40.7813,-74.2223,temperate,214,20.22,15.11,2.98,12.96,0.91,0.433,123,garden
40.6646,-73.9188,temperate,217,19.84,14.15,1.42,12.82,8.55,0.361,129,garden
40.8509,-74.1812,temperate,220,17.89,11.57,3.49,12.67,2.09,0.42,134,garden
40.9482,-74.2778,temperate,223,21.63,15.76,1.55,12.52,5.95,0.216,140,walk
40.8819,-74.1607,temperate,226,20.35,13.11,3.81,12.35,6.86,0.433,136,garden
41.0923,-73.7938,temperate,229,20.43,12.87,2.73,12.18,8.7,0.309,147,garden
40.4047,-73.7982,temperate,232,17.36,11.72,1.86,12.0,14.04,0.265,154,garden
40.6535,-74.014,temperate,235,17.95,10.93,4.35,11.82,2.91,0.434,145,garden
40.7605,-73.8573,temperate,238,19.3,15.25,2.94,11.64,5.51,0.386,154,garden
41.0793,-74.2563,temperate,241,19.27,15.53,4.51,11.45,6.71,0.503,147,garden
40.496,-74.305,temperate,244,13.07,5.17,0.92,11.25,3.66,0.427,169,garden
40.9919,-73.8798,temperate,247,14.54,10.03,1.49,11.05,6.6,0.392,154,garden
41.0268,-74.2201,temperate,250,13.21,6.95,1.82,10.85,9.5,0.292,170,garden
40.6874,-73.8843,temperate,253,14.47,6.54,0,10.65,8.79,0.188,176,walk
40.9503,-74.3842,temperate,256,12.94,7.08,3.09,10.45,8.85,0.524,178,garden
40.9551,-73.8786,temperate,259,13.06,7.38,3.38,10.24,3.72,0.46,182,garden
40.9404,-74.3016,temperate,262,13.62,9.59,1.96,10.03,6.32,0.45,172,walk
40.3998,-74.1611,temperate,265,9.26,5.23,2.56,9.83,12.36,0.533,171,garden
40.7156,-73.7738,temperate,268,13.66,9.81,4.1,9.62,7.16,0.434,174,garden
40.7085,-73.8497,temperate,271,11.21,5.98,0,9.42,5.13,0.314,187,garden
40.7817,-74.2272,temperate,274,10.62,7.39,2.28,9.21,8.51,0.502,185,garden
40.4307,-74.0351,temperate,277,8.19,4.55,0.63,9.01,6.91,0.33,194,garden
41.0963,-73.8426,temperate,280,11.11,4.73,2.23,8.81,7.18,0.364,205,garden
40.5531,-73.7698,temperate,283,6.01,1.15,0,8.62,1.81,0.396,201,wait
40.5635,-74.3288,temperate,286,6.55,-1.27,1.22,8.43,11.17,0.436,208,wait
41.075,-74.0971,temperate,289,9.17,2.28,3.37,8.24,13.69,0.459,197,garden
40.5791,-73.9423,temperate,292,3.79,-3.83,2.65,8.05,13.77,0.497,212,wait
40.9449,-73.8578,temperate,295,4.32,-0.03,1.71,7.88,8.73,0.445,212,wait
40.8706,-73.8739,temperate,298,6.85,1.09,2.7,7.7,5.26,0.518,211,garden
40.4993,-73.913,temperate,301,2.47,-3.37,0.71,7.54,16.9,0.483,217,wait
40.7165,-73.8252,temperate,304,5.38,1.46,4.77,7.38,7.38,0.622,217,wait
40.8077,-74.3386,temperate,307,6.22,2.08,0.64,7.23,6.72,0.365,222,wait
40.3086,-73.6413,temperate,310,1.69,-1.78,0.45,7.08,7.23,0.409,230,wait
40.6244,-73.907,temperate,313,3.9,-3.77,2.74,6.94,11.55,0.575,235,wait
40.8289,-73.6636,temperate,316,4.91,-1.82,0.5,6.82,1.93,0.464,228,wait
41.0055,-73.9812,temperate,319,5.08,-2.65,0.96,6.69,6.92,0.424,229,wait
40.4364,-73.6242,temperate,322,0.1,-3.28,2.48,6.58,3.94,0.663,240,wait
40.5348,-74.2295,temperate,325,0.47,-5.93,3.12,6.48,1.2,0.672,239,wait
41.0147,-73.6517,temperate,328,2.59,-3.26,1.55,6.39,11.34,0.582,253,wait
40.3041,-73.6878,temperate,331,3.26,-3.98,1.4,6.3,8.15,0.471,245,wait
40.6286,-73.6695,temperate,334,-1.2,-5.97,3.07,6.23,10.77,0.535,255,wait
40.4457,-73.7508,temperate,337,-2.46,-9.31,1.2,6.17,12.51,0.516,253,wait
40.4588,-74.2483,temperate,340,-2.01,-7.21,1.83,6.11,5.99,0.538,258,garden
41.0678,-73.6137,temperate,343,-2.55,-7.53,1.04,6.07,0.6,0.466,254,wait
41.0388,-73.7255,temperate,346,-2.18,-7.63,0,6.04,8.17,0.403,263,wait
40.4892,-73.8574,temperate,349,-0.63,-4.18,1.52,6.01,8.52,0.465,270,garden
40.6432,-73.9059,temperate,352,-0.94,-8.82,1.03,6.0,3.74,0.471,272,wait
40.6433,-74.0209,temperate,355,1.38,-2.56,1.01,6.0,9.94,0.436,267,wait
40.419,-74.3036,temperate,358,1.73,-1.79,0.86,6.01,2.54,0.409,281,wait
40.3408,-74.0742,temperate,361,-0.5,-4.87,1.6,6.03,10.1,0.44,272,wait
40.3413,-74.312,temperate,364,-0.98,-7.14,1.41,6.06,11.6,0.529,285,wait
40.8283,-74.1427,temperate,1,-0.55,-8.27,0.84,6.09,5.07,0.578,-89,wait
40.5435,-74.3225,temperate,4,-0.88,-5.28,0,6.14,5.36,0.411,-76,wait
40.7711,-73.9162,temperate,7,-2.33,-8.09,2.36,6.2,5.26,0.645,-77,wait
40.3963,-73.9308,temperate,10,-0.78,-5.16,0.46,6.26,7.14,0.404,-65,wait
40.7952,-74.1588,temperate,13,3.5,-2.77,2.34,6.34,13.81,0.608,-80,wait
40.502,-73.6983,temperate,16,1.14,-5.66,0.07,6.43,7.52,0.365,-66,wait
40.3542,-74.0648,temperate,19,3.71,-3.82,5.39,6.53,6.68,0.663,-73,wait
41.0646,-74.3514,temperate,22,4.5,-1.02,3.88,6.64,8.74,0.627,-69,wait
40.4324,-73.7994,temperate,25,5.1,1.15,2.12,6.75,3.7,0.499,-54,wait
40.7737,-74.3929,temperate,28,1.94,-4.96,0,6.88,9.86,0.363,-62,wait
40.5148,-74.3047,temperate,31,5.61,0.04,0,7.01,7.85,0.332,-57,wait
40.5163,-73.7675,temperate,34,1.8,-3.86,0.46,7.15,13.52,0.539,-53,wait
41.0778,-74.1404,temperate,37,4.76,0.52,2.3,7.3,3.57,0.406,-47,wait
40.3458,-73.7473,temperate,40,7.05,-0.37,1.11,7.46,10.13,0.497,-46,wait
40.9944,-73.6488,temperate,43,6.81,2.71,2.42,7.62,7.46,0.58,-35,wait
40.7407,-73.7465,temperate,46,5.87,-0.74,0,7.79,0.93,0.328,-29,wait
40.8838,-74.0529,temperate,49,4.22,-0.12,0,7.97,4.43,0.448,-42,wait
40.6924,-73.8164,temperate,52,4.33,-1.07,0,8.15,8.11,0.459,-38,wait
40.4148,-74.0589,temperate,55,7.88,4.77,1.85,8.33,10.14,0.423,-21,wait
40.6023,-74.3834,temperate,58,7.29,1.07,0,8.52,11.69,0.286,-37,wait
41.0509,-73.9203,temperate,61,10.1,3.29,0.83,8.71,7.06,0.315,-32,wait
40.6843,-73.9497,temperate,64,10.49,7.44,1.85,8.91,3.17,0.475,-29,wait
40.3985,-73.7401,temperate,67,9.0,5.19,0.63,9.11,10.02,0.28,-20,wait
40.6083,-74.1174,temperate,70,7.56,3.08,0,9.31,7.45,0.284,-18,walk
41.0926,-74.2204,temperate,73,9.28,1.67,0,9.52,2.42,0.377,-19,wait
40.7836,-74.2575,temperate,76,13.91,9.5,2.8,9.72,9.66,0.388,-17,wait
40.5296,-73.6997,temperate,79,11.98,5.98,0.71,9.93,5.94,0.369,-7,wait
40.9894,-73.6176,temperate,82,11.04,5.54,1.43,10.14,10.3,0.465,-11,walk
40.3905,-74.058,temperate,85,14.7,10.97,3.8,10.34,11.48,0.516,5,walk
40.6391,-73.8453,temperate,88,15.01,11.28,2.04,10.55,9.87,0.418,4,walk
40.7395,-73.969,temperate,91,13.74,6.77,0.7,10.75,14.23,0.344,3,walk
40.8548,-73.8014,temperate,94,14.82,9.14,2.6,10.95,9.66,0.438,15,garden
40.4069,-74.3119,temperate,97,16.68,12.5,8.89,11.15,8.23,0.589,19,walk
40.9826,-73.6225,temperate,100,18.52,13.71,4.53,11.35,2.36,0.373,19,garden
40.3211,-73.6281,temperate,103,19.11,14.89,2.82,11.54,6.8,0.28,12,walk
40.413,-74.204,temperate,106,16.42,9.92,2.09,11.73,6.66,0.417,16,walk
40.8589,-74.1604,temperate,109,14.82,7.66,0,11.91,11.41,0.259,18,garden
40.814,-73.9167,temperate,112,17.75,13.06,3.1,12.09,1.95,0.341,21,garden
40.9636,-73.6647,temperate,115,16.84,13.04,0.83,12.27,10.54,0.371,34,garden
41.0609,-73.8055,temperate,118,19.31,12.77,1.46,12.43,9.08,0.376,39,garden
40.9532,-74.0253,temperate,121,19.19,15.91,0,12.59,12.66,0.305,45,garden
40.5159,-74.3165,temperate,124,19.12,12.91,3.06,12.75,5.88,0.425,49,garden
40.7777,-73.7948,temperate,127,19.86,12.97,1.74,12.89,10.54,0.221,35,walk
40.751,-73.7678,temperate,130,19.95,14.2,2.17,13.03,7.22,0.263,53,garden
40.7002,-74.1484,temperate,133,18.77,14.19,2.74,13.16,7.82,0.324,47,garden
40.946,-74.2799,temperate,136,21.2,16.42,4.56,13.29,12.36,0.379,57,garden
40.363,-73.8992,temperate,139,22.72,17.81,0,13.4,3.96,0.124,48,walk
40.7013,-73.6062,temperate,142,25.23,21.07,3.15,13.5,13.91,0.22,52,walk
40.9848,-74.0553,temperate,145,23.45,17.83,2.75,13.6,3.67,0.221,59,walk
40.7535,-73.6045,temperate,148,25.4,18.52,1.46,13.68,9.78,0.228,55,walk
40.6638,-74.2642,temperate,151,20.86,17.79,2.68,13.76,4.58,0.397,58,garden
40.6786,-74.1952,temperate,154,22.25,18.91,0.84,13.82,6.27,0.128,73,walk
40.5293,-74.0728,temperate,157,25.9,19.65,3.15,13.88,9.59,0.298,63,garden
40.8458,-73.9952,temperate,160,24.49,18.09,0.27,13.93,9.74,0.182,75,walk
40.7486,-74.2764,temperate,163,22.46,15.08,1.36,13.96,2.92,0.266,75,garden
40.5792,-74.0252,temperate,166,21.58,16.7,0,13.98,4.65,0.125,85,walk
40.4596,-74.137,temperate,169,24.2,17.11,3.48,14.0,9.6,0.243,86,walk
40.7361,-73.6412,temperate,172,22.9,14.92,0,14.0,8.54,0.159,85,walk
40.5892,-74.0559,temperate,175,21.85,17.78,0,13.99,3.07,0.232,81,walk
40.4409,-74.2866,temperate,178,23.76,20.49,5.84,13.97,0.71,0.482,91,garden
40.5076,-73.7356,temperate,181,22.47,19.07,4.04,13.94,4.88,0.355,92,garden
40.6853,-73.9716,temperate,184,21.27,13.76,0.67,13.9,13.6,0.151,100,walk
41.015,-74.2412,temperate,187,25.26,17.44,0,13.85,11.42,0.148,92,walk
41.0471,-74.0004,temperate,190,24.72,18.82,4.32,13.79,12.66,0.422,105,walk
40.9858,-73.8926,temperate,193,22.07,15.11,1.78,13.72,5.23,0.308,112,garden
40.7808,-74.2271,temperate,196,23.76,17.87,5.72,13.64,9.5,0.377,118,garden
40.7017,-73.7058,temperate,199,20.92,16.96,0.37,13.55,1.01,0.181,115,walk
41.0793,-74.1313,temperate,202,23.55,17.31,0.52,13.45,9.12,0.152,124,walk
40.9761,-73.8492,temperate,205,24.59,19.3,0.73,13.34,11.63,0.112,123,walk
40.383,-73.8803,temperate,208,21.3,16.89,0,13.23,1.75,0.255,115,garden
40.7027,-73.7553,temperate,211,22.0,16.94,0,13.1,8.15,0.26,119,garden
40.6757,-74.3004,temperate,214,21.9,14.64,3.32,12.96,14.73,0.353,122,garden
40.9258,-73.994,temperate,217,23.27,15.7,0,12.82,11.86,0.2,134,walk
40.3261,-74.379,temperate,220,18.62,12.33,0.98,12.67,16.08,0.348,132,walk
41.0943,-74.2065,temperate,223,21.29,14.08,0,12.52,7.22,0.147,133,walk
41.0515,-74.0877,temperate,226,21.89,17.93,0.19,12.35,2.08,0.246,149,walk
40.8052,-73.7726,temperate,229,19.91,14.9,2.01,12.18,10.14,0.248,138,walk
40.3205,-74.3908,temperate,232,20.07,13.94,2.34,12.0,13.06,0.406,143,garden
40.8939,-74.2956,temperate,235,19.09,15.33,0.65,11.82,4.61,0.339,158,garden
40.9724,-73.8189,temperate,238,16.63,10.48,1.57,11.64,10.3,0.4,152,garden
40.8107,-73.9365,temperate,241,18.18,13.29,2.46,11.45,9.3,0.262,150,garden
40.6954,-74.1109,temperate,244,13.38,8.08,1.72,11.25,6.92,0.325,154,garden
40.8499,-74.0998,temperate,247,17.19,12.24,2.08,11.05,8.05,0.254,172,garden
40.805,-73.7162,temperate,250,13.44,5.9,2.95,10.85,5.65,0.332,160,garden
40.8934,-73.6587,temperate,253,11.66,6.94,0,10.65,18.67,0.324,158,walk
40.4736,-74.138,temperate,256,11.5,8.35,4.87,10.45,8.69,0.48,172,garden
40.7412,-74.1645,temperate,259,11.04,4.4,3.97,10.24,6.84,0.507,166,garden
40.9768,-73.8261,temperate,262,13.57,8.1,0.49,10.03,7.68,0.243,172,walk
40.6903,-73.6937,temperate,265,14.25,10.74,1.91,9.83,2.87,0.301,176,garden
40.5823,-73.6817,temperate,268,10.41,3.67,2.32,9.62,2.89,0.458,186,garden
40.9613,-73.8839,temperate,271,12.17,6.92,5.07,9.42,1.55,0.502,189,garden
40.3581,-73.8744,temperate,274,12.43,7.67,2.44,9.21,8.47,0.381,184,garden
40.754,-74.1428,temperate,277,8.27,1.37,2.46,9.01,10.44,0.372,192,garden
40.7863,-73.6933,temperate,280,6.84,3.5,0.91,8.81,10.7,0.354,202,wait
40.4585,-74.3603,temperate,283,10.01,6.64,2.84,8.62,5.39,0.518,198,garden
40.6063,-73.9389,temperate,286,7.24,4.01,1.05,8.43,9.99,0.402,210,wait
41.0735,-74.3704,temperate,289,5.42,-0.79,4.88,8.24,1.35,0.708,203,wait
40.5197,-73.797,temperate,292,6.37,0.73,1.01,8.05,8.62,0.415,210,wait
40.8129,-73.6716,temperate,295,5.03,-0.75,0.14,7.88,13.08,0.373,214,wait
40.5583,-73.8499,temperate,298,7.17,-0.52,2.34,7.7,9.71,0.542,207,wait
41.0473,-73.7056,temperate,301,4.23,0.38,2.76,7.54,16.04,0.509,223,wait
40.9333,-74.0964,temperate,304,2.7,-4.23,4.92,7.38,14.22,0.577,219,wait
41.0102,-73.6273,temperate,307,4.87,-2.75,0.32,7.23,6.99,0.369,216,wait
40.5575,-73.8153,temperate,310,2.73,-2.51,2.96,7.08,11.41,0.58,230,wait
40.8882,-74.2353,temperate,313,1.19,-3.13,0.96,6.94,9.59,0.495,225,wait
40.3836,-74.2331,temperate,316,-0.09,-7.94,1.5,6.82,8.24,0.469,233,wait
40.9782,-74.3155,temperate,319,2.63,-3.01,3.33,6.69,2.75,0.546,238,wait
40.4504,-74.1777,temperate,322,-0.47,-8.05,0,6.58,10.89,0.48,233,wait
40.4924,-73.6847,temperate,325,-0.57,-5.11,3.18,6.48,3.78,0.546,233,wait
40.6452,-74.2795,temperate,328,-0.72,-3.86,0.05,6.39,4.26,0.414,250,wait
41.0424,-74.2449,temperate,331,0.92,-4.62,2.71,6.3,9.05,0.493,256,wait
40.8171,-73.6328,temperate,334,-1.18,-5.06,0.76,6.23,13.4,0.506,242,wait
41.0061,-73.8404,temperate,337,-1.19,-4.45,2.73,6.17,8.7,0.515,245,wait
40.9286,-74.1219,temperate,340,-0.24,-5.2,1.9,6.11,15.32,0.586,260,wait
40.5443,-73.6747,temperate,343,-1.07,-7.05,1.11,6.07,6.23,0.519,267,wait
40.8328,-74.0577,temperate,346,-1.46,-6.04,2.37,6.04,9.09,0.667,255,wait
41.0756,-73.9335,temperate,349,-2.83,-10.71,2.1,6.01,6.34,0.642,254,wait
40.7202,-74.2662,temperate,352,-0.06,-4.3,4.06,6.0,12.69,0.667,266,wait
40.5059,-74.0108,temperate,355,-2.12,-5.59,0.1,6.0,14.15,0.472,271,wait
40.5159,-73.9846,temperate,358,-0.78,-3.85,0,6.01,13.03,0.538,282,wait
40.4955,-73.8072,temperate,361,0.93,-2.81,0.01,6.03,9.51,0.538,277,wait
40.5191,-73.8985,temperate,364,3.03,-1.77,1.15,6.06,5.38,0.561,289,wait
40.6128,-74.0662,temperate,1,0.54,-7.03,5.27,6.09,7.35,0.642,-83,wait
40.9363,-73.9467,temperate,4,3.37,-1.17,3.54,6.14,9.24,0.554,-72,wait
40.4202,-73.6267,temperate,7,2.34,-2.39,1.4,6.2,8.33,0.576,-84,wait
40.4739,-73.7396,temperate,10,1.54,-4.78,0.65,6.26,11.11,0.523,-85,wait
40.5802,-74.1734,temperate,13,-1.23,-6.67,3.06,6.34,8.12,0.685,-81,wait
40.8864,-74.0544,temperate,16,3.45,-2.88,1.34,6.43,5.69,0.391,-71,wait
40.6193,-73.6767,temperate,19,4.1,-0.35,5.75,6.53,9.86,0.636,-56,wait
40.4113,-73.7859,temperate,22,4.27,-3.33,0.19,6.64,6.59,0.393,-63,wait
40.4467,-73.7741,temperate,25,0.76,-4.32,1.73,6.75,11.24,0.487,-50,wait
40.6421,-74.0636,temperate,28,4.64,1.16,0,6.88,6.98,0.393,-56,wait
40.5419,-74.2059,temperate,31,2.5,-0.64,0,7.01,4.36,0.403,-60,wait
40.8361,-74.0298,temperate,34,3.53,-0.1,0,7.15,6.61,0.365,-49,wait
40.7755,-73.7424,temperate,37,5.48,-0.11,1.65,7.3,6.57,0.418,-38,wait
40.3424,-74.2359,temperate,40,4.77,-1.69,1.87,7.46,6.47,0.501,-39,wait
40.5487,-73.6087,temperate,43,2.73,-3.97,0,7.62,8.08,0.451,-48,wait
40.7159,-74.2022,temperate,46,2.41,-3.02,0.82,7.79,6.17,0.361,-30,wait
41.0862,-73.7438,temperate,49,3.52,0.39,0,7.97,7.85,0.491,-37,wait
40.417,-74.3827,temperate,52,8.49,2.75,2.52,8.15,2.55,0.542,-24,wait
40.532,-73.866,temperate,55,4.84,-1.88,1.34,8.33,12.78,0.496,-34,wait
40.9508,-74.2815,temperate,58,10.32,4.85,0.21,8.52,4.54,0.371,-34,wait
40.7959,-74.3659,temperate,61,6.85,3.24,0,8.71,11.38,0.271,-14,wait
40.9847,-73.9974,temperate,64,11.18,3.36,0,8.91,9.28,0.266,-26,wait
40.7505,-74.0324,temperate,67,8.43,1.9,0.64,9.11,8.91,0.408,-17,wait
40.8161,-74.0988,temperate,70,12.1,8.4,1.84,9.31,2.28,0.475,-23,wait
40.8582,-73.9289,temperate,73,10.39,4.09,0,9.52,3.79,0.375,-6,wait
40.8322,-74.0005,temperate,76,11.66,5.74,1.56,9.72,6.69,0.288,-14,wait
41.0046,-73.8175,temperate,79,12.87,8.25,1.6,9.93,14.83,0.452,-9,wait
40.3583,-73.7893,temperate,82,11.72,3.85,3.13,10.14,7.33,0.41,-12,walk
40.8099,-73.9548,temperate,85,13.67,6.47,4.06,10.34,6.37,0.522,2,walk
40.9469,-74.2462,temperate,88,11.82,6.37,1.88,10.55,5.42,0.445,6,walk
40.6264,-73.9627,temperate,91,14.75,8.61,1.84,10.75,5.65,0.42,-4,walk
40.466,-73.7379,temperate,94,12.3,8.37,1.95,10.95,0.73,0.422,14,walk
40.6009,-74.3433,temperate,97,15.47,10.68,5.67,11.15,3.38,0.6,16,garden
40.318,-73.7429,temperate,100,13.52,6.61,2.2,11.35,9.91,0.337,24,garden
40.3598,-73.9397,temperate,103,15.37,8.23,1.05,11.54,10.39,0.385,13,walk
41.0495,-73.6121,temperate,106,19.31,11.65,0.48,11.73,8.0,0.144,14,walk
40.7377,-73.8129,temperate,109,18.66,15.5,1.32,11.91,9.27,0.36,15,garden
40.8625,-73.7875,temperate,112,20.83,14.51,3.56,12.09,5.97,0.282,35,garden
40.683,-74.2964,temperate,115,16.01,8.11,5.07,12.27,6.33,0.526,22,garden
40.9799,-73.6228,temperate,118,20.64,17.12,1.07,12.43,8.06,0.216,38,walk
40.8903,-73.958,temperate,121,16.91,13.64,3.04,12.59,0.77,0.397,38,garden
40.3944,-73.9075,temperate,124,17.56,10.73,1.79,12.75,4.01,0.305,33,garden
40.4817,-73.802,temperate,127,23.11,18.35,0.03,12.89,15.46,0.11,34,walk
40.3613,-74.2986,temperate,130,23.43,16.46,0,13.03,2.91,0.1,42,walk
40.6183,-73.8739,temperate,133,19.57,16.36,0.79,13.16,12.73,0.194,47,walk
40.987,-74.0452,temperate,136,22.8,19.42,3.76,13.29,6.97,0.394,52,garden
40.7331,-74.3165,temperate,139,21.01,16.18,0,13.4,5.44,0.136,52,walk
40.7168,-74.156,temperate,142,21.59,16.54,4.7,13.5,6.59,0.331,51,garden
40.8199,-74.037,temperate,145,23.11,19.5,1.95,13.6,1.04,0.166,57,walk
40.9837,-74.0929,temperate,148,20.74,15.24,4.08,13.68,8.68,0.372,55,garden
40.8283,-74.375,temperate,151,20.39,15.48,1.16,13.76,8.98,0.229,69,walk
40.7728,-73.7942,temperate,154,25.05,17.37,5.33,13.82,4.41,0.371,67,garden
40.7426,-73.638,temperate,157,22.69,15.54,0.57,13.88,9.7,0.241,63,walk
40.5081,-73.6318,temperate,160,26.37,21.93,4.97,13.93,7.72,0.354,83,garden
40.4999,-73.9658,temperate,163,23.68,15.72,2.82,13.96,16.71,0.251,76,garden
40.7864,-74.3006,temperate,166,22.98,18.0,1.08,13.98,5.48,0.249,91,walk
41.0727,-74.0158,temperate,169,24.4,19.8,2.39,14.0,10.5,0.257,88,wait
41.0626,-74.0476,temperate,172,26.06,21.98,6.91,14.0,11.4,0.425,96,walk
40.7944,-74.3603,temperate,175,22.52,15.59,2.36,13.99,12.67,0.232,85,walk
40.4824,-73.6386,temperate,178,21.61,18.41,0.91,13.97,0.72,0.241,84,walk
40.7805,-74.1202,temperate,181,26.78,18.91,6.34,13.94,8.78,0.502,103,walk
40.8448,-74.3429,temperate,184,21.18,15.96,1.03,13.9,7.8,0.202,100,walk
40.5998,-73.646,temperate,187,23.12,18.71,5.2,13.85,8.84,0.393,105,garden
40.4692,-74.1495,temperate,190,22.14,18.99,1.38,13.79,10.44,0.172,113,garden
40.3261,-73.819,temperate,193,24.46,17.75,3.16,13.72,1.82,0.39,110,garden
41.0983,-73.8957,temperate,196,22.21,14.22,3.21,13.64,8.76,0.42,108,garden
40.7196,-74.0472,temperate,199,24.06,18.37,5.47,13.55,13.67,0.482,123,garden
40.5519,-73.6221,temperate,202,20.97,13.79,2.1,13.45,10.88,0.241,118,walk
41.0317,-73.8773,temperate,205,23.19,17.96,4.48,13.34,6.92,0.3,127,garden
40.496,-73.6726,temperate,208,22.31,17.06,0.23,13.23,10.53,0.248,117,walk
40.6368,-73.6134,temperate,211,22.34,16.01,0,13.1,3.61,0.139,119,walk
40.6349,-73.7876,temperate,214,21.35,15.19,3.11,12.96,0.49,0.414,119,garden
41.0919,-74.2941,temperate,217,21.74,16.39,5.75,12.82,12.79,0.533,122,garden
40.5347,-74.1306,temperate,220,22.22,14.62,4.04,12.67,5.88,0.355,142,garden
40.584,-74.0409,temperate,223,21.49,16.81,1.76,12.52,6.79,0.314,130,garden
40.879,-73.9284,temperate,226,18.51,13.26,3.34,12.35,5.15,0.381,135,garden
40.5563,-74.2586,temperate,229,20.46,14.92,2.64,12.18,8.41,0.345,154,garden
41.0178,-73.9361,temperate,232,19.35,14.95,2.71,12.0,5.12,0.342,138,garden
41.0059,-73.8152,temperate,235,19.54,14.4,1.73,11.82,11.14,0.228,144,garden
40.5191,-74.0489,temperate,238,16.5,12.1,3.76,11.64,5.61,0.401,148,garden
40.4128,-74.2345,temperate,241,18.65,14.21,7.71,11.45,2.07,0.653,153,walk
40.4561,-74.0093,temperate,244,17.79,11.02,6.75,11.25,9.48,0.657,166,walk
40.9648,-74.164,temperate,247,17.1,12.25,1.53,11.05,17.53,0.298,166,garden
40.4095,-74.1772,temperate,250,12.22,5.69,3.72,10.85,4.41,0.469,163,garden
40.7056,-74.1791,temperate,253,14.97,7.12,3.59,10.65,1.77,0.387,160,garden
41.0459,-73.7646,temperate,256,14.12,8.56,3.03,10.45,1.82,0.388,162,garden
40.4967,-73.9309,temperate,259,11.63,4.42,0.33,10.24,1.05,0.228,184,walk
40.5261,-74.2411,temperate,262,14.34,10.23,3.25,10.03,12.25,0.43,172,garden
40.789,-73.832,temperate,265,13.74,5.98,3.27,9.83,2.8,0.343,172,garden
40.8256,-74.2559,temperate,268,8.1,1.66,0,9.62,4.31,0.296,184,garden
40.7347,-74.1637,temperate,271,9.05,4.89,0.6,9.42,12.45,0.426,188,garden
40.8299,-74.3073,temperate,274,7.95,0.14,3.91,9.21,3.9,0.53,193,wait
40.9912,-73.9192,temperate,277,8.82,4.23,3.54,9.01,12.04,0.558,197,garden
40.9174,-74.1907,temperate,280,9.56,6.42,1.04,8.81,10.77,0.453,198,garden
40.4752,-73.891,temperate,283,6.76,1.8,0,8.62,9.44,0.448,196,wait
41.0746,-73.9114,temperate,286,4.55,-0.69,1.93,8.43,16.03,0.497,211,wait
40.9135,-73.9577,temperate,289,4.49,-1.21,1.59,8.24,7.75,0.449,204,wait
40.8743,-74.1679,temperate,292,7.09,1.5,0.34,8.05,10.03,0.31,214,wait
40.9041,-73.9788,temperate,295,3.6,-1.27,0,7.88,10.63,0.355,200,wait
40.4978,-74.182,temperate,298,5.12,-1.83,2.77,7.7,8.86,0.43,223,wait
40.3612,-73.9964,temperate,301,2.36,-4.56,0.61,7.54,6.24,0.499,214,wait
40.7706,-74.0871,temperate,304,5.36,-1.3,4.47,7.38,8.83,0.615,213,wait
40.4621,-74.1886,temperate,307,5.67,-1.63,1.66,7.23,3.89,0.511,221,wait
40.5275,-73.8377,temperate,310,4.18,-1.18,0.97,7.08,9.71,0.54,232,wait
40.6618,-73.9377,temperate,313,2.87,-2.04,4.42,6.94,7.72,0.725,235,wait
40.9477,-73.6193,temperate,316,-0.4,-7.26,0,6.82,9.49,0.377,230,wait
40.9705,-73.9813,temperate,319,-0.34,-4.19,2.73,6.69,4.52,0.541,228,wait
40.3292,-73.8488,temperate,322,3.79,-3.02,3.37,6.58,9.69,0.554,237,wait
40.5504,-73.8784,temperate,325,2.03,-5.32,1.04,6.48,10.72,0.489,245,wait
40.6406,-74.338,temperate,328,0.09,-6.45,0,6.39,7.28,0.547,235,wait
40.6961,-73.8991,temperate,331,-1.33,-4.4,0.19,6.3,7.75,0.416,239,walk
40.5354,-73.6624,temperate,334,0.83,-2.86,2.66,6.23,5.04,0.475,242,wait
40.848,-73.7577,temperate,337,1.56,-4.06,0,6.17,5.45,0.461,246,wait
40.8761,-73.7181,temperate,340,3.05,-1.81,0,6.11,5.24,0.354,255,wait
41.0946,-74.3955,temperate,343,-1.98,-7.6,1.33,6.07,7.51,0.525,252,wait
40.4252,-74.1196,temperate,346,1.32,-2.68,3.04,6.04,10.46,0.505,270,wait
40.5446,-73.9004,temperate,349,0.4,-3.74,0,6.01,1.36,0.4,267,wait
40.4732,-74.2573,temperate,352,-0.57,-4.85,0,6.0,6.5,0.373,261,wait
40.7737,-74.1782,temperate,355,0.38,-3.25,0,6.0,7.2,0.422,278,wait
40.3731,-73.7573,temperate,358,1.88,-5.48,0.09,6.01,4.05,0.365,270,wait
40.9458,-74.0597,temperate,361,-2.03,-5.85,2.45,6.03,5.49,0.677,267,wait
40.584,-73.7291,temperate,364,0.02,-4.5,1.29,6.06,5.04,0.493,281,wait
40.8691,-73.7281,temperate,1,-0.83,-4.22,0.11,6.09,6.29,0.399,-74,wait
40.4424,-73.7071,temperate,4,0.77,-4.68,1.94,6.14,2.1,0.549,-78,wait
40.4432,-73.8019,temperate,7,2.72,-4.13,0.01,6.2,11.46,0.44,-82,wait
41.0326,-73.9978,temperate,10,-2.14,-7.35,0.99,6.26,7.93,0.488,-82,wait
40.3458,-73.9423,temperate,13,-1.89,-6.26,0,6.34,3.42,0.453,-74,wait
40.9999,-73.7995,temperate,16,-1.52,-8.11,0,6.43,9.0,0.46,-74,wait
40.4053,-74.0643,temperate,19,3.44,0.24,5.37,6.53,9.53,0.606,-71,wait
40.9821,-73.8759,temperate,22,3.99,0.71,0.73,6.64,6.91,0.356,-56,wait
40.7695,-73.6446,temperate,25,3.69,-0.98,0,6.75,0.43,0.483,-65,wait
40.909,-74.282,temperate,28,2.73,-4.97,0,6.88,12.36,0.45,-65,wait
40.8975,-73.7297,temperate,31,1.64,-2.23,3.83,7.01,9.51,0.659,-51,wait
40.6704,-74.307,temperate,34,0.48,-3.89,0.12,7.15,10.95,0.464,-59,wait
40.474,-74.1004,temperate,37,1.45,-5.2,2.25,7.3,12.92,0.638,-53,wait
40.8905,-74.1516,temperate,40,1.86,-4.76,1.28,7.46,15.62,0.519,-49,wait
40.4594,-73.6166,temperate,43,4.14,-0.3,0.73,7.62,13.08,0.418,-46,wait
40.9636,-73.8504,temperate,46,3.93,-1.27,2.77,7.79,10.06,0.512,-29,wait
40.9487,-73.763,temperate,49,3.92,-3.83,0.2,7.97,6.81,0.425,-33,wait
40.4686,-74.2254,temperate,52,4.68,-1.82,0,8.15,7.82,0.45,-41,wait
40.5978,-74.0977,temperate,55,5.56,-2.05,0,8.33,7.4,0.376,-26,wait
40.6804,-74.1307,temperate,58,8.09,4.92,0.35,8.52,2.63,0.44,-37,wait
40.7933,-73.9251,temperate,61,10.56,6.63,0.45,8.71,9.86,0.35,-34,wait
40.8428,-74.1599,temperate,64,9.9,3.25,0,8.91,8.49,0.371,-12,wait
40.5155,-73.938,temperate,67,12.16,4.77,1.56,9.11,0.57,0.377,-15,wait
41.0779,-73.7985,temperate,70,10.5,6.68,2.05,9.31,10.93,0.44,-9,wait
40.667,-74.2677,temperate,73,8.34,3.67,6.34,9.52,5.36,0.625,-18,wait
40.6492,-73.8207,temperate,76,8.18,4.44,2.46,9.72,5.73,0.387,-12,wait
40.8494,-73.841,temperate,79,9.72,3.94,1.23,9.93,7.61,0.322,-13,wait
40.5547,-73.6518,temperate,82,14.89,8.55,4.03,10.14,2.54,0.518,-10,walk
40.3573,-74.0094,temperate,85,12.43,7.8,1.88,10.34,13.87,0.463,9,walk
40.7012,-74.3987,temperate,88,15.09,9.16,2.98,10.55,13.39,0.464,4,walk
40.6483,-74.1283,temperate,91,14.85,9.86,3.78,10.75,9.35,0.453,-3,walk
41.064,-74.2564,temperate,94,15.79,10.66,2.07,10.95,11.86,0.42,0,walk
40.6236,-73.7545,temperate,97,14.85,9.26,5.34,11.15,12.49,0.501,5,walk
40.6214,-73.7829,temperate,100,14.02,10.37,0,11.35,7.73,0.177,25,walk
40.9248,-73.8304,temperate,103,15.45,11.15,0.69,11.54,3.94,0.352,22,garden
40.364,-74.3944,temperate,106,19.26,11.4,3.46,11.73,9.62,0.367,23,garden
40.6718,-74.3681,temperate,109,20.43,13.9,2.38,11.91,12.81,0.337,28,garden
40.5369,-73.7447,temperate,112,20.49,15.19,5.07,12.09,9.67,0.421,30,garden
40.5858,-74.3707,temperate,115,19.06,15.16,2.27,12.27,8.59,0.29,40,wait
41.0142,-74.1237,temperate,118,20.73,16.49,3.27,12.43,8.9,0.4,43,garden
40.3325,-74.1387,temperate,121,19.53,13.45,6.27,12.59,3.77,0.606,42,walk
40.363,-73.658,temperate,124,17.47,11.43,1.9,12.75,0.78,0.247,45,walk
40.3634,-73.6701,temperate,127,22.18,17.07,7.35,12.89,9.37,0.492,52,walk
40.495,-73.7608,temperate,130,23.89,16.92,0,13.03,2.4,0.174,52,walk
40.8372,-73.9163,temperate,133,20.74,15.37,2.64,13.16,3.72,0.372,43,garden
40.5198,-74.03,temperate,136,24.32,17.93,2.21,13.29,12.05,0.16,54,walk
40.5303,-73.8304,temperate,139,23.94,17.77,3.67,13.4,9.64,0.376,51,garden
40.5557,-73.7419,temperate,142,24.47,18.53,1.32,13.5,5.32,0.188,64,walk
40.3258,-73.7182,temperate,145,20.71,13.43,0.03,13.6,8.03,0.127,62,walk
40.5335,-74.1477,temperate,148,25.86,19.7,0.79,13.68,6.62,0.108,69,walk
40.912,-73.7989,temperate,151,24.33,21.18,1.65,13.76,6.29,0.199,69,walk
40.9797,-74.3224,temperate,154,22.18,15.46,4.44,13.82,7.75,0.402,71,garden
40.5816,-74.2258,temperate,157,21.95,13.99,1.37,13.88,6.92,0.176,74,walk
40.5542,-73.9715,temperate,160,26.18,21.78,2.86,13.93,2.4,0.299,85,garden
40.9987,-74.08,temperate,163,23.23,15.94,0.27,13.96,8.14,0.238,82,walk
40.8225,-73.6206,temperate,166,20.97,13.82,2.74,13.98,2.17,0.361,74,garden
40.8857,-73.6436,temperate,169,23.45,17.27,1.7,14.0,6.52,0.266,76,garden
41.0068,-73.8767,temperate,172,22.95,18.7,0.45,14.0,6.09,0.104,88,garden
41.0497,-73.6629,temperate,175,24.29,16.97,3.2,13.99,6.08,0.28,87,garden
40.6549,-74.2065,temperate,178,22.86,18.39,3.57,13.97,6.32,0.335,90,garden
40.8776,-74.3441,temperate,181,21.89,16.59,0.22,13.94,2.4,0.255,91,garden
40.6337,-74.192,temperate,184,25.2,18.79,0.49,13.9,10.69,0.153,101,walk
40.9622,-74.3522,temperate,187,24.86,21.25,2.98,13.85,2.31,0.295,92,garden
40.652,-73.7701,temperate,190,25.25,18.11,2.41,13.79,6.87,0.235,111,walk
40.8252,-74.2864,temperate,193,20.79,13.56,2.63,13.72,2.74,0.38,103,garden
40.6933,-74.2042,temperate,196,21.39,15.97,2.34,13.64,11.57,0.338,115,garden
40.3286,-74.288,temperate,199,21.22,16.74,0,13.55,10.4,0.225,122,walk
40.4266,-73.8929,temperate,202,22.49,19.36,4.38,13.45,4.48,0.431,116,garden
40.9873,-74.1942,temperate,205,21.88,16.68,1.58,13.34,14.34,0.295,114,garden
40.8964,-73.6031,temperate,208,20.05,12.79,1.52,13.23,6.87,0.178,124,walk
40.5995,-73.7077,temperate,211,20.73,14.64,3.38,13.1,11.22,0.291,132,garden
40.3518,-74.2201,temperate,214,20.81,16.96,1.27,12.96,7.61,0.333,119,garden
40.6675,-73.6698,temperate,217,18.71,14.96,0,12.82,3.92,0.14,128,walk
40.5908,-74.3737,temperate,220,22.45,15.25,4.48,12.67,2.23,0.398,132,garden
41.0763,-74.3552,temperate,223,20.3,12.54,0.91,12.52,7.85,0.334,145,garden
40.4827,-73.8261,temperate,226,19.45,15.21,2.37,12.35,14.56,0.364,151,garden
40.406,-74.1578,temperate,229,16.61,8.71,2.34,12.18,11.21,0.408,136,garden
40.8071,-74.2429,temperate,232,16.26,12.04,2.67,12.0,3.46,0.3,138,garden
40.3077,-74.0562,temperate,235,15.17,11.75,3.31,11.82,12.73,0.369,155,garden
40.665,-74.3996,temperate,238,19.34,12.74,0,11.64,10.02,0.226,163,walk
40.8162,-74.1886,temperate,241,17.87,11.86,1.25,11.45,8.12,0.291,162,garden
41.0566,-74.0099,temperate,244,15.95,11.24,1.46,11.25,3.75,0.349,152,garden
40.3757,-73.7104,temperate,247,14.08,6.21,1.33,11.05,8.44,0.253,165,garden
40.7014,-74.144,temperate,250,13.62,7.18,3.08,10.85,5.64,0.355,162,garden
40.4535,-74.083,temperate,253,14.14,10.62,1.65,10.65,13.22,0.37,162,garden
40.931,-73.7762,temperate,256,11.37,7.58,1.57,10.45,4.97,0.39,176,garden
40.8814,-73.7366,temperate,259,11.34,3.67,0,10.24,9.38,0.269,168,garden
40.627,-73.8834,temperate,262,11.0,6.46,0,10.03,5.37,0.214,179,walk
40.5988,-74.1425,temperate,265,9.32,4.04,0.64,9.83,15.3,0.306,178,garden
40.5192,-74.3405,temperate,268,12.61,7.98,0,9.62,7.02,0.235,189,wait
40.6121,-73.6322,temperate,271,8.21,1.6,3.7,9.42,6.07,0.623,177,garden
40.5208,-74.1044,temperate,274,10.88,6.63,3.85,9.21,7.56,0.418,180,garden
40.9992,-73.9282,temperate,277,11.58,8.02,3.41,9.01,12.97,0.441,195,garden
40.9538,-73.8483,temperate,280,8.88,3.07,0,8.81,9.35,0.348,193,garden
40.6567,-73.6923,temperate,283,5.7,-1.15,3.33,8.62,3.5,0.593,199,wait
40.8981,-74.3815,temperate,286,5.38,0.04,0,8.43,8.88,0.418,199,wait
41.0917,-74.1012,temperate,289,4.43,-0.62,0,8.24,10.8,0.304,210,wait
40.7599,-73.8925,temperate,292,6.56,-1.42,5.13,8.05,5.97,0.59,214,wait
40.3702,-73.662,temperate,295,7.04,1.21,4.64,7.88,6.88,0.6,216,wait
41.0115,-73.6045,temperate,298,5.77,-2.19,1.24,7.7,1.17,0.426,211,wait
40.6212,-74.1649,temperate,301,2.53,-2.12,2.29,7.54,12.76,0.524,219,wait
40.9142,-73.9741,temperate,304,4.88,-0.07,2.96,7.38,8.19,0.467,216,wait
40.9184,-74.2351,temperate,307,4.6,0.6,3.18,7.23,0.21,0.63,230,wait
40.3554,-73.7036,temperate,310,1.33,-1.8,0,7.08,3.39,0.489,232,wait
40.4738,-74.1157,temperate,313,5.4,-0.89,1.56,6.94,10.28,0.558,225,wait
40.9834,-74.2331,temperate,316,0.27,-7.22,0,6.82,10.81,0.422,235,wait
40.4401,-73.6694,temperate,319,-0.62,-5.81,2.29,6.69,14.51,0.59,227,wait
41.0963,-74.0679,temperate,322,3.1,-0.51,1.24,6.58,5.98,0.471,246,wait
40.9427,-74.0798,temperate,325,-0.3,-3.75,0,6.48,7.8,0.455,244,walk
41.0998,-74.3324,temperate,328,3.3,-1.47,4.79,6.39,5.45,0.635,253,wait
40.3363,-73.7221,temperate,331,1.77,-3.18,0,6.3,9.76,0.383,256,wait
40.9419,-73.7069,temperate,334,-1.25,-4.3,0.11,6.23,7.74,0.465,240,wait
40.8936,-73.7517,temperate,337,1.46,-3.4,0.19,6.17,9.19,0.376,258,wait
40.5985,-73.7269,temperate,340,-1.58,-8.97,2.12,6.11,9.51,0.575,254,wait
40.3372,-74.0984,temperate,343,0.94,-2.21,1.67,6.07,8.16,0.516,252,wait
40.3531,-73.625,temperate,346,0.7,-4.93,1.39,6.04,8.58,0.59,253,wait
40.6756,-73.6777,temperate,349,-0.17,-5.25,2.93,6.01,5.43,0.67,274,walk
40.9649,-73.943,temperate,352,-2.23,-8.51,0,6.0,12.12,0.521,272,wait
40.5258,-73.908,temperate,355,-2.24,-7.82,1.58,6.0,5.91,0.589,263,wait
40.7159,-73.9383,temperate,358,-1.47,-5.72,0.99,6.01,4.64,0.56,277,wait
40.9806,-73.8017,temperate,361,2.39,-4.4,2.62,6.03,11.08,0.583,284,wait
40.4295,-74.142,temperate,364,1.98,-4.17,2.73,6.06,2.73,0.465,289,wait
41.0942,-74.0374,temperate,1,0.7,-4.72,0,6.09,12.68,0.505,-76,wait
41.014,-74.1958,temperate,4,-1.01,-6.21,1.11,6.14,2.16,0.521,-81,wait
40.5103,-73.7744,temperate,7,2.43,-3.01,0,6.2,6.22,0.453,-78,wait
40.8702,-74.299,temperate,10,0.35,-2.77,0.34,6.26,7.52,0.558,-82,wait
40.956,-73.6915,temperate,13,0.12,-5.15,0,6.34,4.89,0.542,-66,wait
40.924,-73.9497,temperate,16,1.36,-2.35,0,6.43,1.73,0.373,-68,wait
40.427,-73.8557,temperate,19,1.77,-1.46,0,6.53,6.97,0.467,-60,wait
40.7877,-73.7134,temperate,22,2.72,-4.57,1.89,6.64,17.14,0.554,-56,wait
40.6744,-74.2911,temperate,25,0.93,-6.86,2.79,6.75,6.94,0.658,-57,wait
40.3535,-73.7959,temperate,28,5.27,2.26,1.18,6.88,13.1,0.405,-48,wait
40.4276,-74.0648,temperate,31,0.88,-4.53,4.06,7.01,17.04,0.737,-57,wait
40.3988,-73.8083,temperate,34,4.01,-0.23,0.35,7.15,10.31,0.507,-57,wait
40.7165,-73.9806,temperate,37,6.57,2.81,0,7.3,10.08,0.42,-58,wait
40.6635,-74.3437,temperate,40,6.0,0.01,1.44,7.46,12.27,0.511,-38,wait
40.5044,-73.8985,temperate,43,7.74,0.18,0.33,7.62,10.68,0.468,-40,wait
40.3824,-73.6019,temperate,46,4.93,1.08,0.2,7.79,0.24,0.396,-40,wait
40.8104,-73.7079,temperate,49,6.52,0.52,0,7.97,14.14,0.402,-33,wait
40.501,-74.1147,temperate,52,5.12,-1.5,0.95,8.15,11.01,0.435,-30,wait
40.3832,-73.7753,temperate,55,4.07,-2.49,0,8.33,8.48,0.343,-27,wait
40.7723,-73.7651,temperate,58,8.81,3.01,2.21,8.52,4.69,0.454,-25,wait
40.615,-73.8046,temperate,61,10.87,4.99,3.71,8.71,12.57,0.472,-15,wait
40.8025,-73.7779,temperate,64,7.82,0.88,2.76,8.91,3.82,0.495,-19,wait
40.6297,-74.3773,temperate,67,10.35,7.22,0.8,9.11,7.64,0.45,-25,wait
40.927,-74.1404,temperate,70,9.68,2.23,0,9.31,12.71,0.299,-18,wait
40.8926,-73.7973,temperate,73,11.75,5.58,1.34,9.52,5.65,0.382,-5,wait
40.969,-74.2179,temperate,76,12.86,9.0,0.34,9.72,8.0,0.276,-2,wait
40.9053,-74.2383,temperate,79,13.77,10.26,0.7,9.93,2.38,0.275,-1,wait
40.5582,-74.3108,temperate,82,14.55,9.12,1.38,10.14,11.67,0.31,-8,walk
40.7948,-74.3393,temperate,85,13.52,5.98,1.71,10.34,3.12,0.418,7,walk
40.7263,-74.0826,temperate,88,11.21,4.65,5.04,10.55,4.99,0.632,-3,walk
41.0766,-74.1409,temperate,91,16.79,13.27,6.03,10.75,6.0,0.619,5,walk
40.9666,-73.6134,temperate,94,13.21,6.08,2.53,10.95,10.32,0.51,-1,walk
40.986,-74.0134,temperate,97,13.93,9.8,1.67,11.15,5.76,0.262,9,walk
40.8018,-73.6891,temperate,100,15.68,9.9,3.81,11.35,7.97,0.382,21,garden
40.5916,-73.6596,temperate,103,19.5,12.77,0.98,11.54,2.92,0.316,16,garden
40.7632,-74.3227,temperate,106,15.6,9.9,5.22,11.73,10.86,0.48,18,garden
40.5787,-73.8383,temperate,109,20.25,12.32,1.86,11.91,3.22,0.211,33,walk
40.6977,-74.0511,temperate,112,21.14,14.03,2.76,12.09,11.13,0.391,31,garden
40.865,-74.349,temperate,115,21.52,17.66,0.12,12.27,6.12,0.1,31,walk
40.6926,-73.8366,temperate,118,18.43,10.65,2.25,12.43,11.01,0.412,23,garden
40.7559,-73.6992,temperate,121,22.44,14.51,2.98,12.59,12.28,0.326,35,garden
40.3424,-73.7964,temperate,124,22.92,19.2,0,12.75,6.51,0.126,29,walk
40.499,-73.9188,temperate,127,21.21,14.34,3.15,12.89,8.63,0.325,37,garden
40.3753,-74.0772,temperate,130,22.65,18.76,3.71,13.03,13.26,0.351,38,garden
40.549,-74.2581,temperate,133,22.7,16.27,3.16,13.16,4.31,0.319,48,garden
40.8064,-74.1282,temperate,136,21.44,17.18,3.81,13.29,9.68,0.313,52,garden
40.3764,-74.3986,temperate,139,23.71,18.09,5.21,13.4,8.7,0.51,45,garden
40.9875,-73.6354,temperate,142,25.42,22.36,1.71,13.5,11.03,0.278,65,garden
40.7592,-73.6869,temperate,145,20.93,14.82,3.08,13.6,10.55,0.312,54,garden
41.0482,-73.6894,temperate,148,24.29,16.89,3.0,13.68,10.04,0.36,53,garden
40.4339,-74.3202,temperate,151,25.04,21.44,6.78,13.76,4.24,0.398,61,walk
40.9273,-73.6448,temperate,154,21.63,17.86,1.13,13.82,5.63,0.227,76,walk
40.6234,-74.1133,temperate,157,24.65,21.33,2.53,13.88,10.21,0.36,77,garden
40.7159,-73.8692,temperate,160,26.28,18.67,4.14,13.93,0.14,0.37,83,garden
40.526,-74.2916,temperate,163,22.8,17.17,0.3,13.96,5.76,0.159,85,walk
40.5572,-74.0127,temperate,166,25.53,21.07,1.07,13.98,5.1,0.16,86,wait
40.3333,-73.6426,temperate,169,23.32,17.84,2.87,14.0,4.79,0.339,75,garden
40.3378,-74.1576,temperate,172,22.84,16.9,4.53,14.0,5.07,0.419,78,garden
40.4426,-74.1033,temperate,175,22.1,14.28,6.04,13.99,10.42,0.55,96,walk
40.4629,-74.2346,temperate,178,25.11,17.56,6.48,13.97,13.69,0.539,93,walk
40.8277,-73.6678,temperate,181,24.67,21.6,3.7,13.94,6.72,0.364,95,wait
40.779,-73.9026,temperate,184,22.7,18.81,1.39,13.9,9.84,0.319,101,wait
41.0029,-73.8107,temperate,187,22.11,14.5,1.17,13.85,2.3,0.312,101,garden
40.6906,-73.9199,temperate,190,22.02,15.56,0.72,13.79,10.08,0.166,101,walk
40.3915,-74.2729,temperate,193,23.93,18.95,1.77,13.72,3.88,0.272,105,garden
40.5292,-73.7156,temperate,196,24.67,21.34,1.32,13.64,7.44,0.256,113,garden
40.6984,-74.2983,temperate,199,21.23,14.42,0,13.55,13.11,0.125,106,walk
40.8549,-74.3461,temperate,202,25.33,19.99,3.61,13.45,9.83,0.381,112,garden
40.4512,-74.2317,temperate,205,21.65,16.79,2.34,13.34,3.69,0.35,126,garden
40.4605,-73.8847,temperate,208,20.59,14.74,4.23,13.23,6.84,0.494,118,garden
40.8769,-74.3798,temperate,211,20.65,16.88,2.31,13.1,9.4,0.244,122,walk
40.3454,-73.8522,temperate,214,20.54,13.32,1.18,12.96,6.04,0.184,136,walk
40.8475,-74.3953,temperate,217,19.93,14.26,1.6,12.82,6.34,0.368,133,wait
40.3591,-73.8809,temperate,220,17.04,13.75,0.53,12.67,11.36,0.335,145,garden
40.4901,-74.0076,temperate,223,22.01,14.32,1.5,12.52,5.43,0.273,142,garden
40.5881,-74.2845,temperate,226,17.55,9.65,1.01,12.35,4.54,0.361,145,garden
40.6454,-74.1601,temperate,229,19.37,15.49,9.86,12.18,4.94,0.777,145,walk
40.5824,-73.6465,temperate,232,15.27,10.22,5.35,12.0,2.64,0.624,141,garden
40.8323,-74.2935,temperate,235,17.0,11.91,2.28,11.82,3.69,0.329,151,garden
40.6707,-73.71,temperate,238,17.09,12.86,1.9,11.64,2.96,0.421,162,garden
40.5403,-73.7337,temperate,241,18.09,13.22,1.8,11.45,11.74,0.308,163,garden
41.0497,-74.0546,temperate,244,17.4,11.29,3.83,11.25,8.88,0.434,154,garden
40.813,-73.9399,temperate,247,17.82,14.7,3.2,11.05,12.99,0.322,170,garden
41.0464,-73.9101,temperate,250,16.37,12.61,1.89,10.85,10.75,0.388,170,garden
40.9956,-74.1348,temperate,253,15.37,7.99,0.93,10.65,1.71,0.221,158,walk
40.5904,-73.6726,temperate,256,10.88,3.22,0.45,10.45,13.17,0.428,170,garden
40.4278,-73.6956,temperate,259,13.22,6.08,0,10.24,8.97,0.243,167,walk
41.0866,-73.848,temperate,262,10.08,6.49,4.24,10.03,5.8,0.548,187,garden
40.6048,-74.0965,temperate,265,13.91,6.03,0.62,9.83,6.07,0.296,171,garden
40.6579,-74.3841,temperate,268,8.89,5.79,0,9.62,1.17,0.425,191,garden
40.408,-74.1599,temperate,271,10.2,3.84,0.19,9.42,11.03,0.249,187,wait
40.8691,-73.641,temperate,274,9.0,5.25,4.74,9.21,7.68,0.608,199,garden
40.5922,-74.1978,temperate,277,6.53,0.52,1.31,9.01,7.32,0.512,195,wait
40.491,-74.1547,temperate,280,8.52,0.61,1.56,8.81,7.51,0.385,190,wait
40.5663,-74.3749,temperate,283,7.55,2.38,4.42,8.62,9.67,0.629,202,wait
40.604,-74.3712,temperate,286,9.51,1.88,3.81,8.43,8.35,0.482,197,garden
40.5737,-73.6457,temperate,289,7.75,1.26,0,8.24,14.19,0.424,207,wait
41.0307,-73.7108,temperate,292,7.48,1.72,0,8.05,8.22,0.439,199,wait
40.4232,-73.7588,temperate,295,8.01,4.89,3.54,7.88,12.9,0.476,205,garden
40.7662,-73.6275,temperate,298,6.79,-0.53,1.53,7.7,8.04,0.503,222,wait
40.4596,-73.8031,temperate,301,7.43,1.28,0,7.54,13.17,0.38,207,wait
40.8736,-74.0905,temperate,304,1.63,-1.83,1.37,7.38,7.89,0.556,216,wait
40.8853,-73.9266,temperate,307,4.43,0.47,2.49,7.23,2.28,0.518,217,wait
40.7336,-73.6218,temperate,310,5.41,0.2,0.39,7.08,7.92,0.497,223,wait
40.8082,-73.9262,temperate,313,4.03,-2.48,2.34,6.94,9.18,0.481,225,wait
40.8239,-73.6255,temperate,316,3.06,-2.48,0.73,6.82,12.11,0.513,228,wait
40.9542,-74.336,temperate,319,0.59,-6.18,1.86,6.69,8.57,0.505,225,wait
41.0316,-73.8415,temperate,322,3.33,-3.25,4.49,6.58,8.5,0.551,245,wait
40.6844,-74.0002,temperate,325,2.07,-5.72,0,6.48,5.28,0.388,241,wait
40.6278,-73.696,temperate,328,2.74,-1.83,2.5,6.39,7.99,0.558,234,wait
40.4137,-73.7996,temperate,331,-0.15,-7.13,3.11,6.3,6.63,0.681,250,wait
40.5926,-74.0525,temperate,334,0.2,-2.92,2.32,6.23,10.68,0.661,259,wait
40.4199,-74.1301,temperate,337,2.4,-5.13,4.02,6.17,15.86,0.564,242,wait
40.7855,-74.0007,temperate,340,-2.54,-7.5,0,6.11,17.41,0.492,252,wait
40.5586,-74.0186,temperate,343,-0.18,-7.44,0,6.07,8.47,0.423,251,wait
40.8052,-74.1291,temperate,346,-1.16,-5.33,4.58,6.04,5.48,0.677,251,wait
40.9457,-73.7087,temperate,349,-1.1,-7.19,0,6.01,4.51,0.47,264,wait
40.8506,-73.6719,temperate,352,-0.78,-8.63,3.21,6.0,9.68,0.604,263,wait
40.5648,-74.2445,temperate,355,2.42,-3.75,3.06,6.0,5.37,0.529,270,wait
40.9507,-74.2007,temperate,358,-2.21,-6.81,0,6.01,0.11,0.423,281,wait
40.365,-74.0072,temperate,361,0.47,-6.98,0,6.03,15.6,0.421,270,wait
40.521,-74.2855,temperate,364,0.8,-6.65,2.72,6.06,7.18,0.566,275,wait
40.4169,-74.1818,temperate,1,2.35,-0.94,1.26,6.09,13.66,0.449,-75,wait
41.039,-73.9159,temperate,4,-0.67,-8.6,0,6.14,4.97,0.523,-71,wait
40.6384,-73.7451,temperate,7,-0.64,-3.94,3.02,6.2,4.77,0.61,-81,wait
40.672,-73.6722,temperate,10,-2.14,-6.45,1.48,6.26,8.71,0.581,-72,wait
40.6648,-74.2418,temperate,13,-1.08,-7.21,0,6.34,6.17,0.515,-79,wait
40.7421,-74.1049,temperate,16,1.94,-2.49,0,6.43,6.17,0.329,-78,wait
40.7905,-73.7916,temperate,19,0.48,-6.12,0,6.53,6.26,0.473,-64,wait
41.0416,-74.2881,temperate,22,2.77,-1.85,1.22,6.64,6.87,0.479,-69,wait
40.6301,-73.7993,temperate,25,-0.12,-3.94,1.0,6.75,6.29,0.474,-59,wait
40.3716,-74.2342,temperate,28,2.59,-3.13,0,6.88,7.11,0.397,-63,wait
40.9743,-74.2196,temperate,31,0.99,-5.82,2.17,7.01,5.89,0.458,-47,garden
40.61,-73.8925,temperate,34,0.71,-3.38,1.33,7.15,10.29,0.581,-45,wait
40.3321,-73.9283,temperate,37,3.28,-2.27,1.09,7.3,8.85,0.507,-45,wait
40.9632,-74.0823,temperate,40,2.63,-3.29,4.31,7.46,8.28,0.649,-44,wait
40.4279,-74.2387,temperate,43,2.78,-0.26,0,7.62,3.98,0.368,-41,wait
40.6564,-73.6258,temperate,46,6.02,1.34,0.48,7.79,10.75,0.322,-40,wait
40.9994,-74.2399,temperate,49,6.93,0.08,1.48,7.97,9.88,0.415,-43,wait
40.3435,-73.8991,temperate,52,6.86,0.12,2.69,8.15,2.8,0.576,-34,wait
40.9883,-74.2349,temperate,55,7.39,-0.03,1.16,8.33,12.78,0.378,-34,wait
40.6841,-73.9226,temperate,58,10.24,5.3,0,8.52,18.19,0.342,-32,wait
40.7954,-73.7143,temperate,61,9.91,3.58,1.94,8.71,7.39,0.345,-34,wait
40.5944,-73.8834,temperate,64,11.42,3.77,0.55,8.91,11.7,0.349,-26,wait
41.0188,-74.1584,temperate,67,12.16,5.45,0.07,9.11,10.32,0.332,-19,wait
40.8455,-74.3757,temperate,70,8.52,0.87,3.93,9.31,3.33,0.481,-5,wait
40.5185,-74.382,temperate,73,13.14,7.76,2.05,9.52,8.15,0.335,-4,wait
40.646,-74.0274,temperate,76,11.55,8.24,0.7,9.72,5.4,0.32,-7,walk
40.8751,-74.2378,temperate,79,9.84,6.78,3.54,9.93,4.49,0.596,-8,wait
40.3353,-73.9494,temperate,82,11.02,4.66,3.76,10.14,7.41,0.538,-13,walk
40.3707,-74.1062,temperate,85,15.17,9.38,1.47,10.34,1.22,0.377,-9,walk
40.8882,-74.1226,temperate,88,15.57,9.85,0,10.55,14.16,0.301,10,walk
40.6263,-73.6309,temperate,91,12.3,7.29,0.69,10.75,8.75,0.289,11,walk
40.9894,-74.2686,temperate,94,12.38,8.12,5.45,10.95,14.92,0.597,13,walk
40.8958,-73.7191,temperate,97,12.72,7.19,4.28,11.15,3.68,0.525,19,garden
41.0924,-73.9648,temperate,100,16.49,8.61,3.48,11.35,0.8,0.397,18,garden
40.9302,-74.0087,temperate,103,16.75,10.87,2.43,11.54,13.06,0.45,15,garden
40.5809,-74.0736,temperate,106,16.15,8.96,0,11.73,14.72,0.253,23,garden
41.0145,-73.6246,temperate,109,19.25,15.72,1.1,11.91,4.6,0.331,20,garden
40.4674,-73.8894,temperate,112,20.08,14.6,5.16,12.09,4.89,0.418,29,garden
40.6621,-74.3048,temperate,115,21.51,17.55,4.17,12.27,8.34,0.331,22,garden
40.6428,-73.9282,temperate,118,21.97,15.66,5.19,12.43,8.36,0.404,34,garden
40.5046,-74.0211,temperate,121,19.65,13.58,4.75,12.59,9.21,0.348,36,garden
40.8479,-73.6043,temperate,124,22.03,15.27,2.76,12.75,3.84,0.33,40,garden
40.8794,-73.8275,temperate,127,19.96,12.15,2.55,12.89,6.3,0.278,34,garden
40.7421,-73.8368,temperate,130,23.63,18.36,2.49,13.03,5.03,0.376,36,garden
40.6555,-73.9983,temperate,133,21.2,15.13,5.01,13.16,11.41,0.454,38,garden
40.3941,-73.9866,temperate,136,21.64,15.15,0,13.29,13.88,0.21,42,walk
40.4238,-73.7301,temperate,139,20.24,14.98,2.85,13.4,7.09,0.359,57,garden
40.3351,-74.2539,temperate,142,20.71,15.27,5.96,13.5,8.25,0.55,52,garden
40.4114,-73.8077,temperate,145,21.84,15.42,3.31,13.6,5.62,0.332,53,garden
41.0182,-74.1054,temperate,148,25.73,19.92,0.73,13.68,9.45,0.205,53,walk
40.5102,-73.6411,temperate,151,23.54,18.45,4.59,13.76,8.9,0.426,58,garden
40.7563,-73.8683,temperate,154,22.62,17.61,6.31,13.82,3.77,0.558,62,wait
40.3927,-74.3682,temperate,157,23.32,15.33,1.41,13.88,10.23,0.142,67,walk
40.3902,-73.8673,temperate,160,21.99,17.49,2.46,13.93,4.02,0.272,81,garden
40.4509,-74.0202,temperate,163,24.39,21.35,3.29,13.96,6.52,0.394,83,garden
40.4016,-73.9921,temperate,166,23.82,20.33,0.34,13.98,11.67,0.178,73,walk
40.6308,-73.8995,temperate,169,26.16,22.82,0,14.0,7.01,0.136,81,walk
40.3221,-73.8627,temperate,172,26.62,19.48,0,14.0,11.71,0.1,87,walk
41.0595,-73.9924,temperate,175,26.56,21.61,0,13.99,3.02,0.168,84,walk
40.6462,-74.3753,temperate,178,23.36,16.0,1.52,13.97,5.77,0.238,98,walk
40.5247,-73.8799,temperate,181,21.23,17.81,3.37,13.94,6.59,0.382,97,garden
40.6089,-73.7031,temperate,184,26.63,21.92,3.91,13.9,3.33,0.396,104,garden
40.5697,-73.8469,temperate,187,24.69,18.22,4.92,13.85,5.48,0.419,110,garden
40.7755,-74.2177,temperate,190,26.23,20.57,1.96,13.79,7.04,0.246,103,walk
40.7141,-74.0708,temperate,193,25.73,21.11,2.59,13.72,10.6,0.352,104,garden
40.8507,-74.248,temperate,196,21.51,16.39,0.65,13.64,2.24,0.292,105,garden
40.8797,-73.6991,temperate,199,23.77,17.21,1.22,13.55,7.12,0.206,120,walk
40.6,-74.0867,temperate,202,23.19,19.16,3.44,13.45,0.7,0.269,127,garden
41.0732,-73.7495,temperate,205,23.33,15.67,0.73,13.34,8.93,0.146,112,walk
40.7405,-73.7431,temperate,208,24.58,21.56,4.25,13.23,16.65,0.441,127,garden
40.6811,-74.0905,temperate,211,21.37,16.26,1.94,13.1,19.25,0.306,131,walk
40.7388,-74.1853,temperate,214,18.61,14.71,0.18,12.96,13.5,0.138,121,walk
40.3891,-73.6185,temperate,217,22.17,14.54,1.98,12.82,5.5,0.35,140,garden
40.5828,-74.2109,temperate,220,21.33,16.91,2.58,12.67,10.82,0.333,133,garden
40.793,-73.6364,temperate,223,16.68,10.76,2.6,12.52,5.55,0.465,140,garden
40.6251,-74.2064,temperate,226,16.6,9.9,4.07,12.35,7.58,0.443,134,garden
40.9887,-73.7203,temperate,229,19.2,11.74,3.91,12.18,6.4,0.306,143,garden
40.6076,-73.908,temperate,232,17.69,13.53,3.68,12.0,4.64,0.401,141,garden
40.3166,-73.994,temperate,235,16.75,11.05,1.94,11.82,16.19,0.336,156,garden
40.6232,-74.2257,temperate,238,16.24,11.03,2.81,11.64,10.15,0.303,155,garden
40.8492,-73.9494,temperate,241,15.46,11.09,1.57,11.45,0.35,0.311,161,garden
40.6928,-73.8207,temperate,244,16.63,13.31,2.4,11.25,7.18,0.377,160,garden
40.4348,-73.7171,temperate,247,17.62,14.17,2.46,11.05,10.88,0.326,160,garden
40.372,-73.6673,temperate,250,15.43,9.44,3.93,10.85,0.81,0.549,166,wait
40.4133,-74.0513,temperate,253,11.51,5.03,3.27,10.65,8.5,0.556,172,garden
40.7581,-73.7735,temperate,256,15.57,11.64,1.48,10.45,9.3,0.243,163,walk
40.489,-73.7538,temperate,259,14.95,7.62,2.41,10.24,4.71,0.378,177,garden
40.9232,-73.9572,temperate,262,10.28,3.71,3.34,10.03,8.76,0.552,172,garden
40.9131,-73.9894,temperate,265,10.7,6.8,0,9.83,7.46,0.374,180,garden
40.4935,-73.9128,temperate,268,7.99,2.47,2.21,9.62,8.75,0.37,177,wait
40.7848,-74.3662,temperate,271,9.45,2.54,0,9.42,9.03,0.374,183,garden
40.881,-73.689,temperate,274,12.54,8.86,0.63,9.21,12.77,0.323,191,garden
40.7188,-74.0739,temperate,277,8.84,2.6,0,9.01,7.13,0.355,194,garden
40.3924,-73.6767,temperate,280,8.46,2.96,1.66,8.81,5.44,0.447,196,garden
40.8108,-74.2823,temperate,283,7.15,2.65,3.49,8.62,8.69,0.585,194,wait
41.0204,-73.6771,temperate,286,9.47,2.52,1.19,8.43,2.21,0.351,198,garden
40.3411,-73.6418,temperate,289,5.23,0.24,0.75,8.24,4.25,0.363,198,wait
40.9977,-74.3375,temperate,292,8.55,0.93,1.01,8.05,9.27,0.387,209,wait
40.5652,-74.1517,temperate,295,4.39,-2.71,0.65,7.88,7.63,0.524,215,wait
40.8045,-74.103,temperate,298,5.16,2.1,3.86,7.7,11.93,0.591,204,wait
40.7136,-74.3014,temperate,301,4.31,-0.36,0,7.54,5.59,0.361,217,wait
41.0989,-74.2773,temperate,304,3.77,-1.67,1.25,7.38,6.92,0.521,227,wait
41.032,-74.3254,temperate,307,5.63,0.98,0.48,7.23,1.68,0.431,216,wait
40.4549,-73.7604,temperate,310,2.55,-2.42,2.84,7.08,8.88,0.651,221,wait
40.33,-73.8182,temperate,313,5.13,-0.0,0,6.94,2.93,0.328,220,wait
40.6677,-73.6805,temperate,316,4.17,0.07,2.24,6.82,6.78,0.544,224,wait
41.0211,-73.8063,temperate,319,2.78,-5.11,4.15,6.69,0.06,0.574,241,wait
40.945,-73.7774,temperate,322,2.54,-2.1,2.89,6.58,13.02,0.606,243,wait
40.8794,-74.0762,temperate,325,-0.09,-7.16,0,6.48,9.29,0.539,239,wait
40.4752,-73.6351,temperate,328,3.87,-0.63,1.82,6.39,6.56,0.422,240,wait
40.565,-74.3351,temperate,331,0.69,-3.07,3.24,6.3,10.9,0.576,248,wait
40.952,-74.2768,temperate,334,-1.34,-6.74,1.87,6.23,7.36,0.523,240,wait
40.6171,-74.2288,temperate,337,0.33,-2.82,2.13,6.17,7.23,0.499,257,wait
40.6015,-74.3337,temperate,340,-0.08,-4.26,1.35,6.11,15.22,0.486,264,wait
40.9349,-73.8421,temperate,343,-2.3,-9.28,3.69,6.07,8.27,0.662,250,wait
41.0345,-73.84,temperate,346,-1.98,-5.24,0.69,6.04,8.19,0.468,262,wait
40.3316,-74.3998,temperate,349,1.04,-2.4,2.07,6.01,10.97,0.461,272,wait
40.7923,-73.9791,temperate,352,2.54,-4.41,4.18,6.0,3.51,0.625,265,wait
40.7119,-74.0029,temperate,355,1.99,-2.43,3.71,6.0,10.17,0.562,280,wait
40.587,-73.9929,temperate,358,-1.63,-6.04,0,6.01,10.26,0.403,278,wait
40.4684,-74.031,temperate,361,-1.14,-7.67,0,6.03,12.22,0.411,275,wait
40.8782,-74.174,temperate,364,1.41,-1.78,5.0,6.06,10.94,0.612,283,wait
40.8373,-73.8165,temperate,1,-0.74,-5.34,1.35,6.09,12.57,0.509,-74,wait
40.3528,-74.3749,temperate,4,-0.77,-7.32,3.52,6.14,4.43,0.608,-79,wait
40.9901,-74.0403,temperate,7,2.71,-1.56,2.11,6.2,12.33,0.553,-76,wait
40.4472,-73.7047,temperate,10,2.69,-4.04,0.42,6.26,2.35,0.529,-67,wait
40.492,-73.9169,temperate,13,-0.98,-5.24,4.6,6.34,12.51,0.659,-81,wait
40.5744,-73.9081,temperate,16,4.04,-3.5,0.82,6.43,3.91,0.495,-59,wait
40.8269,-73.8108,temperate,19,0.61,-2.91,1.91,6.53,2.46,0.478,-72,wait
40.9158,-73.815,temperate,22,1.94,-3.71,6.09,6.64,0.13,0.753,-54,wait
40.3143,-73.9285,temperate,25,-0.5,-8.32,0,6.75,6.21,0.556,-56,walk
41.0385,-73.7322,temperate,28,5.43,2.11,2.2,6.88,4.35,0.485,-48,wait
40.5123,-73.9754,temperate,31,1.37,-2.95,4.24,7.01,3.07,0.708,-46,wait
40.5189,-73.7485,temperate,34,0.7,-7.06,0,7.15,9.26,0.427,-59,wait
40.9151,-73.8693,temperate,37,4.19,-0.9,0,7.3,7.89,0.457,-38,wait
40.6112,-73.8194,temperate,40,4.35,-1.55,0,7.46,6.92,0.452,-48,wait
40.3166,-74.2961,temperate,43,2.93,-3.35,3.31,7.62,8.38,0.545,-45,wait
40.4311,-74.3219,temperate,46,6.87,2.58,0,7.79,3.01,0.347,-36,wait
40.9824,-74.3973,temperate,49,8.49,3.94,0,7.97,6.67,0.258,-42,wait
40.57,-73.9996,temperate,52,4.87,-2.02,2.52,8.15,1.24,0.608,-40,wait
40.3736,-74.2589,temperate,55,9.0,3.33,0,8.33,7.69,0.36,-38,wait
40.4298,-74.1263,temperate,58,9.4,3.68,1.2,8.52,8.77,0.475,-35,wait
40.9341,-74.0541,temperate,61,8.28,1.83,3.31,8.71,19.55,0.564,-23,walk
40.8982,-74.3465,temperate,64,10.58,3.7,0.21,8.91,9.39,0.352,-16,wait
40.814,-74.2407,temperate,67,12.3,8.16,0,9.11,0.63,0.295,-14,wait
40.6324,-73.73,temperate,70,7.2,1.93,3.07,9.31,8.09,0.611,-14,wait
40.7743,-74.0213,temperate,73,13.38,6.06,4.51,9.52,11.93,0.527,-5,wait
40.5496,-73.7423,temperate,76,11.5,5.74,1.27,9.72,5.99,0.432,1,wait
40.9526,-73.6006,temperate,79,10.55,3.26,2.79,9.93,9.14,0.55,-12,wait
40.5399,-74.3818,temperate,82,11.1,3.85,7.9,10.14,6.73,0.679,2,walk
40.3801,-74.3093,temperate,85,15.92,11.28,1.54,10.34,0.16,0.414,9,walk
40.4852,-74.1788,temperate,88,16.5,9.66,2.07,10.55,9.87,0.363,11,walk
40.9962,-73.9631,temperate,91,16.31,10.56,0,10.75,5.97,0.308,13,walk
40.6361,-73.8737,temperate,94,17.3,11.01,4.14,10.95,10.4,0.527,8,walk
40.334,-73.7524,temperate,97,14.08,10.82,6.93,11.15,12.09,0.638,5,walk
40.4347,-73.8812,temperate,100,15.49,11.95,5.07,11.35,15.96,0.589,12,walk
41.0658,-73.7089,temperate,103,17.04,9.71,2.25,11.54,7.46,0.293,12,walk
40.4903,-74.0562,temperate,106,17.25,9.3,4.93,11.73,8.16,0.436,17,garden
40.7627,-74.1845,temperate,109,18.42,13.48,3.26,11.91,5.03,0.31,32,garden
40.6244,-74.2471,temperate,112,18.98,11.53,2.09,12.09,5.04,0.338,17,garden
40.3322,-73.6015,temperate,115,17.32,13.68,3.65,12.27,13.24,0.34,27,garden
40.8215,-73.8262,temperate,118,20.77,14.11,2.07,12.43,6.04,0.237,26,walk
40.995,-74.1399,temperate,121,21.76,18.69,3.56,12.59,9.69,0.285,46,garden
40.6114,-74.2496,temperate,124,19.71,13.41,1.58,12.75,4.08,0.223,49,walk
40.6466,-74.2731,temperate,127,21.68,13.95,2.61,12.89,12.63,0.264,33,garden
40.4126,-74.1765,temperate,130,22.79,15.62,2.47,13.03,3.12,0.23,38,walk
40.4795,-74.2393,temperate,133,21.05,17.98,3.05,13.16,3.21,0.357,49,garden
40.3137,-74.2125,temperate,136,24.04,16.84,4.04,13.29,7.28,0.348,55,garden
40.5967,-74.1962,temperate,139,22.11,18.02,4.76,13.4,6.48,0.499,47,garden
41.0078,-74.207,temperate,142,20.1,12.79,0.79,13.5,7.64,0.219,49,walk
41.0395,-73.6625,temperate,145,21.49,14.44,2.64,13.6,2.06,0.325,69,garden
40.573,-74.0152,temperate,148,23.82,15.93,7.55,13.68,8.21,0.495,70,walk
40.8031,-73.8641,temperate,151,21.4,14.74,2.12,13.76,3.86,0.328,64,garden
40.9862,-74.1145,temperate,154,26.24,20.41,1.28,13.82,11.06,0.211,66,walk
41.0167,-74.215,temperate,157,25.19,19.53,0.38,13.88,8.18,0.166,64,walk
40.4086,-73.8096,temperate,160,25.97,21.95,0,13.93,14.95,0.1,82,walk
41.0118,-73.6855,temperate,163,22.19,18.71,2.32,13.96,16.94,0.27,76,garden
40.8033,-73.7913,temperate,166,21.51,13.89,1.82,13.98,6.86,0.222,90,walk
40.6916,-73.6062,temperate,169,21.26,14.81,0,14.0,6.51,0.223,74,walk
40.6417,-74.1208,temperate,172,25.77,18.34,4.41,14.0,10.79,0.294,95,garden
40.8338,-74.246,temperate,175,23.12,17.85,2.34,13.99,7.12,0.198,100,walk
40.6687,-73.8707,temperate,178,25.85,21.68,3.71,13.97,8.7,0.378,89,garden
40.9089,-73.7322,temperate,181,22.19,18.51,5.76,13.94,13.95,0.401,106,garden
40.7264,-73.8524,temperate,184,23.3,16.86,3.09,13.9,5.96,0.289,94,garden
40.8598,-74.267,temperate,187,25.92,22.38,2.62,13.85,5.25,0.188,95,walk
41.0337,-73.6125,temperate,190,24.66,18.09,4.33,13.79,4.72,0.439,113,garden
40.7888,-73.7642,temperate,193,25.49,21.7,4.97,13.72,7.91,0.393,112,garden
40.5364,-73.782,temperate,196,21.6,17.3,3.23,13.64,14.34,0.396,101,garden
40.8602,-73.6403,temperate,199,22.45,18.99,0,13.55,4.51,0.1,105,walk
40.4438,-73.6994,temperate,202,20.04,14.64,4.72,13.45,5.16,0.483,111,garden
40.7418,-74.1287,temperate,205,23.82,19.62,6.25,13.34,10.48,0.474,112,walk
40.9703,-74.2882,temperate,208,21.9,17.6,1.97,13.23,9.88,0.21,126,walk
40.7374,-73.8098,temperate,211,23.04,16.54,3.46,13.1,9.2,0.323,129,garden
40.9202,-73.8473,temperate,214,19.83,16.0,1.86,12.96,15.65,0.201,119,walk
40.3661,-74.2477,temperate,217,22.64,16.03,3.54,12.82,9.2,0.392,142,garden
40.7839,-73.8246,temperate,220,22.74,19.24,3.02,12.67,3.13,0.291,145,garden
40.5086,-74.332,temperate,223,22.48,17.91,0.83,12.52,1.72,0.211,137,walk
40.9595,-74.1688,temperate,226,20.93,14.93,0.48,12.35,5.9,0.211,133,walk
40.3022,-74.191,temperate,229,19.27,16.06,2.08,12.18,8.79,0.3,134,wait
40.6022,-74.3016,temperate,232,16.49,11.76,1.47,12.0,11.18,0.321,153,garden
40.9573,-73.7719,temperate,235,16.95,9.96,0,11.82,7.1,0.212,141,walk
40.7817,-73.9086,temperate,238,16.16,12.95,1.88,11.64,2.54,0.252,149,garden
40.3516,-74.1858,temperate,241,16.1,11.33,5.94,11.45,7.95,0.602,162,garden
40.8908,-74.1907,temperate,244,13.04,9.43,0,11.25,12.78,0.212,166,walk
40.6025,-73.7889,temperate,247,16.56,8.75,0.94,11.05,4.04,0.285,159,garden
40.5361,-74.2633,temperate,250,14.73,11.41,2.37,10.85,10.31,0.297,167,garden
40.9052,-74.2956,temperate,253,14.38,8.03,2.25,10.65,3.94,0.314,165,garden
40.9988,-73.7424,temperate,256,14.67,7.45,1.65,10.45,8.79,0.441,169,garden
40.3339,-74.0774,temperate,259,11.47,3.56,1.06,10.24,10.39,0.41,173,garden
40.6759,-74.1538,temperate,262,10.48,4.1,0.88,10.03,13.12,0.322,167,garden
40.8846,-74.1053,temperate,265,13.24,5.92,0,9.83,7.17,0.291,170,garden
40.9654,-74.3508,temperate,268,11.2,5.7,3.67,9.62,18.23,0.46,177,walk
40.4729,-73.6242,temperate,271,11.38,8.19,0.93,9.42,6.73,0.425,183,garden
40.4775,-74.2869,temperate,274,11.58,7.61,0,9.21,7.13,0.382,182,garden
40.7852,-74.2411,temperate,277,6.65,3.18,0,9.01,5.13,0.411,185,wait
40.3314,-74.0747,temperate,280,9.0,2.84,1.65,8.81,10.65,0.401,195,garden
40.562,-74.0885,temperate,283,5.06,1.68,4.08,8.62,11.35,0.643,203,wait
40.467,-74.3787,temperate,286,7.05,1.54,0,8.43,10.79,0.435,191,wait
40.3105,-73.8493,temperate,289,8.58,2.65,0.15,8.24,11.57,0.36,213,garden
40.8798,-74.0676,temperate,292,5.17,-1.02,0,8.05,8.11,0.45,216,wait
40.361,-73.917,temperate,295,2.65,-3.46,1.63,7.88,11.73,0.557,204,wait
40.6176,-74.0181,temperate,298,6.97,-0.39,0,7.7,3.98,0.285,212,wait
40.7853,-73.9953,temperate,301,6.64,0.71,1.28,7.54,3.91,0.365,211,wait
40.9858,-74.1648,temperate,304,1.58,-3.68,0.14,7.38,11.58,0.356,210,wait
41.0485,-74.0571,temperate,307,3.8,-1.24,1.13,7.23,0.48,0.485,222,wait
40.3144,-74.3663,temperate,310,6.04,-0.68,0.31,7.08,7.78,0.439,228,wait
40.997,-74.3782,temperate,313,0.99,-6.96,0,6.94,7.66,0.416,237,wait
40.5032,-74.1276,temperate,316,0.37,-4.91,0,6.82,13.98,0.365,226,wait
40.6396,-73.9509,temperate,319,-0.6,-5.75,0,6.69,6.67,0.379,244,wait
40.5432,-73.9564,temperate,322,4.16,-1.94,4.95,6.58,7.24,0.604,228,wait
40.7229,-74.074,temperate,325,3.2,-4.72,1.55,6.48,4.4,0.435,247,wait
40.8552,-73.9155,temperate,328,-0.57,-6.79,0.43,6.39,6.64,0.399,244,wait
41.048,-73.8283,temperate,331,-1.81,-6.65,0,6.3,5.53,0.533,245,wait
40.8008,-73.7867,temperate,334,0.41,-3.87,1.92,6.23,4.2,0.56,257,wait
40.8968,-73.8593,temperate,337,0.93,-3.95,1.52,6.17,4.71,0.525,261,wait
40.8094,-73.945,temperate,340,1.9,-5.37,3.26,6.11,10.6,0.518,256,wait
41.0799,-74.2444,temperate,343,-1.91,-7.74,0.25,6.07,14.62,0.564,266,wait
40.921,-74.0561,temperate,346,-1.84,-5.79,2.58,6.04,14.39,0.666,260,wait
40.6184,-74.3058,temperate,349,0.42,-7.38,3.83,6.01,9.88,0.541,271,wait
41.0958,-74.2175,temperate,352,1.59,-6.27,3.32,6.0,8.82,0.646,266,wait
41.0177,-73.7944,temperate,355,0.64,-3.99,0,6.0,0.55,0.472,276,wait
41.0218,-73.947,temperate,358,2.05,-5.86,3.21,6.01,0.47,0.677,266,wait
40.4173,-73.8713,temperate,361,-0.3,-3.45,2.38,6.03,1.4,0.554,277,wait
40.947,-74.3214,temperate,364,-2.25,-8.01,0,6.06,6.37,0.504,275,walk
34.2003,-118.3985,mild,1,6.25,-1.16,1.58,6.09,0.78,0.413,-39,wait
33.8175,-117.8808,mild,4,2.56,-1.77,0,6.14,7.24,0.477,-37,wait
33.9125,-117.8918,mild,7,6.72,-0.45,2.91,6.2,13.74,0.412,-27,wait
33.7547,-118.1105,mild,10,2.17,-1.11,2.9,6.26,2.13,0.569,-38,wait
33.8234,-118.3656,mild,13,6.97,-0.14,5.96,6.34,9.54,0.636,-36,wait
34.2975,-117.8405,mild,16,5.94,-1.35,0.25,6.43,11.96,0.443,-14,wait
33.9525,-118.1209,mild,19,6.44,0.31,3.02,6.53,9.19,0.548,-23,walk
34.077,-118.3244,mild,22,5.26,1.97,5.1,6.64,5.08,0.684,-15,wait
34.3856,-118.1477,mild,25,6.59,3.13,3.44,6.75,3.38,0.605,-13,wait
34.3762,-118.4412,mild,28,9.23,5.9,1.27,6.88,7.16,0.486,-5,wait
34.3327,-118.279,mild,31,6.76,3.31,4.31,7.01,14.86,0.553,-14,wait
33.6629,-118.4693,mild,34,7.26,-0.37,0,7.15,8.6,0.458,-11,wait
33.9966,-118.1413,mild,37,7.19,3.09,0,7.3,11.52,0.456,-3,wait
34.074,-118.0192,mild,40,7.44,3.84,1.36,7.46,9.54,0.458,-1,wait
33.6756,-118.3797,mild,43,6.88,0.98,5.02,7.62,10.36,0.574,-6,wait
34.3421,-117.876,mild,46,12.34,8.16,1.62,7.79,10.91,0.297,11,wait
34.3025,-117.8846,mild,49,11.34,5.84,0,7.97,7.25,0.223,4,wait
34.0369,-118.0124,mild,52,10.97,3.83,2.25,8.15,9.57,0.429,15,garden
34.0315,-117.8987,mild,55,10.94,4.29,0.05,8.33,6.19,0.301,12,wait
33.9597,-118.009,mild,58,13.65,9.77,0.47,8.52,4.82,0.209,15,wait
34.1601,-118.2779,mild,61,12.1,5.59,0,8.71,6.43,0.279,14,wait
33.6018,-118.1675,mild,64,15.37,11.19,0,8.91,11.91,0.187,14,wait
33.9147,-117.9012,mild,67,10.84,3.64,2.39,9.11,13.1,0.4,22,garden
33.7203,-118.5417,mild,70,13.14,6.25,0,9.31,6.94,0.207,28,wait
34.204,-117.8361,mild,73,15.47,7.78,3.53,9.52,10.3,0.399,35,garden
34.0374,-118.5871,mild,76,15.52,9.85,0.59,9.72,5.34,0.31,43,garden
33.7838,-117.9266,mild,79,13.74,6.28,2.94,9.93,8.84,0.332,48,garden
34.306,-118.3298,mild,82,16.01,9.42,2.18,10.14,5.03,0.453,52,garden
34.006,-117.8301,mild,85,18.44,12.88,0.52,10.34,3.8,0.202,49,walk
33.9213,-118.2876,mild,88,19.15,15.98,2.01,10.55,6.55,0.396,45,garden
33.6624,-118.1088,mild,91,16.43,9.59,2.25,10.75,7.23,0.38,49,garden
34.0989,-117.8677,mild,94,20.18,13.86,0,10.95,9.32,0.196,61,walk
34.3954,-118.5695,mild,97,19.5,12.9,4.65,11.15,14.24,0.403,65,garden
33.8949,-118.0436,mild,100,20.91,16.32,0.51,11.35,7.38,0.151,70,walk
33.9653,-118.5693,mild,103,22.93,16.61,4.76,11.54,3.04,0.38,72,garden
33.746,-118.1811,mild,106,22.23,18.39,3.51,11.73,6.53,0.397,67,garden
34.1072,-118.4935,mild,109,21.51,16.54,4.88,11.91,13.78,0.447,64,garden
34.3212,-118.1419,mild,112,22.48,16.6,2.26,12.09,11.96,0.355,68,garden
33.8703,-117.8085,mild,115,20.42,15.39,2.3,12.27,14.06,0.393,70,garden
33.7773,-118.0443,mild,118,23.2,15.63,1.83,12.43,10.02,0.267,80,garden
34.1685,-118.3046,mild,121,22.84,16.8,2.14,12.59,6.29,0.343,87,garden
34.0879,-117.9952,mild,124,21.4,15.17,0,12.75,6.81,0.272,91,garden
34.1403,-118.1902,mild,127,26.32,21.89,2.48,12.89,8.49,0.206,96,walk
34.2664,-118.3331,mild,130,25.56,17.93,4.24,13.03,10.99,0.339,81,garden
33.9629,-118.3386,mild,133,23.91,16.94,4.13,13.16,9.96,0.337,85,garden
34.2767,-118.1804,mild,136,24.82,21.29,2.25,13.29,4.21,0.329,99,garden
33.7197,-117.9086,mild,139,24.63,19.5,2.86,13.4,7.02,0.377,97,garden
34.0926,-117.8416,mild,142,28.32,23.91,2.61,13.5,6.31,0.281,97,walk
33.6054,-118.3112,mild,145,24.53,18.57,1.81,13.6,8.24,0.28,99,garden
34.0459,-117.8697,mild,148,25.46,19.89,0,13.68,5.57,0.112,102,walk
33.9598,-118.2462,mild,151,28.93,23.85,6.34,13.76,5.8,0.422,114,walk
33.8716,-118.1293,mild,154,26.27,22.43,0.69,13.82,8.17,0.123,112,walk
33.8436,-118.1085,mild,157,30.43,23.44,1.2,13.88,13.76,0.153,112,wait
33.6343,-117.9587,mild,160,25.49,22.07,0.47,13.93,2.9,0.1,110,walk
34.2607,-117.807,mild,163,27.11,22.97,1.63,13.96,5.68,0.284,117,garden
34.1067,-118.2595,mild,166,25.65,21.02,1.94,13.98,10.49,0.191,131,wait
34.0691,-117.8039,mild,169,29.42,23.01,2.15,14.0,11.2,0.194,138,walk
34.2311,-118.0245,mild,172,27.94,22.44,6.1,14.0,1.86,0.35,136,walk
33.8303,-117.8402,mild,175,26.73,21.66,2.48,13.99,5.89,0.309,130,garden
33.7523,-118.5497,mild,178,25.34,21.24,3.72,13.97,2.22,0.381,131,garden
34.1906,-117.8916,mild,181,26.03,22.32,2.63,13.94,7.6,0.217,133,walk
34.2135,-118.2768,mild,184,27.83,22.75,1.15,13.9,8.18,0.17,145,wait
34.1975,-118.3095,mild,187,28.8,22.47,3.06,13.85,10.26,0.213,151,walk
33.6722,-117.9467,mild,190,28.15,22.73,0,13.79,13.5,0.187,150,walk
34.0395,-118.4547,mild,193,29.3,22.59,0.34,13.72,11.94,0.1,146,walk
34.1738,-118.4262,mild,196,26.56,22.96,1.79,13.64,8.28,0.245,152,walk
34.0613,-118.1465,mild,199,27.04,21.13,3.99,13.55,15.02,0.217,154,walk
34.0681,-118.0877,mild,202,27.05,20.34,6.17,13.45,1.24,0.467,162,walk
34.2846,-118.1679,mild,205,24.45,18.7,2.6,13.34,10.41,0.305,162,garden
34.306,-118.4249,mild,208,24.6,16.9,2.39,13.23,10.03,0.307,172,garden
34.3625,-118.2015,mild,211,27.15,22.7,4.93,13.1,6.14,0.309,169,garden
33.7494,-118.4605,mild,214,26.19,22.61,4.63,12.96,4.62,0.424,182,garden
34.175,-118.4286,mild,217,21.89,18.61,2.59,12.82,16.6,0.3,183,garden
33.7194,-117.9501,mild,220,25.26,18.18,5.67,12.67,15.51,0.507,186,garden
33.7386,-117.8933,mild,223,25.06,21.57,3.04,12.52,4.12,0.347,174,garden
34.2909,-118.2493,mild,226,21.65,15.87,0,12.35,2.12,0.256,192,garden
34.1099,-118.2845,mild,229,23.64,17.18,1.78,12.18,0.09,0.277,190,garden
33.789,-118.2897,mild,232,19.38,12.19,2.53,12.0,5.87,0.388,188,walk
33.7304,-118.432,mild,235,18.96,13.1,2.98,11.82,4.62,0.354,196,garden
34.3415,-117.8465,mild,238,22.28,14.79,2.79,11.64,7.36,0.241,206,walk
34.0897,-118.4429,mild,241,21.84,15.52,3.61,11.45,9.46,0.313,207,garden
33.6921,-118.2817,mild,244,16.79,11.71,1.15,11.25,8.51,0.316,196,garden
34.2021,-118.4883,mild,247,19.96,13.3,3.38,11.05,9.55,0.443,211,garden
33.7446,-118.5032,mild,250,16.25,9.4,2.04,10.85,6.24,0.325,203,garden
33.7584,-118.1016,mild,253,19.28,14.05,2.0,10.65,2.2,0.394,217,garden
33.9643,-117.8985,mild,256,18.72,15.53,0.59,10.45,6.14,0.213,223,wait
33.6182,-118.1533,mild,259,18.59,11.71,5.2,10.24,12.12,0.434,212,garden
33.7201,-118.3706,mild,262,15.47,9.85,6.0,10.03,4.26,0.572,222,garden
34.2717,-118.5472,mild,265,13.26,6.06,0,9.83,4.63,0.258,226,garden
34.2234,-118.1332,mild,268,16.32,10.04,1.67,9.62,5.39,0.363,237,garden
33.8872,-118.3387,mild,271,16.19,9.31,1.49,9.42,12.36,0.251,227,garden
34.2228,-118.5795,mild,274,12.84,8.31,2.43,9.21,6.73,0.316,226,garden
33.8223,-118.4669,mild,277,15.98,8.33,0,9.01,9.77,0.183,234,wait
33.704,-117.912,mild,280,13.16,7.94,1.05,8.81,6.34,0.323,248,wait
34.1476,-118.0864,mild,283,12.04,4.31,2.57,8.62,10.19,0.519,238,garden
34.3241,-117.8347,mild,286,9.61,3.06,0.87,8.43,10.96,0.298,255,garden
33.9542,-118.0583,mild,289,11.1,4.26,0,8.24,9.26,0.369,258,garden
33.7095,-117.9519,mild,292,13.15,8.29,0.1,8.05,9.12,0.24,257,wait
33.7658,-117.9551,mild,295,9.4,6.39,1.87,7.88,8.38,0.35,261,garden
33.939,-118.5659,mild,298,10.53,5.47,1.48,7.7,12.33,0.347,250,garden
33.6865,-118.3258,mild,301,5.7,2.21,0.92,7.54,4.22,0.346,269,garden
33.7834,-118.5362,mild,304,5.5,2.08,0,7.38,7.78,0.302,255,wait
33.9205,-118.5086,mild,307,4.97,-2.38,0,7.23,11.77,0.343,266,wait
34.1627,-118.1231,mild,310,5.42,2.34,0,7.08,9.47,0.454,271,wait
33.7253,-117.9521,mild,313,6.81,2.79,0,6.94,6.65,0.465,269,wait
34.0681,-118.1803,mild,316,9.08,1.47,3.41,6.82,0.86,0.495,270,garden
33.6801,-117.8279,mild,319,8.07,1.57,0.7,6.69,8.16,0.48,281,garden
33.6995,-118.3981,mild,322,6.51,3.38,2.11,6.58,8.82,0.463,287,wait
34.0503,-118.0401,mild,325,2.56,-3.72,0,6.48,5.43,0.506,277,wait
33.7377,-118.3956,mild,328,6.4,-0.08,0,6.39,6.44,0.403,280,wait
33.916,-118.1151,mild,331,5.56,2.37,0,6.3,4.92,0.4,296,wait
33.9058,-118.1548,mild,334,7.63,1.43,0.4,6.23,5.87,0.393,287,wait
33.988,-118.1432,mild,337,3.25,-1.8,0.52,6.17,9.24,0.379,296,wait
34.0761,-118.1337,mild,340,2.82,-4.33,1.36,6.11,3.73,0.425,306,wait
33.9446,-117.8096,mild,343,6.68,-1.3,0.88,6.07,8.23,0.453,301,wait
33.6846,-118.2714,mild,346,5.07,1.94,0,6.04,8.98,0.451,313,wait
34.3447,-117.8508,mild,349,6.09,-0.22,0,6.01,3.25,0.406,307,wait
34.0036,-117.8056,mild,352,6.67,-0.33,1.48,6.0,14.05,0.491,320,wait
34.03,-118.0992,mild,355,4.51,-2.99,1.87,6.0,7.0,0.476,305,wait
34.3153,-118.3567,mild,358,6.82,-0.82,0,6.01,7.62,0.435,325,wait
33.7865,-117.8137,mild,361,1.92,-4.87,0,6.03,10.48,0.397,327,wait
33.6375,-118.2206,mild,364,7.02,2.15,3.47,6.06,5.95,0.448,314,wait
33.9226,-117.9883,mild,1,4.11,0.64,3.31,6.09,1.58,0.54,-47,wait
34.0799,-118.2612,mild,4,5.42,-2.25,0,6.14,7.68,0.446,-38,wait
33.64,-118.5655,mild,7,7.01,3.26,0.9,6.2,4.05,0.496,-28,wait
33.9417,-118.2045,mild,10,3.92,-2.65,1.01,6.26,15.06,0.509,-27,wait
33.8666,-118.2981,mild,13,5.34,1.1,0,6.34,8.47,0.445,-20,wait
33.8343,-118.5639,mild,16,2.94,-4.72,0,6.43,4.14,0.445,-14,wait
33.8119,-118.1106,mild,19,6.22,1.11,0,6.53,2.16,0.348,-14,wait
33.9087,-118.4722,mild,22,3.07,-2.2,0.92,6.64,9.35,0.36,-11,wait
34.002,-118.1409,mild,25,8.86,2.96,1.32,6.75,13.64,0.36,-8,wait
33.71,-118.3932,mild,28,8.37,4.26,0,6.88,6.94,0.346,-3,walk
33.6713,-118.5409,mild,31,6.91,-1.04,1.24,7.01,3.66,0.441,-6,wait
33.7306,-117.9434,mild,34,10.45,6.89,6.3,7.15,0.2,0.584,3,wait
34.3848,-118.565,mild,37,6.13,1.1,1.45,7.3,12.51,0.427,-13,wait
33.8883,-117.8351,mild,40,6.9,1.12,2.69,7.46,10.01,0.564,-10,wait
34.1576,-118.3811,mild,43,10.37,4.89,0.99,7.62,13.52,0.356,13,wait
33.7014,-118.393,mild,46,11.1,6.02,2.47,7.79,4.27,0.483,-2,wait
33.9694,-118.1591,mild,49,10.13,3.36,0,7.97,4.32,0.415,-1,wait
34.098,-117.8647,mild,52,8.02,4.62,0.88,8.15,12.78,0.493,9,wait
34.0654,-118.0428,mild,55,11.75,4.02,0,8.33,6.42,0.311,12,wait
34.0707,-117.8169,mild,58,11.86,7.3,0,8.52,7.78,0.339,10,wait
34.15,-118.2178,mild,61,13.97,10.72,1.97,8.71,9.51,0.394,16,garden
33.938,-118.0174,mild,64,11.9,5.42,0,8.91,12.18,0.271,16,garden
33.9286,-118.0325,mild,67,11.7,5.72,1.24,9.11,2.91,0.345,30,garden
34.0753,-118.0789,mild,70,11.7,6.13,1.08,9.31,11.85,0.269,35,wait
34.3989,-118.0541,mild,73,13.36,9.68,0,9.52,7.0,0.219,32,wait
34.2313,-118.3903,mild,76,13.82,6.3,2.98,9.72,3.79,0.412,39,garden
34.314,-118.143,mild,79,12.88,5.93,0.42,9.93,11.9,0.283,43,garden
33.794,-117.9742,mild,82,18.11,13.57,1.91,10.14,10.56,0.375,51,wait
33.8314,-118.5133,mild,85,15.58,10.56,1.72,10.34,9.44,0.368,48,garden
33.7494,-118.4601,mild,88,18.44,12.42,0,10.55,15.47,0.121,51,walk
33.7075,-118.3472,mild,91,17.02,9.21,3.13,10.75,3.96,0.47,56,garden
34.3779,-118.1973,mild,94,16.27,13.13,3.93,10.95,9.55,0.54,46,garden
34.071,-117.8144,mild,97,22.2,16.53,0.53,11.15,7.58,0.111,64,walk
34.3534,-118.2447,mild,100,19.94,14.46,1.27,11.35,7.05,0.18,68,walk
34.2822,-118.0891,mild,103,22.34,19.27,3.2,11.54,3.88,0.429,66,garden
34.2078,-118.217,mild,106,20.74,17.01,3.42,11.73,9.54,0.302,64,garden
33.8803,-117.9448,mild,109,20.11,15.38,0.82,11.91,5.91,0.29,60,garden
33.786,-118.3406,mild,112,20.29,12.38,3.67,12.09,7.2,0.306,79,garden
34.1223,-118.3718,mild,115,21.32,14.34,4.07,12.27,7.6,0.293,78,garden
33.7233,-118.0297,mild,118,23.11,16.41,5.14,12.43,2.36,0.334,72,garden
34.3866,-118.2394,mild,121,23.47,16.62,0.05,12.59,3.69,0.254,90,garden
33.6246,-117.9059,mild,124,26.65,21.66,3.3,12.75,13.69,0.311,79,garden
33.6486,-117.9226,mild,127,25.01,20.12,2.88,12.89,9.36,0.276,77,garden
33.9093,-117.8045,mild,130,25.74,20.8,2.51,13.03,9.17,0.22,100,walk
33.7836,-118.3555,mild,133,28.36,23.74,0,13.16,5.89,0.1,90,walk
33.9171,-118.2207,mild,136,23.07,15.47,1.62,13.29,2.6,0.164,88,walk
34.136,-118.3124,mild,139,24.92,17.39,3.51,13.4,4.92,0.249,97,walk
34.0956,-118.2397,mild,142,25.08,21.81,0,13.5,6.53,0.212,94,walk
34.0766,-118.4823,mild,145,28.5,24.97,0.68,13.6,3.49,0.21,105,walk
33.9405,-118.1309,mild,148,26.79,21.28,0.34,13.68,1.09,0.179,117,walk
34.1625,-117.93,mild,151,27.37,23.59,4.82,13.76,4.0,0.261,111,garden
34.3892,-118.1676,mild,154,25.1,17.9,1.86,13.82,5.22,0.176,106,walk
34.0739,-118.4698,mild,157,30.42,23.87,2.98,13.88,9.9,0.16,124,wait
33.9135,-117.9465,mild,160,26.19,20.35,6.85,13.93,14.59,0.562,127,walk
34.0456,-118.4303,mild,163,30.54,24.71,4.9,13.96,7.5,0.316,114,wait
34.0176,-118.231,mild,166,25.83,22.6,3.45,13.98,9.72,0.235,116,garden
34.1414,-118.0281,mild,169,27.27,24.04,6.27,14.0,9.43,0.442,136,walk
34.3338,-118.4118,mild,172,25.73,19.99,3.04,14.0,5.64,0.257,124,garden
34.2289,-118.3789,mild,175,28.29,20.65,0.82,13.99,3.37,0.1,141,walk
34.071,-117.9344,mild,178,29.62,22.79,1.46,13.97,7.32,0.116,141,walk
33.6028,-117.9461,mild,181,29.57,26.4,3.59,13.94,14.53,0.163,143,walk
33.6369,-118.2537,mild,184,26.39,21.74,2.4,13.9,4.1,0.307,144,garden
33.8393,-118.5308,mild,187,29.94,24.99,2.41,13.85,9.56,0.277,149,walk
33.6805,-118.1087,mild,190,24.92,17.72,3.93,13.79,7.88,0.291,154,garden
34.0494,-118.4443,mild,193,29.7,23.75,2.82,13.72,3.54,0.224,143,walk
33.7274,-118.1145,mild,196,26.45,22.43,0.66,13.64,6.7,0.198,164,walk
33.978,-117.804,mild,199,28.37,22.73,0.02,13.55,6.73,0.101,169,walk
33.8904,-117.9249,mild,202,27.32,21.89,1.07,13.45,5.49,0.136,170,walk
34.3049,-117.9888,mild,205,26.45,18.96,5.16,13.34,8.79,0.303,157,garden
33.8422,-118.5371,mild,208,24.83,17.58,0.72,13.23,4.15,0.242,163,walk
33.889,-118.1916,mild,211,27.43,20.62,5.08,13.1,7.36,0.448,163,garden
33.9081,-118.4521,mild,214,27.72,24.13,0.85,12.96,8.28,0.1,168,walk
34.0738,-117.848,mild,217,21.91,16.21,3.34,12.82,2.5,0.272,169,garden
33.6427,-118.0343,mild,220,23.63,19.75,5.53,12.67,15.41,0.398,188,garden
33.8773,-118.3651,mild,223,26.52,19.1,2.15,12.52,4.24,0.309,176,garden
34.2757,-118.3063,mild,226,22.97,15.8,1.04,12.35,14.31,0.14,194,walk
34.1633,-118.3263,mild,229,24.53,17.97,5.74,12.18,8.74,0.343,191,garden
34.0025,-117.8644,mild,232,20.67,17.4,4.27,12.0,14.61,0.361,197,garden
34.3563,-117.9465,mild,235,22.14,14.7,3.72,11.82,5.86,0.271,200,garden
34.3533,-118.1662,mild,238,19.01,12.56,2.2,11.64,5.1,0.249,201,walk
34.2024,-118.5528,mild,241,22.93,16.07,3.24,11.45,8.06,0.383,208,garden
34.1255,-118.348,mild,244,17.45,12.6,3.75,11.25,8.02,0.412,197,garden
34.0556,-118.4403,mild,247,18.73,11.99,4.33,11.05,9.03,0.522,211,garden
34.1605,-117.8096,mild,250,15.76,12.4,0.93,10.85,9.47,0.202,215,walk
34.1167,-117.962,mild,253,15.47,9.95,3.06,10.65,2.99,0.375,212,garden
33.8057,-117.8348,mild,256,17.47,12.41,1.2,10.45,7.06,0.363,217,garden
34.3819,-118.4383,mild,259,18.32,13.25,1.95,10.24,2.06,0.377,225,garden
33.6363,-118.3186,mild,262,14.97,9.28,3.29,10.03,14.68,0.482,213,garden
34.3053,-117.9675,mild,265,15.85,9.8,1.42,9.83,10.5,0.317,224,garden
33.6484,-117.9104,mild,268,14.03,9.75,1.53,9.62,0.57,0.318,222,garden
34.3972,-117.8872,mild,271,17.12,11.95,1.14,9.42,3.64,0.31,228,garden
34.3851,-117.8738,mild,274,16.23,10.71,0,9.21,4.94,0.211,231,wait
33.9555,-118.3786,mild,277,15.85,11.36,3.35,9.01,5.46,0.385,228,garden
34.0517,-118.0167,mild,280,9.74,4.94,0,8.81,5.45,0.301,242,garden
34.1599,-118.0155,mild,283,8.91,5.74,5.18,8.62,4.67,0.562,234,garden
34.006,-118.2897,mild,286,12.27,6.27,1.9,8.43,6.83,0.308,239,garden
33.6432,-118.0378,mild,289,11.32,4.89,3.47,8.24,13.64,0.523,253,garden
33.6665,-118.4583,mild,292,8.17,5.05,0.8,8.05,4.23,0.335,250,garden
34.3696,-118.5915,mild,295,6.64,3.22,2.62,7.88,11.22,0.461,263,wait
34.1756,-118.4535,mild,298,11.27,4.48,1.0,7.7,6.77,0.323,258,garden
33.8718,-118.2496,mild,301,10.89,3.05,0,7.54,2.97,0.266,271,garden
34.0406,-117.8554,mild,304,5.4,-1.77,2.95,7.38,10.54,0.468,258,wait
33.8303,-118.058,mild,307,8.93,2.98,0.88,7.23,8.71,0.329,259,walk
33.7008,-118.5749,mild,310,5.54,1.02,0.96,7.08,5.35,0.508,263,walk
34.1015,-117.8721,mild,313,5.12,1.89,0,6.94,1.09,0.343,265,wait
34.208,-118.4051,mild,316,9.18,1.23,0,6.82,12.73,0.414,283,garden
33.9895,-117.8475,mild,319,5.33,-0.51,2.35,6.69,11.01,0.415,270,wait
34.0374,-118.0263,mild,322,2.83,-0.27,0,6.58,3.86,0.496,289,wait
33.7002,-117.8882,mild,325,5.3,2.08,0.7,6.48,5.2,0.414,283,wait
33.6164,-118.2859,mild,328,3.47,-0.5,2.19,6.39,5.21,0.556,289,wait
34.2628,-118.5417,mild,331,4.66,-2.13,2.23,6.3,5.04,0.405,286,wait
33.8038,-118.1343,mild,334,2.96,-1.94,1.06,6.23,16.56,0.403,287,wait
34.2848,-118.5442,mild,337,5.26,-1.05,0,6.17,4.93,0.328,294,wait
33.6045,-117.9886,mild,340,5.76,2.6,5.31,6.11,10.1,0.628,291,wait
33.9141,-118.424,mild,343,4.45,-3.12,0,6.07,7.8,0.325,296,wait
34.3012,-118.1499,mild,346,1.92,-5.71,0.61,6.04,13.91,0.548,310,wait
34.0749,-118.2612,mild,349,5.78,0.06,0.05,6.01,12.63,0.318,304,wait
34.3078,-118.4868,mild,352,2.01,-1.22,2.62,6.0,7.14,0.59,307,wait
33.7009,-117.8741,mild,355,3.22,-2.38,3.17,6.0,10.09,0.561,305,wait
33.9452,-117.8341,mild,358,1.72,-5.29,1.98,6.01,5.6,0.578,308,wait
34.0178,-117.8721,mild,361,1.69,-5.29,1.01,6.03,5.58,0.45,327,wait
34.0284,-118.3341,mild,364,5.52,-0.91,0,6.06,6.29,0.436,330,wait
34.1526,-118.2946,mild,1,4.57,-2.08,3.1,6.09,4.46,0.541,-34,wait
34.2466,-118.1169,mild,4,4.51,-2.03,1.21,6.14,1.11,0.537,-31,wait
33.7379,-118.1927,mild,7,2.88,-2.85,0,6.2,14.74,0.416,-25,wait
34.2032,-118.47,mild,10,3.78,-3.63,3.15,6.26,3.64,0.659,-36,wait
34.3564,-118.5527,mild,13,2.35,-3.4,0,6.34,4.72,0.446,-30,wait
33.6528,-117.8208,mild,16,2.83,-1.57,4.11,6.43,7.54,0.666,-18,wait
33.7021,-118.0928,mild,19,8.33,2.44,0.44,6.53,1.97,0.402,-11,wait
33.9984,-117.9196,mild,22,8.78,4.4,0.95,6.64,5.78,0.458,-24,wait
33.9343,-117.8909,mild,25,4.02,-3.35,1.33,6.75,14.36,0.374,-21,wait
34.2625,-118.2345,mild,28,6.08,1.1,6.97,6.88,8.21,0.634,-3,wait
34.1214,-117.8075,mild,31,6.17,-1.34,3.25,7.01,10.82,0.462,-17,wait
34.0865,-117.9115,mild,34,5.0,-1.42,3.33,7.15,2.22,0.469,-7,wait
34.3723,-118.167,mild,37,5.86,-0.88,0.21,7.3,7.61,0.444,-5,wait
33.9358,-118.5888,mild,40,7.03,0.93,0.31,7.46,9.44,0.294,-4,wait
34.2025,-117.8873,mild,43,6.2,1.17,5.15,7.62,1.02,0.613,5,wait
33.6484,-118.135,mild,46,8.67,2.17,1.96,7.79,7.28,0.442,8,wait
34.1479,-118.1163,mild,49,11.57,4.65,1.03,7.97,9.03,0.45,11,wait
33.7518,-117.9228,mild,52,8.57,4.45,0.97,8.15,8.26,0.421,14,wait
33.9287,-118.49,mild,55,10.31,5.14,1.63,8.33,6.51,0.497,13,wait
34.0117,-118.1894,mild,58,13.54,8.82,0,8.52,2.91,0.234,12,wait
34.0982,-118.2739,mild,61,14.46,11.27,0.74,8.71,1.72,0.325,30,garden
33.8109,-118.4392,mild,64,13.57,6.95,3.83,8.91,4.54,0.504,32,garden
33.7493,-118.3075,mild,67,12.37,8.17,4.66,9.11,15.75,0.626,31,garden
33.7927,-118.5371,mild,70,11.29,5.63,1.44,9.31,11.07,0.322,21,garden
33.9735,-118.0178,mild,73,16.56,9.32,0,9.52,7.26,0.218,31,wait
34.1764,-117.8077,mild,76,17.67,11.85,0.99,9.72,11.56,0.269,44,garden
34.0515,-117.8071,mild,79,17.12,9.41,2.76,9.93,6.18,0.314,36,garden
34.3248,-118.4988,mild,82,15.04,10.1,2.03,10.14,1.14,0.34,34,garden
34.3495,-117.8663,mild,85,15.09,10.67,5.56,10.34,8.86,0.441,45,garden
33.897,-118.295,mild,88,16.49,13.05,0.66,10.55,13.67,0.296,48,garden
33.8944,-118.0261,mild,91,17.07,11.84,5.93,10.75,13.89,0.436,49,garden
34.0668,-118.4018,mild,94,21.79,17.46,0,10.95,14.16,0.135,52,walk
34.2477,-118.2378,mild,97,21.85,14.14,3.19,11.15,4.91,0.3,56,garden
34.149,-118.5024,mild,100,19.53,13.24,1.59,11.35,8.49,0.367,50,garden
33.9573,-117.8671,mild,103,23.27,16.16,3.47,11.54,6.93,0.257,64,garden
34.3247,-117.962,mild,106,21.54,16.94,3.43,11.73,15.11,0.384,61,garden
34.3719,-117.9042,mild,109,20.3,13.08,0.74,11.91,3.11,0.143,74,walk
33.9558,-118.2376,mild,112,24.88,18.5,1.76,12.09,4.16,0.195,66,walk
33.6496,-117.9381,mild,115,23.26,18.26,1.92,12.27,10.31,0.249,68,walk
34.3421,-118.306,mild,118,25.85,19.71,1.78,12.43,9.8,0.204,85,walk
33.6526,-118.451,mild,121,24.68,18.39,2.93,12.59,8.26,0.219,76,walk
34.1538,-118.5013,mild,124,24.02,16.79,3.21,12.75,11.96,0.331,81,garden
33.7588,-118.4415,mild,127,27.19,20.38,0,12.89,6.98,0.1,82,walk
33.7492,-118.019,mild,130,25.83,21.08,4.46,13.03,13.7,0.285,80,garden
34.2878,-118.0537,mild,133,27.63,20.71,0.73,13.16,13.3,0.234,94,walk
33.7521,-118.1822,mild,136,28.31,24.57,4.3,13.29,12.99,0.374,93,walk
33.7804,-118.4187,mild,139,26.85,23.84,1.02,13.4,11.43,0.204,96,walk
33.9673,-118.1908,mild,142,26.07,20.54,4.72,13.5,7.21,0.278,93,garden
33.6789,-118.2069,mild,145,26.13,20.64,5.79,13.6,6.29,0.474,101,garden
34.0466,-118.1518,mild,148,24.99,21.49,0,13.68,0.21,0.234,105,walk
34.166,-118.3903,mild,151,30.05,23.52,4.77,13.76,6.94,0.372,121,wait
34.3837,-117.8287,mild,154,29.63,22.74,0.75,13.82,8.48,0.168,108,walk
34.2035,-118.3664,mild,157,30.53,22.62,3.25,13.88,9.84,0.273,107,wait
33.7429,-117.8333,mild,160,30.76,26.03,6.44,13.93,7.52,0.401,130,wait
33.6394,-118.2883,mild,163,27.31,22.42,3.7,13.96,3.0,0.392,119,garden
33.6443,-118.2825,mild,166,29.95,23.77,1.8,13.98,0.13,0.115,136,walk
34.3598,-117.9823,mild,169,29.75,25.37,2.61,14.0,7.6,0.242,126,walk
34.1289,-118.193,mild,172,28.92,24.3,5.43,14.0,8.5,0.304,134,walk
34.1844,-117.9674,mild,175,26.7,21.7,0,13.99,5.25,0.148,137,walk
33.9425,-118.0237,mild,178,25.19,20.6,0,13.97,5.0,0.222,130,walk
34.1364,-118.139,mild,181,25.26,19.43,4.09,13.94,6.2,0.325,131,garden
34.2427,-117.951,mild,184,26.97,19.04,0.66,13.9,5.63,0.145,139,walk
33.7088,-118.0707,mild,187,24.67,20.83,5.43,13.85,7.12,0.327,157,garden
34.0256,-118.0822,mild,190,25.28,21.91,2.95,13.79,10.85,0.325,159,garden
33.7851,-117.9617,mild,193,26.6,20.77,1.12,13.72,7.59,0.106,158,walk
34.1564,-117.8289,mild,196,29.84,25.91,0.66,13.64,9.51,0.163,160,walk
34.148,-117.8799,mild,199,26.87,21.49,0.71,13.55,6.97,0.218,155,walk
33.6247,-118.19,mild,202,27.55,23.0,3.16,13.45,9.16,0.317,162,garden
33.6554,-117.9263,mild,205,27.38,21.49,1.76,13.34,10.51,0.125,160,walk
33.8273,-118.5945,mild,208,27.33,21.89,0,13.23,16.76,0.121,172,walk
33.9482,-118.2793,mild,211,22.6,18.9,4.69,13.1,7.11,0.363,178,garden
33.878,-118.0475,mild,214,25.33,19.36,6.19,12.96,4.15,0.36,170,walk
33.6301,-118.0087,mild,217,21.67,14.38,4.5,12.82,8.84,0.375,174,garden
34.0523,-118.3135,mild,220,26.87,21.04,0,12.67,1.14,0.102,173,walk
33.7434,-118.3202,mild,223,23.96,19.06,2.22,12.52,9.15,0.236,187,walk
34.0913,-117.8671,mild,226,21.02,17.22,1.34,12.35,9.41,0.214,178,walk
33.9477,-118.3612,mild,229,23.27,17.47,0.86,12.18,6.46,0.181,188,walk
34.2285,-117.9666,mild,232,21.0,16.69,6.19,12.0,2.72,0.546,191,walk
34.1645,-117.9138,mild,235,20.3,16.7,0.03,11.82,5.7,0.147,204,walk
34.2694,-118.0403,mild,238,19.57,14.31,3.11,11.64,16.16,0.436,196,garden
33.7748,-118.1395,mild,241,18.37,14.25,0.54,11.45,5.39,0.173,206,walk
33.6829,-118.5936,mild,244,21.66,15.45,4.45,11.25,4.44,0.489,197,garden
33.9831,-118.3589,mild,247,21.53,15.67,4.61,11.05,12.45,0.335,212,garden
34.0685,-117.9127,mild,250,20.67,15.93,1.77,10.85,14.12,0.263,210,garden
33.6513,-118.0212,mild,253,15.71,11.49,4.06,10.65,8.86,0.443,212,garden
33.6918,-118.0129,mild,256,15.68,12.41,6.7,10.45,9.46,0.664,209,walk
33.8699,-118.058,mild,259,16.49,9.2,4.11,10.24,4.31,0.469,215,garden
34.3555,-118.3911,mild,262,15.93,12.92,7.44,10.03,4.08,0.539,230,walk
34.3476,-118.1594,mild,265,14.65,10.15,1.1,9.83,11.56,0.299,217,garden
33.7559,-118.234,mild,268,12.15,8.13,2.2,9.62,6.35,0.39,222,wait
33.9325,-118.0068,mild,271,12.35,7.32,0.98,9.42,7.35,0.291,235,garden
34.3909,-118.0791,mild,274,14.69,8.4,1.69,9.21,3.11,0.256,241,garden
34.2438,-118.5283,mild,277,14.3,6.81,0,9.01,6.63,0.322,228,garden
34.2732,-118.5532,mild,280,13.42,7.98,1.76,8.81,7.06,0.323,231,garden
33.8243,-118.2873,mild,283,10.22,3.25,3.66,8.62,0.36,0.438,250,garden
34.0163,-118.4773,mild,286,9.36,2.61,0.78,8.43,1.36,0.424,242,garden
34.3023,-118.4162,mild,289,12.47,9.43,2.98,8.24,8.36,0.458,242,garden
33.8922,-117.9474,mild,292,8.48,4.21,0.47,8.05,8.3,0.406,255,garden
34.1987,-118.4612,mild,295,9.26,4.12,1.64,7.88,2.59,0.386,255,garden
33.8067,-118.2099,mild,298,9.97,5.91,5.01,7.7,12.08,0.658,266,garden
33.9668,-117.8428,mild,301,7.03,2.94,0.18,7.54,1.6,0.298,255,wait
34.3661,-118.0705,mild,304,9.94,2.89,2.5,7.38,0.54,0.354,268,garden
33.8072,-117.8935,mild,307,5.48,2.21,0,7.23,11.08,0.457,270,wait
33.8084,-118.5153,mild,310,7.02,0.14,4.79,7.08,13.32,0.63,275,wait
33.7819,-117.9021,mild,313,8.55,2.55,4.16,6.94,1.06,0.461,274,garden
33.8533,-118.5679,mild,316,6.09,-0.85,0.09,6.82,8.44,0.379,268,wait
34.1798,-118.4821,mild,319,8.82,1.91,0.09,6.69,11.34,0.351,277,garden
33.6676,-117.8165,mild,322,4.23,-0.01,2.2,6.58,12.83,0.595,277,wait
34.3346,-118.1086,mild,325,3.16,-2.13,0,6.48,7.75,0.38,292,wait
33.6288,-118.0966,mild,328,6.18,-1.28,2.97,6.39,5.39,0.431,293,wait
33.8547,-117.8914,mild,331,3.26,-0.49,5.45,6.3,14.47,0.705,292,wait
33.7998,-118.154,mild,334,6.27,0.8,1.72,6.23,9.96,0.456,296,wait
33.8564,-117.9513,mild,337,2.59,-0.52,1.91,6.17,6.22,0.436,292,wait
34.2532,-118.4381,mild,340,4.88,-1.35,1.97,6.11,5.88,0.426,290,wait
34.0794,-117.862,mild,343,2.94,-1.57,3.91,6.07,2.72,0.57,309,wait
34.1475,-118.5429,mild,346,1.18,-4.15,1.3,6.04,7.46,0.475,308,wait
34.1077,-118.4326,mild,349,5.64,1.07,1.72,6.01,3.76,0.417,304,wait
34.2358,-118.472,mild,352,6.69,0.7,0.61,6.0,10.66,0.334,317,wait
34.0837,-118.5778,mild,355,3.15,-0.61,0,6.0,12.09,0.38,307,wait
34.364,-117.9851,mild,358,3.25,-3.38,2.67,6.01,12.48,0.466,318,wait
33.7955,-118.0653,mild,361,2.4,-1.35,0,6.03,14.13,0.46,323,wait
33.6608,-118.0694,mild,364,6.06,-0.17,2.51,6.06,12.93,0.459,319,walk
34.0306,-117.9189,mild,1,5.01,1.87,0.31,6.09,4.82,0.342,-46,wait
33.667,-117.9196,mild,4,1.67,-4.2,2.05,6.14,5.71,0.603,-44,wait
34.0307,-117.9042,mild,7,2.15,-4.99,1.59,6.2,4.22,0.462,-40,wait
33.8614,-118.155,mild,10,5.05,-0.62,2.88,6.26,7.82,0.432,-22,wait
33.7421,-117.8575,mild,13,2.38,-2.17,0.83,6.34,10.01,0.529,-37,walk
34.1894,-118.2898,mild,16,7.79,2.3,0,6.43,4.5,0.419,-18,wait
33.7034,-118.363,mild,19,5.0,-2.73,0,6.53,10.04,0.437,-12,wait
33.6137,-118.0479,mild,22,3.99,-2.06,0.73,6.64,3.82,0.366,-26,wait
34.3501,-117.8664,mild,25,3.53,-0.28,1.17,6.75,10.8,0.559,-16,wait
34.2083,-118.1295,mild,28,7.05,-0.26,1.78,6.88,6.7,0.523,-8,wait
33.6887,-118.1604,mild,31,7.6,1.54,0,7.01,5.77,0.385,-3,wait
33.6499,-118.3217,mild,34,4.8,-2.57,0.84,7.15,8.39,0.469,-11,wait
33.6371,-117.9523,mild,37,6.09,2.28,0,7.3,12.29,0.312,-10,garden
33.7295,-118.2657,mild,40,7.0,-0.44,3.24,7.46,5.01,0.425,1,wait
34.158,-118.4688,mild,43,10.73,6.87,1.81,7.62,1.28,0.319,7,wait
34.0013,-117.8856,mild,46,9.12,3.93,1.25,7.79,10.87,0.468,2,wait
34.108,-117.8934,mild,49,10.93,3.52,2.25,7.97,15.04,0.407,1,wait
33.9472,-118.3562,mild,52,13.22,5.65,1.2,8.15,1.16,0.28,16,garden
33.7805,-118.113,mild,55,12.66,9.65,2.24,8.33,9.05,0.405,10,wait
34.0801,-117.9151,mild,58,9.16,3.46,0,8.52,7.46,0.305,13,wait
33.9858,-118.2915,mild,61,12.31,7.69,4.22,8.71,5.52,0.547,23,garden
34.3475,-118.1819,mild,64,13.64,8.53,0,8.91,5.21,0.296,14,wait
33.9278,-118.2315,mild,67,15.47,8.41,1.21,9.11,9.58,0.243,36,wait
34.1542,-118.32,mild,70,13.96,10.41,3.25,9.31,7.22,0.508,40,garden
34.1567,-117.9424,mild,73,14.54,7.87,4.36,9.52,8.66,0.532,35,garden
33.7633,-118.1066,mild,76,15.38,8.56,0,9.72,5.59,0.324,30,garden
33.6072,-118.2445,mild,79,16.35,8.9,2.13,9.93,11.03,0.372,42,garden
34.0939,-118.2616,mild,82,15.2,11.52,2.78,10.14,7.35,0.352,47,garden
34.0426,-118.1238,mild,85,19.96,15.44,2.74,10.34,2.8,0.317,35,garden
33.8206,-117.8371,mild,88,16.49,10.09,2.44,10.55,11.72,0.39,56,garden
33.9667,-117.845,mild,91,16.42,10.38,0.8,10.75,7.91,0.267,48,garden
34.0674,-118.5776,mild,94,17.92,12.93,0,10.95,4.44,0.147,56,walk
33.8613,-118.4633,mild,97,18.2,15.15,0.17,11.15,4.39,0.234,59,walk
34.0423,-117.8786,mild,100,22.06,14.13,3.06,11.35,9.88,0.319,62,garden
33.6004,-117.8982,mild,103,17.74,12.01,2.01,11.54,15.51,0.301,56,garden
34.0951,-118.0105,mild,106,21.63,17.68,2.21,11.73,7.0,0.286,73,garden
34.2306,-117.8678,mild,109,20.32,13.04,5.04,11.91,7.84,0.431,66,walk
34.3109,-117.9772,mild,112,19.56,15.5,1.13,12.09,2.23,0.314,74,garden
34.2138,-118.4467,mild,115,21.94,17.92,6.66,12.27,2.81,0.486,68,walk
34.2089,-117.8688,mild,118,22.93,17.22,5.92,12.43,2.11,0.446,86,garden
34.2001,-118.2578,mild,121,26.26,19.99,1.33,12.59,7.54,0.264,72,garden
34.0762,-118.5654,mild,124,26.58,22.96,3.04,12.75,16.9,0.23,82,walk
34.352,-118.2977,mild,127,24.59,18.26,4.95,12.89,6.56,0.476,88,garden
34.346,-117.9855,mild,130,26.82,23.19,1.68,13.03,11.29,0.218,95,walk
33.8359,-117.9655,mild,133,23.6,16.32,2.68,13.16,8.36,0.236,103,walk
33.7783,-118.2503,mild,136,24.41,19.87,3.88,13.29,6.01,0.297,96,garden
34.3756,-118.37,mild,139,24.22,16.98,3.52,13.4,3.5,0.286,104,garden
33.9155,-118.0733,mild,142,27.88,23.79,4.39,13.5,14.5,0.401,93,wait
34.3759,-118.2043,mild,145,29.47,21.82,5.39,13.6,10.63,0.346,115,walk
34.1401,-118.1567,mild,148,26.61,22.25,0.47,13.68,2.94,0.165,115,walk
33.6925,-118.1981,mild,151,25.3,19.38,1.47,13.76,13.69,0.176,111,walk
33.6377,-118.3532,mild,154,27.41,21.34,1.86,13.82,8.43,0.284,120,garden
34.2179,-118.3619,mild,157,25.2,19.96,1.7,13.88,12.23,0.273,127,garden
34.0645,-118.0381,mild,160,30.02,23.36,3.51,13.93,5.33,0.317,124,wait
33.9907,-118.1725,mild,163,30.76,25.46,2.26,13.96,15.74,0.199,114,wait
34.1154,-117.8652,mild,166,26.28,22.66,2.67,13.98,9.63,0.312,122,garden
34.0455,-118.3179,mild,169,30.87,25.74,4.71,14.0,9.06,0.306,124,wait
33.6501,-118.4548,mild,172,26.04,20.33,3.04,14.0,11.09,0.288,127,garden
34.2446,-118.1905,mild,175,27.65,23.12,1.14,13.99,13.21,0.247,132,walk
33.9052,-118.5299,mild,178,25.53,19.71,4.14,13.97,10.63,0.334,137,garden
33.7796,-117.9491,mild,181,27.71,20.99,4.95,13.94,5.83,0.331,133,garden
33.8732,-118.1123,mild,184,25.53,19.51,2.42,13.9,11.88,0.31,142,garden
33.7823,-118.5864,mild,187,28.01,21.06,2.14,13.85,6.19,0.213,154,walk
33.9277,-118.1823,mild,190,29.82,22.65,1.76,13.79,4.66,0.1,142,walk
34.2009,-117.8792,mild,193,29.6,25.75,2.05,13.72,11.09,0.27,159,walk
34.3119,-118.3371,mild,196,27.95,21.33,0.64,13.64,5.86,0.145,157,walk
33.7148,-118.2471,mild,199,27.92,23.17,0,13.55,6.8,0.149,167,walk
33.8394,-118.1676,mild,202,26.86,20.2,0,13.45,2.59,0.183,154,walk
34.0233,-117.8673,mild,205,26.87,19.33,1.71,13.34,8.49,0.103,165,walk
34.2991,-118.1815,mild,208,24.25,19.61,3.78,13.23,9.83,0.421,171,garden
33.8734,-118.2525,mild,211,24.65,19.03,5.29,13.1,11.21,0.434,167,garden
34.3562,-118.3308,mild,214,25.11,18.24,0.08,12.96,5.41,0.237,181,walk
33.7335,-118.5157,mild,217,21.54,14.43,2.29,12.82,2.47,0.379,185,garden
33.7768,-117.9685,mild,220,23.82,20.59,1.47,12.67,12.7,0.211,183,walk
33.6095,-117.9311,mild,223,21.08,13.94,1.58,12.52,12.37,0.316,187,garden
34.0676,-118.5917,mild,226,21.96,18.33,0,12.35,12.07,0.1,194,walk
33.8796,-118.4053,mild,229,25.29,19.63,5.98,12.18,1.24,0.394,199,garden
34.1737,-118.5658,mild,232,21.57,15.7,1.84,12.0,4.68,0.28,185,garden
34.3461,-117.9639,mild,235,20.44,13.04,1.53,11.82,14.03,0.213,187,walk
34.0077,-118.1203,mild,238,21.1,17.07,2.55,11.64,5.81,0.302,194,garden
33.8574,-117.9009,mild,241,20.75,16.71,2.64,11.45,13.55,0.363,211,garden
33.8674,-118.2913,mild,244,21.26,13.41,4.89,11.25,11.04,0.387,201,garden
33.8321,-118.2857,mild,247,18.42,12.49,0.79,11.05,6.44,0.317,200,garden
33.6225,-118.4733,mild,250,19.64,16.42,4.09,10.85,11.55,0.357,215,garden
34.017,-118.2978,mild,253,18.52,10.54,1.29,10.65,4.67,0.252,210,garden
34.1573,-117.8329,mild,256,15.87,12.53,1.92,10.45,4.04,0.255,209,garden
33.8125,-117.8197,mild,259,15.66,8.2,0.44,10.24,14.99,0.303,218,garden
33.9893,-118.4332,mild,262,18.88,15.7,1.28,10.03,3.6,0.205,218,wait
34.0231,-118.1368,mild,265,13.29,6.0,2.29,9.83,5.75,0.35,223,garden
33.9217,-118.0439,mild,268,15.42,8.45,3.54,9.62,5.67,0.45,219,garden
34.0045,-117.9892,mild,271,16.41,10.12,0,9.42,1.55,0.329,239,garden
34.1655,-117.9351,mild,274,12.31,6.24,0,9.21,8.9,0.26,235,garden
33.7572,-118.0866,mild,277,14.64,8.95,2.04,9.01,6.65,0.367,241,garden
34.2566,-117.9795,mild,280,11.99,6.22,0.26,8.81,7.26,0.234,242,wait
34.0058,-118.4356,mild,283,13.45,10.27,0.74,8.62,10.57,0.32,249,garden
34.2088,-118.2404,mild,286,11.1,4.84,0,8.43,11.71,0.358,242,garden
33.8793,-118.1899,mild,289,12.69,9.22,0.65,8.24,2.66,0.348,242,garden
33.7335,-118.5684,mild,292,10.99,5.89,3.68,8.05,8.73,0.476,253,garden
33.8849,-118.2305,mild,295,8.2,1.93,3.14,7.88,15.09,0.583,264,garden
33.8177,-118.148,mild,298,6.16,-0.63,1.82,7.7,8.55,0.502,266,wait
34.1717,-118.3523,mild,301,6.57,1.72,1.94,7.54,0.48,0.493,252,wait
34.1883,-118.2203,mild,304,10.87,3.25,2.19,7.38,10.54,0.514,254,garden
34.3935,-117.9264,mild,307,9.15,1.23,2.94,7.23,4.09,0.423,262,garden
33.6797,-118.1731,mild,310,9.01,5.08,4.97,7.08,8.66,0.624,266,garden
33.9799,-118.4806,mild,313,7.56,4.39,0.37,6.94,12.59,0.294,275,wait
34.2235,-118.4108,mild,316,5.84,-0.63,3.45,6.82,16.17,0.48,267,walk
33.608,-118.2281,mild,319,8.44,3.37,2.91,6.69,11.92,0.43,286,garden
33.6208,-118.2309,mild,322,6.38,3.23,2.43,6.58,9.69,0.459,290,wait
33.7634,-117.9496,mild,325,6.13,2.68,1.21,6.48,6.94,0.424,280,wait
33.62,-117.9411,mild,328,5.56,-1.16,0.42,6.39,8.27,0.379,282,wait
33.7337,-117.9538,mild,331,3.81,-3.8,1.68,6.3,1.47,0.545,296,wait
33.7158,-118.4195,mild,334,7.47,2.1,2.74,6.23,8.12,0.443,285,wait
33.6123,-118.3261,mild,337,3.3,-3.98,2.16,6.17,7.1,0.489,289,wait
33.8441,-117.9414,mild,340,2.62,-3.32,1.24,6.11,5.79,0.526,290,wait
34.1004,-118.3474,mild,343,5.99,0.62,2.38,6.07,13.02,0.436,298,wait
33.6193,-117.8235,mild,346,2.45,-1.2,0,6.04,11.14,0.44,305,wait
33.7051,-118.515,mild,349,1.84,-5.9,2.08,6.01,4.66,0.539,302,wait
34.0324,-118.2763,mild,352,5.01,0.41,3.59,6.0,5.76,0.635,307,wait
34.2329,-117.8734,mild,355,5.55,1.12,0,6.0,4.92,0.363,320,wait
33.8154,-118.2351,mild,358,4.11,-0.99,1.64,6.01,11.81,0.392,308,wait
33.626,-118.3667,mild,361,1.24,-5.51,0,6.03,10.21,0.53,329,wait
34.2148,-117.8461,mild,364,6.26,2.61,0.65,6.06,8.46,0.385,330,wait
33.8229,-118.3848,mild,1,2.48,-3.56,1.07,6.09,5.92,0.412,-39,wait
33.9282,-118.3805,mild,4,4.03,-1.21,3.46,6.14,6.55,0.496,-28,wait
34.194,-117.907,mild,7,2.71,-3.86,1.94,6.2,8.09,0.446,-28,wait
33.9015,-117.9654,mild,10,3.95,-0.69,3.65,6.26,3.32,0.483,-40,garden
34.0574,-117.9775,mild,13,6.49,-1.48,0,6.34,9.55,0.391,-37,wait
34.2024,-118.0978,mild,16,8.29,4.69,3.82,6.43,12.87,0.442,-32,wait
34.3561,-118.1383,mild,19,7.51,3.82,0,6.53,8.32,0.405,-13,wait
34.3912,-117.8392,mild,22,5.67,-0.91,1.46,6.64,8.15,0.511,-18,wait
34.3371,-117.9473,mild,25,8.92,1.59,0,6.75,6.65,0.29,-18,wait
33.7955,-118.2435,mild,28,9.47,3.9,0.59,6.88,5.23,0.285,-19,wait
33.8073,-118.199,mild,31,9.61,4.0,1.96,7.01,8.9,0.449,1,wait
34.1318,-118.5453,mild,34,9.02,1.2,0,7.15,18.01,0.275,-8,wait
34.0858,-118.3997,mild,37,6.13,-0.69,0.84,7.3,12.05,0.405,-1,wait
34.0404,-118.3864,mild,40,8.87,2.35,2.59,7.46,4.78,0.398,-9,wait
33.7102,-118.422,mild,43,9.73,6.65,3.4,7.62,13.26,0.58,9,wait
34.0247,-118.1994,mild,46,9.05,1.44,1.18,7.79,8.18,0.488,8,wait
33.7541,-118.3507,mild,49,7.32,3.01,0.71,7.97,9.93,0.34,10,wait
34.394,-118.152,mild,52,13.14,9.03,1.57,8.15,7.98,0.323,7,wait
34.229,-117.8204,mild,55,8.83,2.32,1.98,8.33,9.24,0.422,7,wait
34.0813,-118.4247,mild,58,10.64,7.55,0,8.52,0.72,0.24,9,wait
33.6237,-118.0213,mild,61,10.73,5.69,2.19,8.71,8.69,0.374,15,garden
33.8807,-118.4999,mild,64,14.21,10.33,2.24,8.91,7.79,0.431,34,garden
33.8601,-117.8354,mild,67,14.27,9.94,0,9.11,7.22,0.271,30,garden
33.8444,-118.4578,mild,70,15.58,8.92,2.73,9.31,7.49,0.368,21,garden
33.6705,-118.4107,mild,73,12.42,7.22,5.1,9.52,7.39,0.51,23,garden
33.7191,-118.4121,mild,76,14.37,7.77,2.92,9.72,2.89,0.509,35,garden
34.1996,-118.499,mild,79,16.14,11.03,0,9.93,8.23,0.182,39,wait
33.9099,-118.3191,mild,82,16.17,8.4,0,10.14,15.26,0.25,45,walk
34.3071,-118.273,mild,85,18.22,13.22,3.11,10.34,9.73,0.474,54,garden
34.1299,-118.1375,mild,88,17.92,12.37,4.47,10.55,2.14,0.408,52,garden
34.0525,-117.8053,mild,91,19.09,14.29,7.79,10.75,10.47,0.523,57,walk
33.9354,-118.0089,mild,94,21.71,18.08,1.88,10.95,10.94,0.215,45,walk
34.0837,-117.999,mild,97,18.73,14.97,3.16,11.15,9.09,0.432,60,garden
34.1143,-118.5296,mild,100,18.03,13.75,2.58,11.35,7.27,0.334,58,garden
33.9709,-118.598,mild,103,18.37,12.02,0,11.54,3.52,0.23,55,walk
34.0022,-118.457,mild,106,22.21,18.04,2.96,11.73,13.94,0.378,72,garden
34.2929,-118.5854,mild,109,19.13,13.55,0.72,11.91,5.84,0.151,71,walk
34.1252,-118.3768,mild,112,24.36,17.28,3.77,12.09,7.89,0.266,73,garden
34.3608,-118.2609,mild,115,24.61,20.68,3.16,12.27,6.48,0.28,74,garden
34.39,-118.4379,mild,118,25.24,21.05,4.48,12.43,12.93,0.387,84,garden
34.3664,-118.5359,mild,121,21.16,14.66,4.22,12.59,10.67,0.462,90,garden
34.2002,-118.2029,mild,124,26.09,22.93,4.18,12.75,8.28,0.42,77,garden
34.2061,-117.8927,mild,127,22.28,15.16,2.69,12.89,2.93,0.215,80,walk
33.8067,-118.1345,mild,130,23.03,15.09,0.56,13.03,13.02,0.286,81,garden
33.6616,-117.8334,mild,133,24.2,16.31,0.12,13.16,9.01,0.227,83,walk
34.1408,-117.9303,mild,136,24.9,20.21,3.01,13.29,9.74,0.284,91,garden
34.3564,-118.5154,mild,139,26.33,23.32,3.96,13.4,11.42,0.371,96,garden
33.7622,-118.1234,mild,142,23.68,17.22,4.62,13.5,11.55,0.48,96,garden
33.8711,-118.4187,mild,145,28.34,22.18,0.79,13.6,11.05,0.19,112,walk
34.139,-118.0269,mild,148,26.74,21.64,5.3,13.68,1.51,0.282,107,garden
34.2945,-118.4447,mild,151,26.48,21.72,4.08,13.76,4.51,0.226,121,walk
33.6304,-117.8053,mild,154,29.08,25.02,1.48,13.82,9.57,0.255,107,walk
34.1458,-118.3148,mild,157,28.26,21.44,0,13.88,5.54,0.1,122,walk
34.3517,-117.8453,mild,160,27.4,20.95,2.6,13.93,15.78,0.32,121,garden
33.6035,-117.8578,mild,163,25.42,22.14,4.03,13.96,10.71,0.293,117,garden
33.7252,-117.9212,mild,166,26.26,21.44,7.44,13.98,6.7,0.523,124,walk
33.8343,-118.5472,mild,169,29.21,22.73,0,14.0,2.51,0.1,128,walk
33.8531,-118.4171,mild,172,25.14,20.63,4.15,14.0,10.62,0.405,124,garden
34.1586,-118.2766,mild,175,25.86,21.02,4.55,13.99,9.97,0.327,142,garden
33.6748,-118.3393,mild,178,29.68,25.53,4.36,13.97,3.92,0.263,137,walk
34.2562,-118.1318,mild,181,29.75,22.35,2.12,13.94,12.64,0.136,135,walk
34.2163,-117.8753,mild,184,27.26,19.46,1.86,13.9,10.72,0.17,137,walk
33.6788,-118.3102,mild,187,30.01,25.36,3.69,13.85,9.69,0.234,155,wait
34.1875,-118.5849,mild,190,25.31,18.04,0.33,13.79,2.79,0.213,154,walk
33.9701,-118.4869,mild,193,25.94,21.48,2.7,13.72,0.32,0.235,151,walk
33.9074,-118.3891,mild,196,26.08,20.87,3.83,13.64,8.46,0.381,160,garden
33.9893,-118.3545,mild,199,27.57,21.91,1.59,13.55,5.76,0.218,150,walk
33.8595,-118.2328,mild,202,24.73,21.65,3.35,13.45,11.97,0.373,161,garden
33.9223,-118.482,mild,205,24.12,20.87,0.84,13.34,6.62,0.245,167,walk
33.6082,-118.0778,mild,208,25.38,19.61,5.93,13.23,3.79,0.419,171,garden
33.7666,-118.1612,mild,211,24.56,20.53,1.76,13.1,8.2,0.298,167,garden
34.0032,-118.2199,mild,214,27.42,22.04,1.82,12.96,4.48,0.124,180,walk
34.0731,-118.413,mild,217,21.78,14.3,1.27,12.82,1.29,0.245,183,walk
34.3549,-118.1168,mild,220,21.36,16.69,1.49,12.67,10.13,0.159,170,walk
33.9433,-118.3941,mild,223,21.41,17.41,1.77,12.52,8.82,0.352,192,garden
34.3055,-118.2002,mild,226,20.11,16.15,1.52,12.35,5.07,0.265,191,garden
34.225,-118.3923,mild,229,21.58,17.3,1.76,12.18,8.62,0.309,179,garden
34.1649,-118.4596,mild,232,24.09,18.7,4.63,12.0,2.88,0.306,188,garden
33.9921,-118.1146,mild,235,22.33,16.92,3.12,11.82,8.98,0.32,196,garden
33.8312,-117.9303,mild,238,23.72,20.19,4.28,11.64,13.97,0.299,205,garden
33.6063,-118.1324,mild,241,19.77,14.0,3.72,11.45,8.5,0.31,204,garden
33.6111,-117.8025,mild,244,21.6,17.66,5.16,11.25,4.05,0.537,212,garden
34.2947,-118.2395,mild,247,21.51,17.58,0.63,11.05,10.81,0.128,210,walk
34.2228,-117.8895,mild,250,20.86,14.07,5.69,10.85,4.57,0.39,206,garden
34.3335,-118.2986,mild,253,19.07,11.36,2.16,10.65,10.57,0.257,217,garden
33.7933,-118.1558,mild,256,15.68,12.12,2.92,10.45,5.8,0.356,220,garden
34.3048,-118.1074,mild,259,16.96,9.17,4.47,10.24,8.82,0.548,217,garden
33.9696,-118.4736,mild,262,16.78,8.85,1.09,10.03,13.52,0.239,231,walk
34.1218,-118.3612,mild,265,17.03,13.13,1.96,9.83,6.19,0.35,227,garden
33.8649,-118.4627,mild,268,16.5,9.41,4.71,9.62,10.75,0.523,232,garden
34.1013,-118.3011,mild,271,16.43,10.66,0,9.42,18.38,0.262,229,walk
34.395,-117.9972,mild,274,13.36,10.35,2.55,9.21,4.69,0.474,237,garden
34.2739,-118.4626,mild,277,15.11,12.01,1.48,9.01,8.16,0.378,230,garden
33.7906,-118.5739,mild,280,9.72,5.79,2.9,8.81,9.81,0.539,239,garden
33.7978,-118.4613,mild,283,10.41,4.54,2.59,8.62,8.62,0.529,244,garden
33.8752,-117.8213,mild,286,14.02,9.8,2.25,8.43,8.95,0.362,256,garden
33.9239,-118.1966,mild,289,8.39,0.97,1.47,8.24,11.59,0.384,240,wait
33.7298,-117.9202,mild,292,10.49,4.69,0.74,8.05,5.43,0.295,249,garden
34.1923,-117.8001,mild,295,9.0,5.18,0.98,7.88,8.21,0.394,256,garden
33.646,-117.9759,mild,298,7.5,3.87,2.75,7.7,7.33,0.448,253,wait
33.7942,-118.2029,mild,301,10.12,5.16,3.5,7.54,4.98,0.521,252,garden
34.0762,-117.9064,mild,304,6.33,0.92,0.5,7.38,11.59,0.328,254,wait
33.7446,-118.2429,mild,307,8.53,2.69,2.69,7.23,5.88,0.575,260,garden
33.8193,-118.3452,mild,310,8.46,4.96,0,7.08,12.6,0.27,273,garden
34.3123,-118.2594,mild,313,7.84,2.3,2.52,6.94,6.5,0.399,267,wait
33.8523,-118.4901,mild,316,6.14,-0.7,3.77,6.82,8.86,0.493,283,wait
33.8542,-118.3833,mild,319,3.45,-0.38,2.67,6.69,10.31,0.486,279,wait
33.9533,-117.8661,mild,322,7.07,3.37,0.38,6.58,7.07,0.328,273,wait
33.7227,-118.5253,mild,325,5.21,1.51,0,6.48,10.28,0.36,283,wait
34.0726,-118.0112,mild,328,5.43,-1.11,1.1,6.39,15.15,0.401,295,wait
34.0597,-117.8307,mild,331,7.72,3.21,0,6.3,6.76,0.34,301,wait
34.094,-118.5543,mild,334,6.97,0.18,0,6.23,1.8,0.349,287,wait
34.0028,-117.9725,mild,337,3.54,-3.04,0,6.17,0.75,0.361,303,wait
34.1685,-118.2177,mild,340,5.75,0.09,2.4,6.11,3.62,0.593,300,wait
33.8899,-117.8608,mild,343,3.63,-0.23,1.1,6.07,4.86,0.456,311,wait
33.7272,-118.4531,mild,346,6.28,0.09,0.39,6.04,11.51,0.448,308,wait
34.2055,-117.8089,mild,349,3.14,-3.63,0,6.01,7.23,0.47,319,wait
34.2343,-118.4035,mild,352,3.69,-2.07,2.47,6.0,14.27,0.604,322,wait
33.934,-118.4638,mild,355,2.64,-1.79,0,6.0,5.61,0.475,324,wait
33.6421,-118.1354,mild,358,5.19,2.0,1.16,6.01,8.05,0.527,318,wait
33.6399,-117.9918,mild,361,3.68,-0.25,0,6.03,8.47,0.312,318,wait
33.9709,-118.5305,mild,364,4.64,0.41,1.4,6.06,3.04,0.398,319,wait
33.9887,-118.5702,mild,1,4.82,-0.09,1.82,6.09,8.05,0.574,-33,wait
33.9487,-118.4962,mild,4,3.81,-1.19,4.15,6.14,4.93,0.676,-45,wait
33.7388,-118.3829,mild,7,3.28,-3.27,0.77,6.2,4.36,0.351,-33,wait
34.3088,-117.9708,mild,10,2.33,-4.8,0,6.26,1.36,0.455,-34,wait
34.351,-118.0277,mild,13,2.72,-3.5,1.61,6.34,5.01,0.539,-24,wait
33.9759,-117.8842,mild,16,4.63,0.25,1.61,6.43,6.19,0.522,-20,wait
34.0835,-118.456,mild,19,5.73,0.35,0,6.53,12.3,0.285,-25,wait
34.0404,-118.5842,mild,22,8.76,1.67,3.85,6.64,3.02,0.528,-18,wait
33.8296,-118.4246,mild,25,3.78,-3.45,0,6.75,4.48,0.337,-20,wait
33.8682,-118.4429,mild,28,5.48,-1.38,3.27,6.88,10.2,0.489,-11,wait
34.2182,-118.3042,mild,31,8.98,3.12,0,7.01,10.15,0.24,-8,wait
34.0126,-118.0128,mild,34,5.81,-1.4,2.87,7.15,11.88,0.429,-2,wait
34.1007,-118.3496,mild,37,6.5,0.24,1.36,7.3,7.96,0.404,3,wait
34.2682,-118.574,mild,40,9.83,5.49,3.9,7.46,11.5,0.469,8,wait
34.1081,-118.0104,mild,43,10.55,5.16,3.84,7.62,10.8,0.42,8,wait
34.1822,-118.5341,mild,46,8.13,2.85,3.54,7.79,6.68,0.481,10,wait
33.7051,-117.8985,mild,49,11.41,4.19,3.01,7.97,7.14,0.441,12,wait
34.3058,-118.5303,mild,52,11.97,6.95,5.03,8.15,4.07,0.608,13,wait
34.1566,-118.1385,mild,55,10.23,4.64,0.8,8.33,7.34,0.274,19,garden
33.832,-118.411,mild,58,9.22,2.34,0.99,8.52,9.08,0.375,25,garden
34.3319,-118.1263,mild,61,11.62,4.2,5.39,8.71,9.78,0.52,18,garden
34.2332,-117.8762,mild,64,11.21,8.08,0,8.91,8.46,0.252,26,garden
34.1139,-117.9791,mild,67,13.62,9.95,1.0,9.11,3.84,0.407,32,garden
33.8636,-118.1218,mild,70,14.63,7.77,0,9.31,9.71,0.253,26,garden
34.1549,-117.9052,mild,73,16.52,11.58,1.22,9.52,2.78,0.246,28,wait
33.6175,-118.0634,mild,76,15.2,9.79,0,9.72,11.88,0.223,46,wait
33.9381,-118.0399,mild,79,14.61,10.92,2.66,9.93,2.57,0.312,49,garden
33.649,-118.5442,mild,82,13.88,6.56,1.61,10.14,4.05,0.339,38,garden
34.0642,-118.4582,mild,85,18.61,12.72,6.64,10.34,5.99,0.452,41,walk
34.0495,-118.2651,mild,88,19.67,12.47,8.22,10.55,14.3,0.679,43,walk
34.3376,-118.1729,mild,91,17.2,9.78,3.53,10.75,14.93,0.404,55,garden
34.1564,-118.1716,mild,94,20.8,16.26,2.34,10.95,12.07,0.265,44,garden
34.3917,-118.1188,mild,97,22.18,18.01,4.74,11.15,4.02,0.357,57,garden
34.0791,-118.5492,mild,100,17.17,12.75,2.93,11.35,2.58,0.366,50,garden
34.3995,-118.4144,mild,103,19.67,13.97,3.21,11.54,11.56,0.464,69,garden
34.155,-117.9424,mild,106,23.67,16.96,1.89,11.73,14.92,0.311,60,garden
33.9015,-118.0873,mild,109,19.2,12.57,4.23,11.91,10.92,0.493,59,garden
34.1204,-118.3979,mild,112,23.26,16.87,0.9,12.09,12.79,0.22,63,walk
33.7598,-118.241,mild,115,24.43,16.83,0.15,12.27,0.79,0.183,67,walk
33.7629,-118.1895,mild,118,20.58,15.2,7.58,12.43,3.75,0.554,77,wait
34.023,-118.1195,mild,121,24.02,18.43,6.59,12.59,1.92,0.392,76,walk
34.3572,-118.0716,mild,124,23.73,19.86,3.65,12.75,5.56,0.296,90,garden
34.1175,-118.0949,mild,127,21.8,18.06,0,12.89,7.75,0.145,95,walk
33.9079,-118.5119,mild,130,22.63,17.54,7.2,13.03,8.13,0.564,99,walk
33.696,-118.5545,mild,133,27.29,22.26,4.22,13.16,11.78,0.326,83,garden
33.7747,-117.9575,mild,136,27.4,23.53,3.66,13.29,6.77,0.371,94,garden
33.665,-118.5912,mild,139,25.49,19.23,1.37,13.4,5.19,0.204,104,walk
34.0773,-118.1315,mild,142,27.99,20.94,3.51,13.5,7.06,0.208,103,walk
34.0559,-118.2759,mild,145,29.43,25.65,2.82,13.6,11.75,0.125,112,walk
34.2034,-118.4062,mild,148,28.95,22.43,2.5,13.68,11.89,0.265,98,walk
33.9399,-118.199,mild,151,26.19,18.97,3.83,13.76,5.83,0.285,108,garden
34.299,-117.9383,mild,154,24.95,19.29,0.72,13.82,9.42,0.263,104,garden
33.9987,-118.1858,mild,157,26.27,18.89,1.37,13.88,7.86,0.161,125,walk
33.9049,-117.9546,mild,160,26.43,19.87,0,13.93,15.92,0.212,117,walk
34.0536,-118.2123,mild,163,28.51,22.38,0.89,13.96,7.41,0.1,124,walk
34.0195,-118.4524,mild,166,30.42,22.98,3.39,13.98,6.79,0.149,124,wait
34.0554,-118.2735,mild,169,30.76,24.94,3.86,14.0,10.85,0.238,133,wait
33.7235,-117.8681,mild,172,26.13,21.41,0.45,14.0,4.59,0.224,141,walk
33.9199,-118.1882,mild,175,28.59,20.84,1.17,13.99,7.17,0.201,140,walk
33.8038,-118.4619,mild,178,29.18,23.93,4.21,13.97,16.23,0.283,137,walk
34.0223,-118.4483,mild,181,27.97,20.64,2.47,13.94,13.47,0.174,141,walk
33.6397,-117.8169,mild,184,29.3,25.88,4.53,13.9,7.77,0.216,136,walk
33.844,-118.0783,mild,187,28.75,21.1,4.17,13.85,12.42,0.349,139,walk
33.7633,-117.9508,mild,190,25.74,22.57,1.5,13.79,17.16,0.117,149,walk
33.9478,-118.3382,mild,193,27.14,23.38,0.85,13.72,4.23,0.1,161,walk
33.8636,-117.8243,mild,196,27.96,23.47,2.36,13.64,2.07,0.258,155,garden
34.3947,-118.2575,mild,199,27.55,24.27,3.24,13.55,11.31,0.214,167,walk
34.0547,-117.8186,mild,202,29.01,25.5,4.9,13.45,6.21,0.356,156,walk
33.7054,-118.5965,mild,205,27.69,20.09,3.02,13.34,7.86,0.352,166,garden
34.021,-118.1425,mild,208,25.52,20.7,2.4,13.23,7.79,0.274,171,garden
33.6054,-118.4017,mild,211,28.17,24.4,2.9,13.1,0.85,0.271,170,walk
33.9857,-118.1051,mild,214,27.53,22.08,3.37,12.96,9.64,0.219,166,walk
34.3925,-118.3203,mild,217,26.57,23.08,4.7,12.82,9.49,0.292,172,garden
34.2667,-118.0046,mild,220,22.37,18.94,0,12.67,5.3,0.264,174,garden
34.1854,-117.9517,mild,223,24.05,17.44,0.47,12.52,5.4,0.112,187,walk
33.6205,-118.0002,mild,226,25.16,20.61,3.44,12.35,5.3,0.329,184,garden
33.9763,-118.3429,mild,229,22.75,15.42,2.77,12.18,4.56,0.217,179,walk
34.38,-118.5281,mild,232,23.68,17.64,3.14,12.0,2.51,0.406,199,garden
33.7541,-118.3954,mild,235,22.64,14.84,3.75,11.82,12.3,0.324,193,garden
34.1831,-117.9538,mild,238,21.54,18.18,3.16,11.64,3.42,0.308,205,garden
34.1331,-117.8625,mild,241,19.27,12.09,2.29,11.45,14.35,0.347,202,garden
34.2409,-118.0265,mild,244,17.04,11.58,1.87,11.25,8.22,0.233,201,walk
34.2308,-118.1633,mild,247,18.08,13.52,0,11.05,5.15,0.323,204,garden
34.1907,-118.5681,mild,250,16.63,9.61,3.85,10.85,8.41,0.411,205,garden
34.195,-118.0719,mild,253,18.04,10.46,0.56,10.65,6.9,0.342,223,garden
33.9057,-118.0464,mild,256,17.54,14.48,1.59,10.45,9.47,0.35,208,garden
34.346,-118.1161,mild,259,17.98,13.95,2.92,10.24,10.82,0.416,213,garden
34.0045,-117.828,mild,262,15.91,11.6,6.83,10.03,9.13,0.673,225,walk
34.0921,-118.1673,mild,265,15.83,7.87,2.37,9.83,8.64,0.466,218,garden
34.2849,-118.4838,mild,268,16.2,9.74,2.43,9.62,5.86,0.313,220,garden
34.2403,-118.4072,mild,271,13.59,10.09,0.38,9.42,10.76,0.267,222,garden
33.8508,-118.1195,mild,274,14.59,11.03,0.91,9.21,7.15,0.412,229,garden
34.1586,-117.968,mild,277,12.86,9.82,0,9.01,8.45,0.332,236,garden
34.2006,-118.3686,mild,280,14.62,8.23,0.73,8.81,6.04,0.332,236,garden
33.9887,-118.29,mild,283,13.33,6.21,0,8.62,5.16,0.299,246,garden
33.8906,-117.819,mild,286,10.73,3.36,1.96,8.43,11.22,0.466,248,garden
34.3258,-118.5952,mild,289,8.54,3.62,1.09,8.24,4.62,0.324,254,garden
33.791,-117.9366,mild,292,12.61,7.02,5.58,8.05,10.75,0.482,249,walk
33.6064,-118.164,mild,295,8.86,5.21,0,7.88,6.9,0.369,258,garden
33.7898,-118.577,mild,298,6.84,-0.46,0,7.7,5.22,0.462,249,wait
34.0547,-118.0431,mild,301,7.81,4.69,1.11,7.54,10.34,0.348,265,wait
34.0268,-118.5656,mild,304,7.34,0.05,0,7.38,4.63,0.452,255,garden
33.8187,-118.0959,mild,307,9.86,4.54,5.41,7.23,3.17,0.684,267,garden
33.7801,-118.5275,mild,310,9.96,6.74,0.63,7.08,12.97,0.378,269,garden
33.7691,-117.8909,mild,313,7.18,1.02,3.03,6.94,11.47,0.49,283,wait
33.8968,-118.5013,mild,316,8.52,1.71,0,6.82,10.44,0.417,285,garden
33.936,-118.4884,mild,319,6.78,3.52,0.59,6.69,4.29,0.342,282,wait
33.9249,-118.4951,mild,322,6.0,2.85,3.38,6.58,8.29,0.572,285,wait
33.6543,-118.4157,mild,325,4.56,-3.41,0,6.48,10.84,0.307,281,wait
33.952,-118.5505,mild,328,6.51,-1.24,0,6.39,11.38,0.332,279,wait
33.6453,-118.2997,mild,331,2.68,-1.6,2.54,6.3,9.36,0.509,295,wait
33.8555,-118.2318,mild,334,3.27,-3.45,1.88,6.23,13.88,0.467,298,wait
34.3715,-117.8506,mild,337,4.93,-1.75,1.45,6.17,1.27,0.488,304,wait
34.3049,-118.0292,mild,340,6.42,1.4,1.59,6.11,11.49,0.526,307,wait
33.6393,-118.4514,mild,343,4.17,-1.96,0,6.07,6.53,0.489,304,wait
34.2844,-117.9554,mild,346,2.56,-4.17,0,6.04,8.62,0.464,313,wait
34.2539,-118.0478,mild,349,1.64,-2.29,3.06,6.01,8.6,0.58,305,wait
33.6319,-117.9051,mild,352,4.63,-0.77,1.44,6.0,5.92,0.477,314,wait
34.2876,-118.0778,mild,355,6.53,1.92,1.5,6.0,0.67,0.53,319,wait
34.294,-118.0786,mild,358,2.58,-2.61,3.63,6.01,5.26,0.641,315,wait
34.0935,-118.4176,mild,361,1.37,-2.82,2.28,6.03,12.77,0.497,311,wait
34.0202,-117.8884,mild,364,5.98,0.4,0.83,6.06,10.66,0.376,316,wait
33.7015,-118.2888,mild,1,1.32,-5.04,0.34,6.09,11.07,0.367,-41,wait
33.7769,-118.5764,mild,4,6.9,1.69,0,6.14,10.38,0.388,-40,wait
33.946,-118.0997,mild,7,5.89,0.92,0.88,6.2,10.94,0.455,-38,wait
34.1808,-118.0401,mild,10,6.47,-1.1,0,6.26,8.2,0.313,-38,wait
33.8892,-118.4096,mild,13,2.23,-2.76,4.12,6.34,5.19,0.534,-23,garden
33.6679,-117.9407,mild,16,7.08,2.41,0.12,6.43,13.16,0.427,-30,wait
34.2948,-118.2214,mild,19,6.43,-0.52,1.0,6.53,9.27,0.499,-23,garden
33.9438,-118.4721,mild,22,7.46,1.93,0,6.64,9.83,0.331,-28,wait
34.2351,-117.8449,mild,25,8.32,4.09,0,6.75,12.07,0.378,-14,wait
34.076,-118.0834,mild,28,8.93,1.96,4.25,6.88,5.84,0.507,-8,wait
34.2709,-118.0335,mild,31,5.29,-0.32,1.74,7.01,13.21,0.525,-4,wait
34.0962,-118.348,mild,34,9.51,3.52,3.59,7.15,10.53,0.552,-3,garden
33.9492,-118.4268,mild,37,6.79,-0.55,0,7.3,3.88,0.307,0,wait
34.0384,-118.0369,mild,40,6.17,2.05,0,7.46,3.45,0.293,-7,wait
34.3462,-118.4176,mild,43,11.15,4.12,4.78,7.62,11.63,0.471,12,wait
33.7545,-118.1267,mild,46,6.47,-0.03,2.1,7.79,11.99,0.522,1,wait
33.9182,-118.2311,mild,49,10.08,2.51,2.77,7.97,6.74,0.528,19,garden
34.0207,-118.1632,mild,52,10.46,5.0,3.18,8.15,2.35,0.483,6,wait
33.6616,-118.015,mild,55,10.89,6.24,0,8.33,5.76,0.227,21,garden
34.378,-117.8252,mild,58,12.75,8.47,0,8.52,4.84,0.284,26,garden
34.2374,-118.4458,mild,61,11.49,4.73,0.24,8.71,11.77,0.307,19,garden
34.2432,-118.5594,mild,64,13.81,9.6,3.98,8.91,8.13,0.56,18,garden
33.8581,-117.8793,mild,67,13.59,7.73,1.73,9.11,9.29,0.347,17,garden
33.858,-117.9987,mild,70,15.34,8.92,0,9.31,9.79,0.258,36,garden
33.6055,-118.2909,mild,73,13.71,8.24,5.41,9.52,14.11,0.5,36,garden
33.8859,-118.2682,mild,76,14.85,9.25,2.52,9.72,1.23,0.462,35,garden
34.0098,-118.1107,mild,79,14.91,10.29,3.59,9.93,14.94,0.516,37,garden
34.3985,-118.5864,mild,82,19.01,15.99,3.71,10.14,0.83,0.338,45,garden
33.9266,-118.5635,mild,85,18.68,11.5,4.22,10.34,0.74,0.474,49,wait
33.6362,-118.0451,mild,88,18.38,11.33,2.0,10.55,16.85,0.323,51,garden
33.7701,-118.0656,mild,91,19.65,13.94,2.37,10.75,5.17,0.42,49,garden
34.3354,-117.8837,mild,94,15.94,9.09,0.09,10.95,2.32,0.25,59,garden
33.9114,-118.3838,mild,97,21.73,18.05,1.64,11.15,20.02,0.271,50,walk
33.9937,-117.8097,mild,100,17.13,12.54,3.81,11.35,8.71,0.477,62,garden
33.6151,-118.3306,mild,103,23.47,20.4,1.25,11.54,13.15,0.31,71,garden
33.8008,-118.4823,mild,106,23.16,16.36,5.31,11.73,9.64,0.412,61,garden
34.2102,-118.3343,mild,109,23.98,16.69,4.18,11.91,2.02,0.33,75,garden
34.0508,-118.248,mild,112,20.96,13.76,3.8,12.09,8.29,0.34,63,garden
33.6534,-117.8805,mild,115,22.56,18.13,0.75,12.27,9.47,0.179,68,walk
34.1791,-117.9287,mild,118,24.73,16.76,1.26,12.43,2.1,0.144,84,walk
33.9362,-118.4042,mild,121,22.7,16.5,4.67,12.59,3.6,0.461,79,garden
34.0982,-118.376,mild,124,25.84,22.0,2.89,12.75,7.37,0.3,91,garden
33.602,-118.2777,mild,127,24.44,17.25,1.86,12.89,12.65,0.157,91,walk
34.0237,-117.8852,mild,130,27.16,23.09,6.84,13.03,6.15,0.37,82,walk
34.2574,-118.1495,mild,133,27.08,21.73,0.83,13.16,7.99,0.1,95,walk
34.1799,-118.4239,mild,136,25.34,19.6,4.9,13.29,0.01,0.464,93,garden
34.1434,-118.1414,mild,139,26.04,20.79,0,13.4,7.91,0.221,94,walk
33.9584,-118.0631,mild,142,23.73,16.66,2.67,13.5,3.78,0.352,109,garden
33.9561,-118.2029,mild,145,27.11,20.06,5.13,13.6,7.48,0.408,97,garden
33.6318,-118.2381,mild,148,25.93,19.97,5.77,13.68,11.45,0.487,115,garden
33.842,-118.1921,mild,151,25.54,19.97,2.06,13.76,9.17,0.233,102,walk
34.0094,-118.2712,mild,154,28.13,21.56,0.92,13.82,10.59,0.155,120,walk
33.9193,-118.513,mild,157,27.79,20.49,5.44,13.88,6.47,0.354,111,garden
34.2458,-118.5202,mild,160,25.46,19.3,2.27,13.93,7.17,0.315,112,garden
33.7071,-117.9533,mild,163,30.45,24.21,0,13.96,6.57,0.139,116,wait
33.6377,-118.1311,mild,166,28.84,23.4,4.21,13.98,5.99,0.352,135,wait
34.3242,-118.1909,mild,169,26.31,19.41,1.56,14.0,6.81,0.21,126,walk
33.6354,-118.2073,mild,172,30.58,25.39,1.07,14.0,16.14,0.206,129,wait
34.1524,-118.5894,mild,175,27.74,21.67,4.77,13.99,2.68,0.415,131,garden
33.8634,-118.0943,mild,178,27.84,23.66,3.48,13.97,9.46,0.337,134,garden
33.9828,-118.1172,mild,181,28.92,22.08,0,13.94,11.2,0.1,151,walk
34.0073,-118.4326,mild,184,29.98,25.86,1.95,13.9,15.35,0.125,143,walk
34.349,-117.8178,mild,187,30.39,25.84,1.67,13.85,12.29,0.1,140,wait
33.9148,-117.8525,mild,190,29.14,21.89,3.29,13.79,12.7,0.239,150,walk
34.0302,-117.901,mild,193,27.37,24.0,5.28,13.72,9.33,0.447,157,garden
33.8107,-117.8189,mild,196,24.78,18.59,1.37,13.64,14.56,0.162,159,walk
33.9418,-118.3615,mild,199,27.1,22.64,7.71,13.55,1.84,0.56,162,walk
33.7667,-118.5048,mild,202,23.49,18.33,5.05,13.45,5.89,0.405,167,garden
33.7868,-118.1928,mild,205,26.52,21.03,0,13.34,10.6,0.139,159,walk
33.8946,-118.0358,mild,208,28.45,21.58,2.64,13.23,9.07,0.24,160,walk
34.1891,-118.5448,mild,211,24.12,20.31,3.12,13.1,5.42,0.265,173,garden
34.3283,-118.3601,mild,214,23.98,17.28,0,12.96,6.76,0.21,164,walk
34.0578,-118.1642,mild,217,26.24,19.0,1.99,12.82,4.16,0.267,178,garden
33.6509,-118.5977,mild,220,24.92,17.31,0,12.67,8.53,0.223,189,walk
34.1164,-117.8458,mild,223,20.62,16.82,3.71,12.52,12.14,0.297,191,garden
34.3115,-118.0358,mild,226,25.4,21.91,2.9,12.35,4.72,0.232,191,walk
34.1752,-118.4997,mild,229,21.07,15.26,1.24,12.18,1.15,0.206,183,walk
33.9398,-117.9178,mild,232,21.45,15.12,7.82,12.0,7.79,0.627,182,walk
34.3126,-118.2675,mild,235,20.56,12.89,5.66,11.82,9.19,0.493,190,garden
34.1973,-117.8678,mild,238,20.63,17.01,2.36,11.64,4.13,0.293,190,walk
34.1592,-118.4239,mild,241,19.01,11.95,3.45,11.45,6.98,0.455,195,garden
34.3129,-118.2094,mild,244,20.44,14.72,7.87,11.25,13.25,0.633,207,walk
33.8209,-118.2771,mild,247,19.87,16.79,0.33,11.05,8.7,0.133,201,walk
34.2812,-117.8736,mild,250,17.21,14.07,3.27,10.85,10.58,0.47,202,garden
33.9917,-118.4974,mild,253,17.56,13.02,3.82,10.65,5.14,0.332,220,garden
34.107,-118.3152,mild,256,15.65,9.81,2.88,10.45,4.32,0.479,218,garden
33.8389,-118.564,mild,259,18.27,12.07,0.36,10.24,8.38,0.31,217,garden
33.8676,-118.5492,mild,262,14.4,7.11,3.48,10.03,0.92,0.408,217,garden
33.9195,-118.4875,mild,265,16.82,12.77,6.05,9.83,3.93,0.598,223,wait
34.3401,-118.3792,mild,268,15.07,9.39,0,9.62,6.51,0.313,225,garden
33.6742,-118.3914,mild,271,15.64,9.16,0,9.42,11.27,0.271,227,garden
34.1506,-118.3684,mild,274,15.33,10.04,0,9.21,7.43,0.222,226,wait
34.1587,-117.9565,mild,277,13.53,9.11,0,9.01,10.11,0.266,243,garden
34.0658,-118.3403,mild,280,12.45,9.15,0.78,8.81,3.11,0.427,232,garden
33.6118,-117.9613,mild,283,14.48,10.23,0,8.62,10.02,0.203,236,wait
33.7031,-117.9912,mild,286,8.74,3.46,4.06,8.43,9.68,0.57,246,garden
34.1252,-118.4045,mild,289,12.75,7.71,0,8.24,5.74,0.219,252,wait
33.6422,-118.4438,mild,292,12.02,8.66,2.37,8.05,7.11,0.467,242,garden
33.6151,-118.3388,mild,295,7.74,2.23,5.06,7.88,0.2,0.645,255,wait
33.9843,-118.5175,mild,298,11.1,7.26,1.15,7.7,6.21,0.426,248,garden
33.7999,-117.921,mild,301,6.07,1.47,0.26,7.54,6.83,0.306,263,wait
34.3819,-118.4956,mild,304,8.25,4.61,2.17,7.38,5.42,0.362,264,garden
34.2803,-118.5089,mild,307,8.67,5.43,0,7.23,12.05,0.261,276,garden
33.7452,-118.2969,mild,310,5.49,-0.18,1.87,7.08,13.07,0.413,280,wait
33.8666,-118.4267,mild,313,9.67,2.69,2.97,6.94,13.45,0.428,276,garden
34.0669,-118.256,mild,316,4.56,-0.44,1.44,6.82,4.67,0.453,266,wait
33.9631,-118.064,mild,319,4.24,0.37,4.63,6.69,10.45,0.719,276,wait
34.0975,-117.9357,mild,322,6.5,-0.84,1.34,6.58,13.88,0.446,292,wait
33.866,-117.9223,mild,325,4.58,-2.6,3.76,6.48,11.34,0.68,287,wait
34.0957,-118.2668,mild,328,3.76,-3.06,0.3,6.39,9.49,0.475,298,wait
33.7274,-117.8975,mild,331,3.71,-0.62,1.59,6.3,4.24,0.433,299,wait
34.049,-118.041,mild,334,6.35,-1.39,2.98,6.23,6.16,0.563,291,wait
33.7233,-118.438,mild,337,5.69,0.66,1.51,6.17,0.23,0.47,297,wait
33.6654,-118.0872,mild,340,6.8,0.02,0,6.11,13.86,0.295,293,wait
33.77,-118.0725,mild,343,6.39,-0.1,0.05,6.07,9.3,0.398,300,wait
33.9146,-118.1693,mild,346,3.57,-1.07,1.19,6.04,4.99,0.48,309,wait
33.6617,-118.5231,mild,349,2.82,-2.54,0,6.01,3.76,0.465,316,wait
34.1557,-118.5293,mild,352,6.17,-0.2,0.27,6.0,8.0,0.466,318,wait
34.2186,-117.8456,mild,355,2.47,-3.01,1.47,6.0,10.05,0.405,310,wait
33.712,-118.0145,mild,358,2.68,-3.39,3.19,6.01,1.29,0.657,308,wait
33.8383,-117.9814,mild,361,4.54,0.95,6.71,6.03,6.55,0.709,317,wait
34.274,-118.3628,mild,364,3.57,-1.05,1.0,6.06,10.2,0.471,334,wait
29.7709,-94.9806,warm,1,9.77,5.74,2.29,6.09,3.06,0.434,-11,wait
29.6309,-94.9712,warm,4,5.48,0.5,0,6.14,5.91,0.414,-23,wait
30.0112,-95.5206,warm,7,9.9,4.06,2.95,6.2,10.17,0.571,-23,wait
29.757,-95.6091,warm,10,7.77,1.77,6.09,6.26,10.05,0.579,-9,wait
29.4853,-94.9223,warm,13,10.69,6.45,0,6.34,4.13,0.223,-15,wait
29.3803,-95.6635,warm,16,7.59,0.0,0,6.43,10.23,0.415,-6,wait
29.4732,-95.6409,warm,19,9.97,2.98,0.89,6.53,14.43,0.461,2,wait
29.8303,-95.6336,warm,22,8.42,2.7,1.43,6.64,8.35,0.373,12,wait
29.7495,-94.9946,warm,25,7.41,0.17,0,6.75,0.48,0.436,-4,wait
29.7818,-95.5028,warm,28,12.76,5.13,0,6.88,10.84,0.197,0,wait
29.5089,-95.5753,warm,31,8.9,1.13,1.39,7.01,4.93,0.487,11,wait
30.0514,-95.2267,warm,34,8.82,4.22,1.83,7.15,8.64,0.427,7,wait
29.3928,-94.9985,warm,37,10.14,4.42,2.85,7.3,9.28,0.462,9,wait
29.6711,-95.0061,warm,40,14.07,10.58,0,7.46,0.31,0.337,14,wait
29.7269,-95.0191,warm,43,10.83,3.17,0,7.62,6.0,0.272,16,garden
29.6489,-95.0207,warm,46,12.17,8.48,0,7.79,8.6,0.352,35,garden
29.3638,-94.9656,warm,49,13.11,8.2,2.02,7.97,6.02,0.302,36,garden
29.4355,-95.1869,warm,52,14.43,8.36,5.67,8.15,15.51,0.477,40,garden
29.3411,-95.2226,warm,55,12.71,8.29,4.21,8.33,9.87,0.418,35,garden
30.0987,-95.5596,warm,58,15.16,8.85,0,8.52,10.63,0.211,39,wait
29.947,-94.9526,warm,61,17.08,10.38,1.3,8.71,7.84,0.328,40,garden
29.7836,-95.2947,warm,64,16.54,10.82,0.75,8.91,4.91,0.286,45,garden
29.5726,-95.3389,warm,67,20.23,14.24,1.7,9.11,7.88,0.203,57,wait
29.4474,-95.1895,warm,70,20.58,12.99,1.69,9.31,11.68,0.278,44,garden
29.9992,-95.3189,warm,73,16.08,12.3,0,9.52,11.83,0.221,54,walk
29.7074,-94.9354,warm,76,20.15,16.74,3.04,9.72,3.49,0.305,53,walk
29.3027,-95.1895,warm,79,19.32,15.42,4.21,9.93,9.56,0.408,52,garden
29.729,-95.6938,warm,82,22.29,17.24,0.08,10.14,4.5,0.273,55,garden
29.4143,-95.5815,warm,85,20.48,16.52,2.31,10.34,6.0,0.384,60,garden
29.5863,-95.2152,warm,88,19.7,15.92,4.11,10.55,8.27,0.375,62,garden
29.942,-95.5175,warm,91,22.83,19.67,2.42,10.75,9.12,0.336,69,garden
30.0737,-94.9451,warm,94,25.2,21.69,3.63,10.95,10.0,0.35,74,garden
29.6493,-95.6059,warm,97,26.03,22.2,0.83,11.15,3.81,0.251,67,garden
29.3234,-94.9587,warm,100,25.25,18.93,4.96,11.35,6.62,0.29,84,garden
29.3618,-95.4337,warm,103,21.73,18.37,3.23,11.54,6.86,0.298,83,garden
29.7445,-95.0601,warm,106,26.75,19.81,0,11.73,7.42,0.202,84,walk
30.0411,-95.5214,warm,109,24.47,17.05,2.88,11.91,8.79,0.205,95,walk
29.4819,-95.2534,warm,112,25.59,18.81,0,12.09,8.13,0.159,82,walk
30.0342,-95.5084,warm,115,28.44,22.1,5.55,12.27,12.28,0.396,99,walk
29.9274,-95.2261,warm,118,28.62,22.64,6.16,12.43,8.63,0.411,99,walk
29.7822,-95.3561,warm,121,26.62,19.78,0.95,12.59,7.1,0.18,91,walk
29.6018,-95.1177,warm,124,29.07,22.62,1.77,12.75,9.78,0.197,111,walk
29.3664,-95.4453,warm,127,28.01,22.91,2.63,12.89,12.38,0.186,111,walk
29.3469,-95.4138,warm,130,28.76,25.3,3.0,13.03,13.82,0.154,118,walk
29.9791,-95.4634,warm,133,30.3,24.74,3.6,13.16,14.02,0.274,108,wait
29.8402,-95.5077,warm,136,28.67,21.8,0,13.29,8.06,0.1,106,walk
29.8676,-95.4537,warm,139,28.04,23.79,3.06,13.4,12.66,0.306,117,walk
29.6668,-95.0233,warm,142,31.83,27.12,4.38,13.5,6.57,0.193,129,wait
29.4316,-95.3383,warm,145,31.31,28.16,3.58,13.6,12.18,0.299,115,wait
29.445,-95.5222,warm,148,29.49,22.67,2.7,13.68,10.2,0.275,137,walk
30.0293,-95.5881,warm,151,28.77,22.57,3.47,13.76,6.96,0.241,122,walk
29.5364,-95.5744,warm,154,31.09,27.17,4.54,13.82,4.25,0.207,129,wait
29.5873,-95.5074,warm,157,29.47,25.82,1.84,13.88,11.87,0.182,132,walk
30.089,-95.0445,warm,160,29.83,24.8,0.7,13.93,5.24,0.21,130,walk
29.9242,-95.0429,warm,163,33.39,25.53,3.55,13.96,10.0,0.141,134,wait
29.4948,-95.4011,warm,166,29.0,25.24,0,13.98,10.94,0.1,154,walk
29.7654,-95.4267,warm,169,30.35,24.32,3.12,14.0,8.73,0.138,139,wait
29.3512,-95.108,warm,172,29.6,25.86,3.56,14.0,4.74,0.302,150,walk
29.5285,-95.0763,warm,175,31.1,25.1,4.69,13.99,8.07,0.395,149,wait
29.6724,-95.0745,warm,178,33.28,25.39,3.45,13.97,10.21,0.299,168,wait
29.9259,-95.6054,warm,181,33.44,29.02,0.96,13.94,11.02,0.1,158,wait
30.0792,-95.3577,warm,184,30.49,23.7,3.42,13.9,13.2,0.323,156,wait
29.3212,-95.2396,warm,187,31.09,25.95,3.66,13.85,8.9,0.239,170,wait
29.8,-95.5753,warm,190,31.7,24.6,1.14,13.79,4.35,0.1,162,wait
29.9607,-95.1939,warm,193,29.64,23.27,0.33,13.72,11.55,0.132,177,garden
29.3573,-95.5896,warm,196,29.15,24.92,4.27,13.64,12.94,0.224,177,walk
29.5289,-95.5782,warm,199,32.57,26.99,1.98,13.55,12.68,0.125,184,wait
29.4965,-95.0981,warm,202,29.23,26.12,5.76,13.45,9.2,0.363,182,walk
29.5757,-95.173,warm,205,30.42,23.93,4.69,13.34,3.56,0.219,179,wait
29.3826,-95.1727,warm,208,29.69,24.79,1.71,13.23,6.65,0.16,195,walk
30.0355,-95.5884,warm,211,27.51,21.09,0.28,13.1,10.71,0.197,191,walk
29.6424,-95.4657,warm,214,26.46,19.57,2.25,12.96,7.14,0.209,195,walk
30.0947,-95.4473,warm,217,28.05,20.72,5.4,12.82,2.34,0.343,191,walk
29.9011,-95.2091,warm,220,27.09,19.28,4.45,12.67,5.51,0.401,202,garden
29.9417,-95.4696,warm,223,30.41,26.11,0.94,12.52,9.2,0.102,198,wait
30.0766,-95.365,warm,226,26.26,22.66,1.52,12.35,13.25,0.161,209,walk
29.9006,-94.9993,warm,229,25.84,18.2,3.2,12.18,6.28,0.321,212,garden
29.9221,-95.4941,warm,232,27.28,23.38,5.58,12.0,5.76,0.429,221,garden
29.4488,-95.0701,warm,235,27.73,20.4,4.85,11.82,10.32,0.306,216,garden
29.5759,-95.3058,warm,238,23.67,18.2,0,11.64,5.56,0.241,208,walk
29.3194,-95.5159,warm,241,24.74,17.45,3.15,11.45,9.51,0.302,231,garden
29.4545,-95.1839,warm,244,24.42,20.75,1.83,11.25,12.91,0.304,218,garden
29.6158,-95.3798,warm,247,25.45,18.98,5.27,11.05,5.24,0.349,219,garden
29.3035,-95.6461,warm,250,23.94,20.88,3.42,10.85,13.33,0.356,236,garden
30.0345,-95.5988,warm,253,19.78,12.81,4.65,10.65,14.05,0.504,239,garden
29.6611,-95.239,warm,256,23.24,16.38,3.42,10.45,6.03,0.429,232,garden
29.8921,-95.6314,warm,259,17.86,10.91,5.26,10.24,17.52,0.498,241,garden
30.0014,-95.2205,warm,262,18.34,15.3,0.96,10.03,13.17,0.29,241,garden
29.4502,-95.4908,warm,265,16.63,8.7,2.61,9.83,6.39,0.416,236,garden
29.9997,-95.638,warm,268,18.08,10.75,5.07,9.62,2.96,0.452,258,garden
30.0022,-95.5266,warm,271,20.64,16.19,2.62,9.42,10.34,0.403,261,garden
29.349,-95.6509,warm,274,17.78,12.24,0,9.21,3.05,0.135,252,wait
29.4527,-95.1926,warm,277,15.49,10.74,0,9.01,11.16,0.172,253,wait
29.7996,-95.6904,warm,280,14.06,8.48,1.55,8.81,11.38,0.316,266,wait
29.3289,-94.9303,warm,283,18.39,12.8,0.53,8.62,10.96,0.169,267,wait
29.747,-95.1374,warm,286,15.93,12.15,0,8.43,10.05,0.171,275,wait
29.7139,-95.3621,warm,289,14.62,11.1,2.79,8.24,10.11,0.492,272,garden
29.4594,-95.3689,warm,292,11.68,5.82,2.11,8.05,4.5,0.381,278,garden
29.4517,-95.4148,warm,295,13.49,10.28,0.99,7.88,8.86,0.425,282,garden
30.0615,-94.9101,warm,298,13.35,7.41,0,7.7,10.03,0.213,279,wait
29.3754,-94.9757,warm,301,13.09,7.12,1.28,7.54,5.62,0.282,283,garden
29.6422,-95.3121,warm,304,13.34,8.66,4.11,7.38,9.63,0.497,282,garden
29.4261,-95.0394,warm,307,13.89,10.87,2.15,7.23,6.1,0.314,293,garden
29.8104,-95.0512,warm,310,9.32,2.55,0,7.08,10.18,0.363,288,garden
29.4908,-95.057,warm,313,12.09,8.27,2.9,6.94,11.43,0.532,296,garden
29.8776,-95.6936,warm,316,10.25,6.3,3.33,6.82,5.49,0.501,301,garden
29.6753,-94.9641,warm,319,9.82,2.68,0,6.69,5.83,0.261,304,garden
29.6846,-95.2968,warm,322,12.45,8.87,2.91,6.58,4.74,0.368,296,garden
29.9618,-95.1269,warm,325,8.78,5.77,0.99,6.48,7.68,0.471,299,garden
29.8269,-95.021,warm,328,7.83,3.86,0.15,6.39,3.87,0.437,299,wait
29.8423,-95.2339,warm,331,10.06,4.82,0,6.3,9.28,0.391,314,garden
29.6254,-95.6674,warm,334,8.54,3.65,0.67,6.23,3.86,0.431,316,garden
29.8707,-95.5781,warm,337,9.15,2.75,0,6.17,7.56,0.293,315,garden
29.6671,-95.5398,warm,340,10.95,3.75,6.72,6.11,4.03,0.625,321,wait
29.6669,-95.4105,warm,343,9.37,5.74,1.88,6.07,8.84,0.378,332,garden
29.3661,-94.9443,warm,346,6.81,0.45,0,6.04,11.22,0.332,336,wait
29.3246,-95.6738,warm,349,5.26,-1.25,3.14,6.01,9.09,0.607,323,wait
29.9908,-94.9652,warm,352,7.41,1.61,0.6,6.0,2.17,0.456,332,wait
29.3862,-95.2436,warm,355,6.22,1.63,0,6.0,7.7,0.344,327,wait
30.088,-95.3901,warm,358,7.86,4.41,1.18,6.01,10.98,0.49,344,wait
29.9538,-95.3739,warm,361,6.8,-0.36,1.36,6.03,7.2,0.375,346,wait
30.0908,-95.3016,warm,364,7.38,0.48,2.45,6.06,11.11,0.447,352,wait
29.8313,-95.6309,warm,1,6.04,3.02,2.34,6.09,2.33,0.538,-25,walk
29.9591,-95.3036,warm,4,9.41,4.53,2.04,6.14,8.19,0.339,-16,wait
29.5562,-95.3634,warm,7,6.27,-1.5,1.4,6.2,9.31,0.471,-17,wait
29.3466,-95.1221,warm,10,9.73,5.64,0,6.26,4.07,0.408,-20,wait
29.3028,-94.9476,warm,13,9.57,3.93,0,6.34,6.35,0.341,-1,wait
30.0615,-95.6484,warm,16,11.42,5.76,3.55,6.43,9.36,0.581,-7,wait
29.865,-95.1933,warm,19,9.85,2.14,1.31,6.53,2.4,0.302,-4,walk
29.4123,-95.5903,warm,22,9.42,5.97,1.45,6.64,4.03,0.412,12,wait
30.0153,-94.9149,warm,25,11.07,5.47,0,6.75,17.37,0.364,4,wait
29.8447,-94.9425,warm,28,12.25,5.02,4.25,6.88,1.65,0.453,0,walk
29.795,-95.4678,warm,31,12.08,5.37,3.95,7.01,8.29,0.496,7,wait
29.6795,-95.3734,warm,34,9.3,3.51,4.51,7.15,7.48,0.487,17,garden
29.9934,-95.2927,warm,37,14.09,7.85,1.24,7.3,6.13,0.399,20,garden
29.489,-95.2642,warm,40,12.25,4.9,2.94,7.46,11.49,0.506,16,garden
30.0395,-95.5625,warm,43,15.3,8.97,4.39,7.62,8.99,0.458,33,garden
29.8502,-95.342,warm,46,11.32,6.2,0,7.79,9.91,0.347,16,garden
30.0136,-95.2698,warm,49,13.28,5.53,2.97,7.97,7.77,0.37,39,garden
29.5588,-95.202,warm,52,15.09,9.77,0,8.15,6.55,0.225,39,wait
30.0297,-95.4045,warm,55,14.88,11.11,0.0,8.33,12.88,0.263,34,wait
29.6527,-94.9864,warm,58,17.02,13.89,1.96,8.52,8.28,0.378,37,garden
30.0592,-95.418,warm,61,17.83,13.18,0,8.71,7.18,0.141,35,wait
29.3315,-95.0016,warm,64,16.12,9.11,0,8.91,7.07,0.278,43,garden
30.0583,-95.2511,warm,67,16.5,13.29,0.95,9.11,5.5,0.245,57,wait
29.7717,-95.6856,warm,70,20.28,15.53,0.58,9.31,8.29,0.172,40,wait
29.3289,-95.4798,warm,73,16.17,8.78,1.03,9.52,8.55,0.328,55,garden
29.9808,-95.3735,warm,76,19.6,11.76,0,9.72,11.33,0.174,51,wait
29.6988,-95.5435,warm,79,18.06,14.46,0,9.93,6.53,0.302,49,garden
29.8614,-95.2406,warm,82,23.06,15.99,3.46,10.14,0.46,0.365,65,garden
29.9255,-95.6264,warm,85,20.21,14.86,3.25,10.34,2.52,0.459,65,garden
30.0267,-95.4954,warm,88,22.5,18.11,0.21,10.55,11.73,0.199,71,walk
29.4751,-95.4358,warm,91,23.58,17.87,1.13,10.75,8.12,0.241,69,walk
29.9992,-95.5411,warm,94,20.26,15.35,0.22,10.95,10.17,0.215,77,walk
30.0415,-95.1761,warm,97,24.95,20.61,3.04,11.15,11.18,0.338,74,garden
29.7141,-95.5077,warm,100,26.72,20.57,4.81,11.35,2.02,0.3,82,garden
29.5326,-95.5727,warm,103,21.8,15.49,0.65,11.54,8.93,0.204,89,walk
29.4951,-94.9197,warm,106,27.5,22.45,3.36,11.73,3.16,0.306,96,garden
29.3477,-94.9044,warm,109,25.33,19.34,1.21,11.91,12.23,0.165,88,walk
29.4577,-95.5622,warm,112,23.47,19.6,2.23,12.09,12.43,0.315,82,garden
29.692,-95.5865,warm,115,29.72,23.7,2.7,12.27,9.15,0.207,92,walk
30.0403,-95.6493,warm,118,30.13,25.56,0,12.43,1.22,0.107,88,wait
29.3185,-95.552,warm,121,25.61,19.81,1.39,12.59,11.01,0.235,111,walk
29.9174,-95.1507,warm,124,28.62,24.06,0.2,12.75,14.92,0.1,108,walk
29.938,-95.1201,warm,127,29.79,22.67,2.51,12.89,2.43,0.27,107,walk
29.4477,-95.3314,warm,130,26.7,22.99,1.05,13.03,3.63,0.124,105,walk
29.3409,-95.4092,warm,133,28.08,22.32,3.55,13.16,4.7,0.213,114,walk
29.9053,-94.9186,warm,136,28.2,24.24,2.09,13.29,4.38,0.161,108,walk
30.0215,-95.4565,warm,139,31.99,24.87,0.63,13.4,4.23,0.1,111,wait
29.4492,-95.0238,warm,142,32.48,27.92,1.27,13.5,2.4,0.147,125,wait
29.8342,-95.0356,warm,145,30.29,26.29,0.66,13.6,9.4,0.204,119,wait
29.3812,-95.0974,warm,148,30.3,25.18,1.79,13.68,0.05,0.1,131,wait
29.7713,-94.9537,warm,151,28.45,24.16,6.51,13.76,15.39,0.451,133,walk
29.7782,-94.9401,warm,154,31.02,26.85,0.81,13.82,5.43,0.1,131,wait
29.7319,-94.9659,warm,157,31.26,25.79,4.18,13.88,9.32,0.311,146,wait
30.0618,-95.5277,warm,160,29.53,23.14,2.14,13.93,3.75,0.223,133,walk
29.9802,-95.6276,warm,163,33.57,26.43,0,13.96,7.01,0.122,142,wait
29.9872,-95.5842,warm,166,30.7,26.94,4.17,13.98,12.33,0.223,145,wait
29.6732,-95.2149,warm,169,30.05,23.43,3.7,14.0,9.91,0.254,150,wait
29.3681,-95.0193,warm,172,29.38,22.79,2.38,14.0,8.86,0.159,150,walk
29.8485,-95.0154,warm,175,30.19,25.7,0,13.99,10.17,0.1,147,wait
29.8467,-95.6082,warm,178,32.91,26.98,0,13.97,8.62,0.1,148,wait
29.4709,-95.5706,warm,181,32.87,27.53,5.53,13.94,14.17,0.407,153,wait
29.9561,-95.5755,warm,184,29.38,24.24,2.17,13.9,6.47,0.102,170,walk
29.6684,-95.0776,warm,187,29.15,23.4,0,13.85,13.17,0.143,171,walk
29.5336,-95.0196,warm,190,29.06,25.93,4.07,13.79,11.64,0.28,160,walk
29.3083,-94.9094,warm,193,32.61,25.41,5.99,13.72,11.89,0.253,171,wait
29.3274,-95.5296,warm,196,27.96,21.08,0,13.64,13.06,0.1,181,walk
29.6173,-95.5098,warm,199,33.3,27.11,3.39,13.55,6.33,0.167,181,wait
29.6674,-95.4216,warm,202,32.03,27.67,0,13.45,4.11,0.1,185,wait
29.3604,-95.5051,warm,205,30.78,25.1,2.26,13.34,5.08,0.163,191,wait
29.5247,-95.6519,warm,208,29.97,26.31,2.79,13.23,9.11,0.265,181,walk
29.4888,-95.6748,warm,211,29.57,25.77,3.96,13.1,8.05,0.31,186,walk
29.9238,-95.3711,warm,214,29.2,25.21,2.01,12.96,0.2,0.22,200,walk
29.6831,-95.5036,warm,217,27.96,24.91,0,12.82,6.6,0.137,207,walk
29.4473,-95.6658,warm,220,27.3,24.24,2.48,12.67,2.64,0.194,205,walk
29.6654,-95.353,warm,223,26.67,23.26,2.21,12.52,6.26,0.137,208,walk
29.4442,-95.333,warm,226,25.67,20.84,3.48,12.35,1.16,0.337,215,garden
29.8141,-95.4106,warm,229,26.72,23.31,5.18,12.18,12.45,0.426,218,garden
29.78,-95.3372,warm,232,28.62,23.52,0,12.0,8.95,0.1,214,walk
29.9001,-95.0228,warm,235,25.46,21.28,0,11.82,10.02,0.1,221,walk
29.6525,-95.525,warm,238,23.36,18.58,5.08,11.64,12.09,0.465,220,garden
29.5292,-94.9058,warm,241,21.49,16.67,2.74,11.45,9.76,0.327,227,garden
30.0691,-95.4585,warm,244,21.75,18.05,0.74,11.25,0.47,0.268,223,garden
29.844,-95.6427,warm,247,24.89,17.46,3.44,11.05,11.76,0.357,217,garden
29.7091,-95.6098,warm,250,22.3,15.41,2.0,10.85,5.73,0.306,231,garden
29.6106,-95.3983,warm,253,21.33,15.68,0,10.65,11.96,0.166,238,walk
29.9235,-95.5149,warm,256,24.2,19.26,0.21,10.45,7.7,0.1,238,walk
29.8521,-95.637,warm,259,17.89,12.19,0,10.24,8.46,0.254,241,garden
29.8151,-95.314,warm,262,19.17,11.29,2.48,10.03,5.76,0.425,251,garden
30.0493,-95.5839,warm,265,16.83,12.18,1.32,9.83,9.44,0.387,236,garden
29.3163,-95.2708,warm,268,16.43,10.71,2.35,9.62,12.21,0.318,241,garden
29.6586,-95.2097,warm,271,17.93,12.01,3.22,9.42,7.72,0.297,256,garden
29.659,-95.2198,warm,274,19.38,12.74,0,9.21,1.71,0.203,253,wait
29.9324,-94.9097,warm,277,15.93,8.28,2.74,9.01,11.48,0.31,264,garden
29.694,-95.1945,warm,280,15.58,8.89,0,8.81,6.39,0.176,250,wait
29.3753,-95.2229,warm,283,16.96,9.17,0.65,8.62,4.07,0.219,266,wait
29.7773,-95.213,warm,286,18.16,13.33,0,8.43,13.91,0.272,269,garden
29.8518,-95.228,warm,289,13.02,5.45,0.34,8.24,7.92,0.372,265,garden
29.4657,-95.0414,warm,292,14.65,8.72,0,8.05,14.94,0.2,263,wait
29.4774,-94.9131,warm,295,13.63,8.5,0,7.88,8.1,0.316,270,garden
29.7627,-95.0965,warm,298,11.28,3.68,1.68,7.7,5.18,0.387,284,garden
29.5367,-95.2873,warm,301,9.89,3.44,1.96,7.54,5.43,0.459,290,garden
30.0337,-95.2615,warm,304,11.14,7.01,0,7.38,0.14,0.375,281,garden
30.0286,-95.0782,warm,307,13.67,9.9,5.66,7.23,4.18,0.506,297,garden
30.0045,-95.6466,warm,310,13.6,10.07,1.47,7.08,6.58,0.374,285,garden
30.0237,-95.615,warm,313,12.27,4.36,2.65,6.94,7.03,0.428,296,garden
29.7572,-95.4911,warm,316,11.67,7.75,2.59,6.82,14.75,0.358,303,garden
29.4741,-95.6578,warm,319,8.63,1.51,0.78,6.69,2.98,0.345,292,garden
29.7974,-95.1795,warm,322,8.2,0.73,2.05,6.58,2.88,0.454,302,wait
30.0317,-95.6743,warm,325,9.01,2.7,0,6.48,13.36,0.345,299,garden
29.4505,-95.1793,warm,328,12.07,6.01,3.28,6.39,3.36,0.455,318,garden
29.6764,-94.9526,warm,331,10.47,7.01,0.61,6.3,8.85,0.425,307,garden
29.8651,-95.5558,warm,334,8.4,3.01,2.7,6.23,11.45,0.425,313,garden
29.9335,-95.1225,warm,337,6.29,2.43,3.06,6.17,14.86,0.479,326,wait
30.0214,-95.6247,warm,340,10.2,6.89,0.51,6.11,5.34,0.395,323,garden
29.5166,-95.1645,warm,343,8.47,2.23,0.62,6.07,10.94,0.334,330,garden
29.5461,-95.3709,warm,346,9.12,5.33,0.53,6.04,15.15,0.413,316,garden
29.6332,-95.4808,warm,349,9.25,1.56,3.61,6.01,12.41,0.5,321,garden
29.352,-95.546,warm,352,8.68,2.8,3.06,6.0,10.82,0.433,339,garden
29.7989,-95.2931,warm,355,5.24,0.68,0.09,6.0,5.45,0.354,327,wait
29.5546,-95.4444,warm,358,9.98,5.05,5.03,6.01,11.97,0.633,328,garden
29.6058,-95.3947,warm,361,6.7,-0.05,0.17,6.03,6.62,0.401,336,wait
29.7298,-95.6254,warm,364,8.68,1.0,0.11,6.06,9.14,0.28,345,garden
29.9686,-95.0656,warm,1,6.77,-0.41,0,6.09,4.46,0.416,-10,wait
29.8387,-95.2901,warm,4,10.11,5.58,0.66,6.14,13.54,0.287,-26,wait
29.4905,-95.5331,warm,7,6.71,1.66,1.71,6.2,11.22,0.455,-4,wait
29.7062,-95.0792,warm,10,8.02,0.32,1.05,6.26,4.09,0.483,-12,wait
29.7436,-95.4252,warm,13,8.2,3.76,0.51,6.34,14.3,0.308,2,wait
29.9821,-95.1931,warm,16,8.99,4.97,1.38,6.43,7.24,0.479,-9,wait
29.9925,-95.501,warm,19,12.21,5.17,3.93,6.53,7.61,0.57,4,wait
29.9716,-95.3237,warm,22,9.47,1.95,2.67,6.64,5.01,0.43,2,wait
29.9385,-95.4278,warm,25,9.23,4.94,2.99,6.75,11.56,0.424,-4,wait
29.8336,-95.2869,warm,28,8.45,2.91,0,6.88,10.59,0.442,17,garden
29.6661,-95.0173,warm,31,10.64,5.39,0,7.01,6.73,0.308,14,wait
30.0265,-95.6354,warm,34,12.31,4.95,2.62,7.15,4.83,0.338,12,wait
29.6138,-95.0366,warm,37,14.69,10.61,0,7.3,6.95,0.357,21,garden
29.316,-95.6233,warm,40,11.89,5.25,3.02,7.46,8.0,0.461,26,garden
30.0757,-95.4057,warm,43,12.81,8.35,0,7.62,5.53,0.226,22,wait
30.0275,-95.1834,warm,46,15.7,7.78,0,7.79,6.37,0.33,24,garden
29.4086,-95.1305,warm,49,15.59,10.54,0.26,7.97,1.17,0.214,29,wait
30.0196,-95.0588,warm,52,16.84,9.34,1.8,8.15,3.9,0.324,39,garden
29.997,-94.9008,warm,55,12.74,4.95,2.2,8.33,5.03,0.497,32,garden
29.9085,-95.5005,warm,58,15.13,11.27,0,8.52,13.29,0.264,30,garden
29.4567,-95.2903,warm,61,17.03,11.16,1.31,8.71,3.92,0.315,32,garden
29.7625,-95.2191,warm,64,15.06,8.46,4.16,8.91,11.47,0.54,38,garden
29.4179,-95.0054,warm,67,14.84,7.81,1.13,9.11,7.82,0.28,53,garden
29.632,-95.6587,warm,70,19.19,13.89,0,9.31,6.98,0.12,46,wait
29.7069,-95.2218,warm,73,16.72,11.61,1.13,9.52,14.04,0.24,62,wait
29.5966,-95.1563,warm,76,20.66,14.06,1.47,9.72,12.94,0.3,50,garden
29.5412,-95.0069,warm,79,17.33,10.76,1.17,9.93,6.75,0.369,52,garden
29.6556,-95.4495,warm,82,20.18,12.75,3.46,10.14,11.66,0.298,59,garden
29.6966,-95.0813,warm,85,18.28,12.21,6.24,10.34,3.22,0.555,70,walk
29.4107,-95.4167,warm,88,20.89,16.53,2.16,10.55,10.88,0.254,74,garden
29.6726,-95.2539,warm,91,20.4,13.65,3.45,10.75,0.02,0.441,68,garden
29.5465,-95.3439,warm,94,21.55,17.23,5.46,10.95,16.17,0.449,78,garden
29.7707,-95.069,warm,97,21.66,18.22,1.58,11.15,12.12,0.2,73,walk
29.8808,-95.58,warm,100,24.91,21.68,4.44,11.35,2.73,0.42,81,garden
29.6381,-95.5032,warm,103,26.1,19.49,1.15,11.54,12.07,0.273,83,garden
30.0323,-95.1631,warm,106,27.92,20.35,3.2,11.73,6.41,0.243,77,walk
29.8885,-95.0481,warm,109,22.83,15.04,2.47,11.91,8.97,0.388,81,garden
29.7733,-95.3807,warm,112,26.79,20.02,1.15,12.09,11.2,0.1,101,walk
29.6583,-94.9567,warm,115,25.69,22.28,0,12.27,6.21,0.1,91,walk
29.9113,-95.3733,warm,118,26.71,23.33,2.22,12.43,3.53,0.212,90,walk
29.9671,-95.262,warm,121,27.7,24.7,1.9,12.59,1.61,0.181,111,walk
29.7689,-95.6866,warm,124,26.13,20.06,2.31,12.75,1.7,0.213,104,walk
29.7594,-95.5513,warm,127,29.54,26.2,1.89,12.89,1.9,0.213,97,walk
29.6379,-94.9683,warm,130,28.64,24.21,4.11,13.03,8.35,0.294,107,walk
29.546,-95.0059,warm,133,26.89,23.62,6.22,13.16,11.35,0.431,115,walk
29.6642,-95.0082,warm,136,28.14,22.18,4.35,13.29,10.36,0.364,116,walk
29.4807,-95.2964,warm,139,32.16,29.15,1.77,13.4,10.76,0.1,114,wait
30.0405,-95.0084,warm,142,31.38,24.19,4.98,13.5,7.75,0.356,125,wait
29.3069,-95.4157,warm,145,30.67,27.19,3.64,13.6,9.45,0.222,131,wait
30.0607,-94.9515,warm,148,30.29,25.96,4.46,13.68,6.58,0.258,120,wait
29.7981,-95.2041,warm,151,32.93,28.11,3.0,13.76,9.75,0.198,131,wait
29.7432,-95.3999,warm,154,33.33,27.72,1.68,13.82,2.21,0.212,129,wait
29.4423,-95.2696,warm,157,30.81,25.21,5.54,13.88,2.78,0.317,138,wait
29.8732,-95.6672,warm,160,34.43,30.94,2.96,13.93,12.85,0.258,132,walk
29.8629,-94.9144,warm,163,29.21,25.23,0,13.96,6.48,0.158,139,walk
29.4937,-95.0895,warm,166,29.99,22.42,4.69,13.98,11.3,0.283,150,walk
29.4546,-95.6275,warm,169,29.3,23.36,3.6,14.0,6.86,0.266,143,walk
29.4566,-95.6568,warm,172,29.52,22.9,3.79,14.0,9.59,0.237,162,walk
29.3704,-95.1302,warm,175,29.35,25.23,3.84,13.99,14.76,0.235,159,walk
29.5503,-95.3347,warm,178,34.28,28.2,4.06,13.97,5.35,0.247,157,walk
29.7467,-94.921,warm,181,33.28,26.74,2.78,13.94,15.16,0.138,160,wait
29.3441,-95.4546,warm,184,32.3,28.81,0.2,13.9,11.06,0.137,162,wait
29.8986,-94.9142,warm,187,29.05,22.96,2.4,13.85,6.14,0.191,160,walk
29.428,-95.5,warm,190,30.66,24.58,6.72,13.79,8.92,0.48,176,wait
29.367,-95.0516,warm,193,32.97,29.35,0.47,13.72,7.08,0.1,167,wait
30.0637,-95.6756,warm,196,30.06,23.87,4.17,13.64,14.13,0.35,184,wait
29.4843,-95.1704,warm,199,28.82,24.46,0,13.55,3.89,0.1,169,garden
29.6647,-95.1372,warm,202,31.16,23.55,4.26,13.45,6.79,0.199,176,wait
29.7925,-95.112,warm,205,27.98,24.83,5.35,13.34,6.54,0.45,183,garden
29.449,-95.1262,warm,208,28.2,24.25,1.51,13.23,8.47,0.195,180,walk
30.0582,-95.3805,warm,211,26.57,20.18,0,13.1,7.33,0.146,185,walk
29.6348,-95.4131,warm,214,30.73,27.51,1.33,12.96,7.2,0.22,189,wait
29.3333,-95.2363,warm,217,27.27,21.88,0,12.82,10.18,0.148,206,walk
29.8502,-95.5366,warm,220,26.56,23.14,0,12.67,7.89,0.119,203,walk
29.6937,-95.2931,warm,223,25.11,20.16,1.19,12.52,5.32,0.257,200,garden
29.4901,-95.5352,warm,226,27.12,20.48,0.96,12.35,10.87,0.255,215,garden
30.0938,-95.0605,warm,229,27.5,24.23,0,12.18,1.36,0.1,217,wait
29.6578,-94.9942,warm,232,28.22,22.44,4.12,12.0,8.19,0.369,210,walk
29.7168,-95.0619,warm,235,26.99,20.92,2.58,11.82,8.72,0.208,213,walk
29.869,-95.6024,warm,238,26.5,19.85,0,11.64,4.38,0.133,217,walk
29.7708,-94.9938,warm,241,24.1,18.28,4.31,11.45,9.12,0.326,215,garden
29.8841,-95.3053,warm,244,26.5,21.46,2.65,11.25,9.33,0.264,221,garden
29.6311,-95.0603,warm,247,25.01,20.73,0.09,11.05,7.68,0.205,233,walk
29.9981,-95.5729,warm,250,21.84,15.54,1.49,10.85,6.67,0.306,237,garden
29.5988,-95.6666,warm,253,24.39,17.81,5.25,10.65,4.06,0.33,229,garden
29.6276,-95.3038,warm,256,23.73,18.16,0,10.45,10.85,0.19,239,walk
29.7596,-95.0352,warm,259,17.83,10.09,1.86,10.24,15.08,0.264,237,garden
29.5757,-95.0702,warm,262,19.95,16.22,2.84,10.03,13.65,0.259,247,garden
30.0723,-95.6304,warm,265,18.46,12.32,3.95,9.83,5.14,0.415,252,garden
29.5586,-95.6038,warm,268,19.98,13.45,0.57,9.62,12.73,0.266,243,garden
29.625,-95.0703,warm,271,19.74,16.15,0,9.42,4.87,0.155,248,wait
29.7791,-95.5099,warm,274,15.07,10.28,0.11,9.21,5.32,0.189,256,wait
29.3488,-95.6118,warm,277,18.37,10.8,5.95,9.01,11.07,0.488,263,garden
29.438,-95.4754,warm,280,18.15,10.96,4.0,8.81,11.36,0.438,270,garden
29.6053,-95.2574,warm,283,13.61,9.21,0,8.62,6.3,0.241,272,wait
29.9994,-94.9233,warm,286,15.68,10.08,1.13,8.43,13.83,0.22,258,wait
29.6509,-95.5064,warm,289,13.36,6.39,1.76,8.24,11.19,0.272,269,garden
29.5181,-94.9954,warm,292,15.93,10.3,0,8.05,11.89,0.172,273,wait
30.0451,-95.0402,warm,295,12.7,6.77,1.65,7.88,7.28,0.452,280,garden
29.8574,-95.0654,warm,298,12.53,6.03,0.57,7.7,8.03,0.289,274,garden
29.8911,-94.9596,warm,301,13.36,10.05,0.26,7.54,6.65,0.302,282,garden
29.8781,-95.0202,warm,304,10.06,4.55,1.11,7.38,5.56,0.297,285,garden
29.556,-95.589,warm,307,12.57,6.29,0,7.23,5.21,0.328,291,garden
29.7096,-95.4691,warm,310,13.73,8.8,0,7.08,9.4,0.3,292,garden
29.925,-95.2499,warm,313,10.21,4.98,0,6.94,3.2,0.389,293,garden
29.8421,-95.4781,warm,316,10.86,7.36,0,6.82,7.86,0.289,288,garden
29.7959,-95.5577,warm,319,7.66,3.13,1.55,6.69,4.43,0.466,302,wait
29.656,-95.4196,warm,322,11.3,4.5,0,6.58,7.37,0.341,307,garden
29.935,-95.5318,warm,325,11.12,5.21,1.58,6.48,8.18,0.355,314,garden
29.6284,-95.2491,warm,328,11.17,7.06,1.45,6.39,3.06,0.414,301,garden
30.0573,-95.1449,warm,331,11.61,4.98,1.96,6.3,5.25,0.425,302,garden
29.3878,-94.9402,warm,334,7.48,3.91,1.86,6.23,13.2,0.443,305,wait
29.3574,-94.9845,warm,337,9.36,4.04,3.35,6.17,2.71,0.524,315,garden
29.5036,-95.5214,warm,340,6.91,1.23,2.45,6.11,10.77,0.459,326,wait
29.5993,-95.5288,warm,343,6.83,-1.0,0.05,6.07,5.44,0.346,323,wait
29.9672,-95.1607,warm,346,9.1,5.34,2.79,6.04,4.19,0.569,327,garden
29.7013,-95.1771,warm,349,8.53,0.69,0,6.01,13.51,0.304,334,wait
29.9214,-95.3716,warm,352,7.42,3.64,3.17,6.0,5.06,0.598,342,wait
29.672,-95.4987,warm,355,6.43,-0.28,0,6.0,0.48,0.33,325,wait
29.6913,-95.0525,warm,358,9.87,1.89,0,6.01,10.17,0.277,343,garden
29.3334,-95.1297,warm,361,10.02,5.79,0.55,6.03,12.93,0.395,349,garden
29.9597,-95.6194,warm,364,8.18,3.77,0.74,6.06,4.05,0.309,334,garden
29.3282,-95.3934,warm,1,5.73,0.99,0,6.09,2.73,0.286,-26,wait
29.7232,-95.4489,warm,4,8.85,2.62,0,6.14,5.91,0.326,-7,wait
29.9165,-94.9613,warm,7,6.17,-1.34,3.05,6.2,13.53,0.498,-16,wait
29.5944,-95.161,warm,10,8.34,3.33,1.2,6.26,22.23,0.464,-5,wait
29.4715,-95.0767,warm,13,8.17,2.53,0,6.34,10.54,0.339,-13,wait
29.4516,-95.2171,warm,16,12.1,7.95,0.66,6.43,9.57,0.271,-14,wait
29.8379,-95.52,warm,19,12.06,7.51,0,6.53,8.16,0.322,2,wait
29.5144,-94.9294,warm,22,9.79,2.93,0,6.64,6.22,0.392,-6,wait
29.4827,-95.4086,warm,25,8.44,1.6,4.13,6.75,7.01,0.584,9,wait
29.9798,-95.5548,warm,28,11.41,4.19,0.13,6.88,7.14,0.379,14,wait
29.9399,-95.5868,warm,31,13.99,8.91,3.0,7.01,5.28,0.443,9,wait
30.0655,-95.0626,warm,34,11.5,4.68,0,7.15,14.01,0.227,8,wait
29.3866,-95.3086,warm,37,9.9,5.58,0.23,7.3,5.05,0.27,19,garden
29.9066,-95.4452,warm,40,13.23,7.39,5.01,7.46,6.96,0.597,19,garden
29.9552,-95.4759,warm,43,15.65,9.5,0.57,7.62,16.78,0.323,18,garden
29.6056,-95.3399,warm,46,15.92,12.37,4.01,7.79,11.96,0.458,26,garden
29.3802,-95.2255,warm,49,13.96,10.87,0.84,7.97,9.18,0.328,39,garden
30.0513,-95.4919,warm,52,14.1,6.35,0,8.15,9.46,0.194,30,wait
29.5136,-95.6523,warm,55,16.02,12.19,2.67,8.33,6.97,0.388,31,garden
30.0028,-95.3841,warm,58,13.15,9.23,1.86,8.52,10.38,0.357,34,walk
30.0771,-95.5102,warm,61,14.89,7.35,3.7,8.71,9.49,0.547,46,garden
29.3525,-95.3672,warm,64,16.53,12.8,1.09,8.91,7.83,0.282,49,garden
29.8254,-95.6176,warm,67,20.09,14.59,3.63,9.11,9.3,0.449,49,garden
29.8235,-95.0633,warm,70,17.28,11.41,5.2,9.31,10.31,0.528,52,garden
30.025,-95.0978,warm,73,17.1,11.95,0.4,9.52,13.09,0.173,44,wait
29.8755,-95.0994,warm,76,19.83,16.73,1.53,9.72,5.04,0.338,47,garden
29.3425,-95.2582,warm,79,20.66,16.52,3.7,9.93,13.37,0.476,68,garden
29.6716,-95.6914,warm,82,21.84,16.97,1.35,10.14,6.84,0.343,56,garden
29.8829,-95.0752,warm,85,19.7,16.11,1.76,10.34,10.62,0.311,75,garden
29.9054,-95.2597,warm,88,20.69,16.83,2.81,10.55,5.89,0.255,76,garden
29.9182,-95.4056,warm,91,22.32,17.48,2.45,10.75,8.57,0.367,80,garden
29.6589,-94.9917,warm,94,21.25,15.73,1.6,10.95,13.78,0.289,66,walk
29.8648,-95.6023,warm,97,22.42,19.0,0.81,11.15,16.29,0.186,73,walk
29.4956,-95.6306,warm,100,26.31,19.63,1.04,11.35,16.22,0.226,74,walk
29.5711,-95.0933,warm,103,23.61,18.04,0.43,11.54,3.31,0.189,73,walk
29.5763,-95.2997,warm,106,25.81,22.31,3.24,11.73,7.29,0.287,76,garden
30.0705,-95.4973,warm,109,28.19,20.72,2.15,11.91,9.99,0.287,91,wait
29.5071,-95.0952,warm,112,28.14,21.33,0.68,12.09,4.08,0.1,96,walk
29.4796,-95.4403,warm,115,26.52,19.36,0,12.27,10.11,0.106,86,walk
29.4865,-95.636,warm,118,30.03,22.81,5.75,12.43,5.0,0.353,108,wait
29.878,-95.339,warm,121,29.36,22.56,3.88,12.59,8.79,0.23,104,walk
29.5418,-95.4753,warm,124,30.72,22.8,3.74,12.75,6.1,0.327,97,wait
29.7331,-94.9073,warm,127,28.88,25.67,1.16,12.89,15.68,0.135,103,walk
29.7669,-94.9486,warm,130,28.42,21.14,3.17,13.03,6.03,0.163,119,walk
29.6873,-94.9054,warm,133,31.4,24.81,1.81,13.16,12.34,0.214,106,wait
29.4199,-95.2478,warm,136,29.69,25.16,0.93,13.29,9.03,0.174,119,walk
29.8442,-95.0934,warm,139,29.93,26.1,1.94,13.4,5.49,0.174,117,walk
29.3091,-95.3529,warm,142,30.99,24.95,2.35,13.5,14.07,0.186,123,wait
29.7155,-94.9548,warm,145,32.14,25.49,4.16,13.6,15.29,0.286,128,wait
29.5997,-95.6673,warm,148,32.74,27.36,0,13.68,2.37,0.117,132,wait
29.447,-95.1037,warm,151,32.2,26.36,4.1,13.76,5.46,0.228,136,wait
29.3986,-95.2569,warm,154,33.03,27.81,2.09,13.82,6.52,0.231,131,wait
29.5299,-95.5688,warm,157,31.16,27.22,3.05,13.88,4.06,0.306,147,wait
29.5018,-95.3967,warm,160,29.93,22.22,2.68,13.93,15.03,0.153,148,walk
30.0794,-95.1338,warm,163,33.6,26.53,5.42,13.96,3.15,0.391,145,wait
29.6134,-95.0772,warm,166,33.03,30.02,0.28,13.98,4.23,0.1,150,wait
29.9892,-95.4881,warm,169,32.58,29.13,1.01,14.0,7.89,0.136,140,walk
29.3932,-95.2371,warm,172,32.19,25.05,1.23,14.0,12.22,0.165,152,wait
29.7235,-95.6948,warm,175,33.5,26.5,2.82,13.99,4.99,0.145,154,wait
29.6837,-95.0123,warm,178,30.4,25.18,2.61,13.97,4.61,0.127,158,wait
29.7721,-95.596,warm,181,34.54,28.79,1.09,13.94,4.69,0.1,156,garden
30.0229,-95.2519,warm,184,29.45,22.01,2.96,13.9,7.47,0.31,173,walk
29.7527,-95.0786,warm,187,34.35,26.74,5.8,13.85,5.92,0.343,174,walk
29.9445,-95.2461,warm,190,29.34,21.91,0,13.79,8.14,0.123,168,walk
29.3919,-95.6933,warm,193,32.95,29.08,3.43,13.72,3.87,0.243,175,wait
29.3331,-95.2783,warm,196,29.1,25.18,2.28,13.64,7.84,0.101,176,walk
29.3658,-94.99,warm,199,29.53,23.11,2.74,13.55,8.67,0.254,189,walk
29.9919,-95.6455,warm,202,29.52,24.69,2.23,13.45,12.0,0.198,191,walk
29.5844,-95.3754,warm,205,32.24,27.9,0,13.34,12.15,0.1,175,wait
29.7276,-95.0864,warm,208,30.76,25.52,1.9,13.23,15.37,0.106,190,wait
29.6947,-94.9783,warm,211,28.05,22.34,3.7,13.1,7.03,0.187,192,walk
29.5685,-94.9177,warm,214,30.03,25.95,0,12.96,6.75,0.1,186,wait
29.3798,-95.1926,warm,217,26.39,22.72,0.93,12.82,8.29,0.199,197,walk
29.3222,-95.5967,warm,220,25.06,20.23,2.05,12.67,2.91,0.239,205,walk
29.4815,-95.5805,warm,223,24.99,21.33,4.38,12.52,11.5,0.367,204,garden
29.7044,-95.2253,warm,226,27.44,20.24,3.78,12.35,3.43,0.366,211,garden
29.9739,-95.0583,warm,229,24.16,18.48,6.55,12.18,4.67,0.558,202,walk
30.0491,-95.4578,warm,232,26.89,23.47,0,12.0,1.58,0.195,216,walk
29.7663,-95.5732,warm,235,27.63,19.65,6.82,11.82,5.96,0.405,219,walk
29.7601,-94.9186,warm,238,22.69,16.69,0.0,11.64,7.46,0.205,213,walk
30.0055,-95.4937,warm,241,26.09,20.74,0,11.45,10.11,0.153,225,walk
29.4318,-94.9204,warm,244,21.9,17.38,1.24,11.25,5.33,0.199,228,walk
29.7148,-95.1589,warm,247,22.42,17.04,1.43,11.05,11.48,0.284,226,garden
29.8178,-95.1874,warm,250,19.82,16.04,3.03,10.85,7.37,0.415,228,garden
29.3076,-95.6473,warm,253,19.71,14.35,5.85,10.65,0.32,0.521,224,garden
29.9234,-95.1449,warm,256,22.53,17.12,1.47,10.45,8.29,0.317,238,garden
29.7763,-95.6324,warm,259,18.55,13.72,0,10.24,2.96,0.162,248,walk
29.4934,-94.9446,warm,262,22.85,15.23,2.02,10.03,6.99,0.186,242,walk
29.993,-95.3631,warm,265,17.17,11.87,2.05,9.83,4.36,0.42,243,garden
29.4739,-95.436,warm,268,21.68,18.62,1.94,9.62,8.11,0.229,257,wait
29.9673,-94.9297,warm,271,18.42,11.73,0,9.42,9.09,0.151,258,wait
29.3659,-95.4177,warm,274,18.52,13.91,0,9.21,10.06,0.257,259,garden
29.9235,-95.3779,warm,277,19.21,16.11,2.24,9.01,11.71,0.404,256,garden
29.5405,-95.3374,warm,280,13.5,6.9,2.8,8.81,12.03,0.436,270,garden
29.8645,-95.4455,warm,283,13.26,6.05,0.78,8.62,10.08,0.324,260,garden
29.779,-95.1207,warm,286,16.23,12.97,2.29,8.43,6.82,0.312,268,garden
29.4572,-94.9352,warm,289,16.21,9.54,0,8.24,9.34,0.32,277,garden
29.9329,-95.1489,warm,292,15.27,10.27,2.94,8.05,8.42,0.349,280,garden
29.4771,-95.6842,warm,295,11.68,6.33,0.58,7.88,4.61,0.273,281,garden
29.484,-95.4518,warm,298,13.0,8.62,1.24,7.7,16.55,0.385,269,garden
29.4527,-95.0449,warm,301,14.69,10.92,1.44,7.54,1.3,0.243,289,wait
29.9572,-95.4387,warm,304,10.08,5.87,0.19,7.38,10.91,0.248,275,wait
29.7702,-94.9269,warm,307,13.59,8.16,5.3,7.23,13.19,0.51,292,garden
29.6146,-95.643,warm,310,12.05,5.56,1.03,7.08,10.27,0.38,289,garden
29.9501,-94.9469,warm,313,11.4,7.61,2.72,6.94,0.74,0.37,290,garden
29.5794,-95.1057,warm,316,12.07,8.69,2.47,6.82,9.64,0.518,297,garden
29.6764,-95.4335,warm,319,11.46,6.91,5.69,6.69,5.75,0.686,308,garden
29.4845,-94.933,warm,322,9.73,2.95,0,6.58,15.61,0.407,304,garden
29.6284,-95.0237,warm,325,10.23,6.57,0.94,6.48,10.96,0.437,308,garden
29.4051,-95.0008,warm,328,6.61,0.26,0,6.39,7.14,0.457,311,wait
29.8276,-95.2992,warm,331,5.91,0.73,1.72,6.3,8.52,0.393,311,wait
29.8542,-95.362,warm,334,7.84,1.58,0,6.23,5.49,0.267,310,wait
29.9122,-95.3659,warm,337,10.97,5.45,1.12,6.17,2.64,0.291,309,garden
29.3785,-95.2249,warm,340,5.91,2.66,1.44,6.11,10.22,0.514,326,wait
29.3911,-94.9265,warm,343,5.43,-1.56,3.52,6.07,4.44,0.535,320,wait
29.3366,-95.4196,warm,346,7.95,2.27,0,6.04,11.92,0.388,329,wait
29.4409,-95.6726,warm,349,5.25,-0.7,0.18,6.01,11.49,0.405,324,wait
29.835,-95.0082,warm,352,7.88,4.1,0,6.0,8.55,0.396,339,wait
29.8817,-95.1305,warm,355,7.69,1.53,0,6.0,8.97,0.31,339,wait
29.7672,-94.9091,warm,358,5.2,-0.46,3.12,6.01,9.24,0.53,344,wait
29.3635,-95.39,warm,361,7.32,1.11,0.27,6.03,10.69,0.382,344,wait
29.9947,-95.4299,warm,364,6.77,3.59,0,6.06,9.95,0.41,348,wait
29.9568,-95.5342,warm,1,8.21,4.71,0,6.09,9.7,0.256,-10,wait
30.0456,-95.687,warm,4,7.23,-0.4,1.74,6.14,8.67,0.472,-12,wait
29.6758,-95.3185,warm,7,5.78,1.03,2.14,6.2,4.83,0.451,-17,wait
29.9262,-95.0283,warm,10,10.56,7.47,1.8,6.26,11.71,0.446,-5,wait
29.3461,-94.9369,warm,13,6.68,2.26,0.05,6.34,8.28,0.44,-13,wait
29.3251,-94.9052,warm,16,12.03,7.58,0,6.43,13.28,0.399,-5,wait
29.6666,-95.2837,warm,19,10.91,4.58,0,6.53,5.39,0.255,4,wait
29.4758,-95.163,warm,22,9.78,5.23,2.34,6.64,9.6,0.385,1,wait
30.0887,-95.3066,warm,25,7.43,1.53,0.76,6.75,11.35,0.418,14,wait
29.5172,-95.0963,warm,28,13.48,9.09,0,6.88,9.98,0.374,11,wait
29.5695,-95.3381,warm,31,8.95,2.86,0.54,7.01,4.46,0.37,13,wait
29.5296,-95.4022,warm,34,10.42,5.4,2.24,7.15,8.05,0.339,11,wait
29.7149,-95.1107,warm,37,13.37,8.11,4.06,7.3,0.09,0.423,9,wait
29.3096,-95.6444,warm,40,14.33,10.82,0,7.46,7.41,0.325,26,garden
29.7218,-95.4649,warm,43,12.28,9.06,0.25,7.62,7.48,0.245,31,wait
29.4124,-95.3873,warm,46,12.02,5.85,3.69,7.79,9.07,0.544,29,garden
29.9394,-95.4924,warm,49,12.83,7.08,2.7,7.97,0.69,0.385,23,wait
29.4878,-95.6386,warm,52,14.77,10.51,0,8.15,6.9,0.31,29,garden
29.6042,-95.3955,warm,55,14.2,10.06,4.6,8.33,11.39,0.425,42,wait
29.6066,-95.6804,warm,58,16.09,12.48,1.11,8.52,10.03,0.357,46,garden
29.9517,-95.0566,warm,61,15.87,8.96,3.17,8.71,10.59,0.477,34,garden
29.543,-95.311,warm,64,17.43,10.76,2.32,8.91,4.8,0.379,53,garden
29.3746,-95.0955,warm,67,17.7,11.35,1.37,9.11,9.41,0.207,45,wait
30.0373,-95.1421,warm,70,18.04,14.48,3.66,9.31,1.88,0.434,49,walk
29.3308,-95.4111,warm,73,16.95,12.37,4.24,9.52,13.42,0.484,52,garden
29.8285,-95.2973,warm,76,16.18,9.46,2.15,9.72,1.0,0.436,60,garden
29.679,-94.9429,warm,79,19.95,16.61,1.7,9.93,10.96,0.347,61,garden
29.3219,-95.5282,warm,82,18.33,13.69,5.18,10.14,7.21,0.538,66,garden
29.7834,-95.5163,warm,85,23.99,18.74,2.35,10.34,13.61,0.291,71,garden
29.8041,-94.9292,warm,88,22.3,15.76,0,10.55,14.58,0.194,60,walk
30.0522,-95.1377,warm,91,19.68,12.52,3.71,10.75,8.26,0.441,75,garden
30.0972,-95.218,warm,94,23.2,18.46,4.29,10.95,6.19,0.292,65,garden
29.5309,-95.6509,warm,97,24.33,19.85,2.78,11.15,5.66,0.23,68,walk
29.8089,-95.047,warm,100,23.7,15.94,0.31,11.35,11.18,0.245,82,walk
29.3852,-94.9094,warm,103,25.17,19.63,0.27,11.54,7.53,0.228,80,walk
29.5506,-94.974,warm,106,27.72,22.44,0,11.73,9.31,0.1,83,walk
30.008,-95.3461,warm,109,26.32,19.27,4.38,11.91,0.54,0.329,82,garden
29.3743,-95.4707,warm,112,26.72,19.93,5.6,12.09,2.91,0.351,82,garden
29.4866,-95.1704,warm,115,24.32,16.46,0.08,12.27,14.1,0.135,93,walk
30.0885,-95.316,warm,118,26.12,20.3,0,12.43,11.43,0.1,93,walk
29.8558,-95.2315,warm,121,28.86,21.77,2.23,12.59,4.26,0.282,92,walk
29.7907,-95.1819,warm,124,26.33,20.19,3.88,12.75,7.65,0.292,97,garden
29.4238,-95.2947,warm,127,28.42,24.9,0,12.89,10.88,0.169,110,walk
29.6009,-95.4363,warm,130,30.41,26.64,5.59,13.03,4.51,0.412,111,wait
29.374,-95.139,warm,133,30.46,23.28,3.8,13.16,11.75,0.322,120,wait
29.6124,-94.9502,warm,136,32.8,25.01,2.3,13.29,10.65,0.1,121,wait
29.4002,-94.9953,warm,139,29.78,24.95,1.64,13.4,7.33,0.234,119,walk
30.0015,-95.0999,warm,142,28.24,24.56,5.56,13.5,8.95,0.392,131,walk
29.5368,-94.9183,warm,145,30.15,25.15,3.55,13.6,3.52,0.27,115,wait
29.4059,-95.1435,warm,148,31.93,27.12,6.57,13.68,8.25,0.399,125,wait
29.4009,-95.033,warm,151,34.17,27.55,4.51,13.76,7.64,0.298,125,walk
29.927,-95.063,warm,154,32.37,27.72,1.61,13.82,6.3,0.223,124,wait
29.7683,-95.546,warm,157,29.31,22.45,5.97,13.88,10.52,0.367,140,walk
29.9843,-95.699,warm,160,30.32,26.06,2.87,13.93,2.46,0.217,134,wait
29.6004,-95.2416,warm,163,32.91,27.13,4.67,13.96,13.23,0.278,142,wait
29.4573,-94.9543,warm,166,29.26,22.86,6.71,13.98,5.27,0.484,148,walk
29.496,-94.9065,warm,169,29.43,25.11,2.42,14.0,10.06,0.238,153,walk
29.3575,-94.9069,warm,172,34.14,26.44,5.65,14.0,6.77,0.22,146,walk
29.3973,-95.3925,warm,175,32.26,24.86,3.87,13.99,8.36,0.157,157,wait
29.3931,-95.1978,warm,178,32.75,26.61,1.74,13.97,0.64,0.1,161,wait
29.67,-95.4809,warm,181,32.48,27.36,4.15,13.94,16.21,0.273,153,wait
30.082,-95.5881,warm,184,33.73,30.0,3.08,13.9,2.19,0.225,161,wait
30.0105,-95.5077,warm,187,33.96,30.21,5.24,13.85,3.28,0.349,160,wait
30.0256,-95.3684,warm,190,31.88,25.85,1.25,13.79,5.52,0.186,165,wait
29.8628,-95.2663,warm,193,29.71,25.21,0,13.72,7.14,0.1,183,walk
29.6409,-95.6806,warm,196,30.97,23.61,3.09,13.64,6.95,0.274,173,wait
29.7751,-95.1721,warm,199,31.9,28.78,0.39,13.55,6.27,0.139,179,wait
30.0433,-95.6583,warm,202,31.52,24.67,5.11,13.45,4.68,0.245,187,wait
29.6744,-95.607,warm,205,32.56,26.68,2.36,13.34,7.34,0.207,187,wait
29.5376,-95.2719,warm,208,27.75,21.13,0,13.23,11.88,0.1,184,walk
29.4819,-95.3357,warm,211,26.34,20.23,0.94,13.1,12.6,0.181,196,walk
29.577,-95.2485,warm,214,31.4,25.54,0.99,12.96,5.75,0.105,202,wait
29.4733,-95.3868,warm,217,29.33,25.6,2.2,12.82,4.89,0.111,189,walk
29.6704,-95.3551,warm,220,30.55,27.49,1.98,12.67,3.92,0.259,202,wait
29.7344,-95.4108,warm,223,25.17,20.34,0,12.52,5.78,0.1,199,wait
30.0954,-95.2531,warm,226,29.79,26.63,5.44,12.35,6.0,0.365,201,walk
29.8464,-95.2826,warm,229,26.61,22.49,5.86,12.18,3.68,0.47,200,garden
29.4195,-95.6979,warm,232,24.23,20.37,0,12.0,10.29,0.243,211,walk
29.9637,-95.6445,warm,235,23.27,19.95,2.09,11.82,8.27,0.223,222,walk
29.353,-95.2002,warm,238,26.0,22.2,0.89,11.64,5.23,0.247,228,walk
29.3259,-95.6081,warm,241,25.72,20.96,5.14,11.45,11.42,0.289,222,garden
29.3381,-95.5322,warm,244,22.58,16.89,2.46,11.25,10.1,0.277,219,garden
29.3023,-94.9765,warm,247,20.23,14.97,3.72,11.05,10.56,0.314,237,garden
29.4638,-95.6082,warm,250,23.58,17.17,4.55,10.85,4.01,0.322,234,garden
29.8676,-95.5231,warm,253,21.56,15.7,4.0,10.65,3.84,0.453,226,garden
29.9865,-95.4966,warm,256,20.87,13.37,0.73,10.45,9.76,0.237,235,wait
29.3034,-95.1514,warm,259,19.39,15.13,4.36,10.24,6.6,0.413,237,garden
29.6258,-95.5858,warm,262,18.83,11.88,2.27,10.03,8.82,0.294,252,garden
29.3049,-95.0455,warm,265,22.16,15.01,1.28,9.83,8.3,0.163,238,wait
29.9183,-95.6023,warm,268,19.79,11.97,0,9.62,10.85,0.244,241,wait
30.0837,-94.9516,warm,271,20.27,13.73,0,9.42,12.45,0.236,245,wait
30.037,-95.1079,warm,274,16.59,9.4,1.97,9.21,12.13,0.33,253,garden
29.8411,-95.2233,warm,277,19.76,12.51,0,9.01,20.24,0.138,257,walk
29.8487,-95.0321,warm,280,13.72,10.19,2.54,8.81,10.38,0.337,260,garden
29.5211,-95.23,warm,283,15.63,9.11,0.02,8.62,7.2,0.164,255,wait
29.6767,-95.0306,warm,286,18.09,14.99,2.78,8.43,5.95,0.443,272,garden
30.0143,-95.4056,warm,289,14.3,7.31,2.21,8.24,5.21,0.462,264,garden
29.9348,-95.2492,warm,292,15.38,7.58,1.53,8.05,2.16,0.307,267,garden
30.0916,-95.062,warm,295,13.29,8.06,0,7.88,1.33,0.202,271,wait
29.5601,-95.0056,warm,298,11.46,4.91,1.32,7.7,3.51,0.467,282,garden
29.7564,-94.9707,warm,301,10.24,2.25,3.8,7.54,8.02,0.59,282,garden
29.4641,-95.3969,warm,304,9.37,2.59,3.32,7.38,3.93,0.592,279,garden
29.8987,-95.5961,warm,307,11.81,4.93,5.32,7.23,11.31,0.508,291,garden
30.022,-95.1076,warm,310,11.29,5.4,0,7.08,7.44,0.254,295,garden
29.3841,-94.9749,warm,313,12.32,5.67,0,6.94,5.06,0.292,302,garden
29.6886,-95.2672,warm,316,9.42,4.45,4.53,6.82,10.1,0.629,292,garden
29.7097,-95.29,warm,319,10.2,5.43,2.34,6.69,3.77,0.486,306,garden
29.3409,-94.9725,warm,322,7.38,0.51,1.12,6.58,10.92,0.429,304,wait
29.9797,-94.9459,warm,325,9.85,3.63,0,6.48,8.87,0.284,313,garden
29.5478,-95.6117,warm,328,10.08,5.59,0.83,6.39,12.39,0.446,306,garden
29.9169,-95.4253,warm,331,11.69,6.43,0,6.3,4.32,0.353,305,garden
29.5073,-95.4273,warm,334,9.61,5.12,0,6.23,9.11,0.343,316,garden
29.7542,-95.6566,warm,337,9.41,3.83,3.32,6.17,5.7,0.589,327,garden
29.9051,-94.9625,warm,340,10.21,3.69,0,6.11,6.14,0.324,320,garden
29.959,-94.9072,warm,343,8.19,3.1,3.73,6.07,7.56,0.51,329,garden
29.9451,-95.0278,warm,346,9.17,3.73,2.52,6.04,7.24,0.561,336,garden
29.8135,-95.6979,warm,349,7.83,2.89,3.42,6.01,3.84,0.595,329,wait
29.3109,-94.9766,warm,352,8.05,3.96,0.22,6.0,6.86,0.3,338,garden
29.4794,-95.088,warm,355,7.46,1.52,0,6.0,16.38,0.323,326,wait
29.8555,-95.1313,warm,358,10.8,3.16,0.39,6.01,4.35,0.273,342,garden
29.4024,-95.4857,warm,361,9.95,5.52,0,6.03,8.96,0.364,337,garden
29.5512,-95.4243,warm,364,8.11,3.65,1.67,6.06,4.55,0.339,341,garden
29.3589,-95.3655,warm,1,7.97,0.03,2.17,6.09,6.82,0.367,-26,wait
29.4281,-95.2592,warm,4,7.27,-0.42,1.89,6.14,3.04,0.513,-14,wait
29.5599,-95.3499,warm,7,7.08,0.77,3.57,6.2,11.14,0.535,-23,wait
29.8681,-95.6789,warm,10,8.23,0.69,1.76,6.26,9.99,0.531,0,wait
29.5591,-94.9483,warm,13,8.35,3.93,0,6.34,6.68,0.38,-9,wait
29.6898,-95.2689,warm,16,9.78,6.52,2.56,6.43,7.47,0.422,-14,wait
29.4533,-95.1215,warm,19,11.4,6.84,1.59,6.53,5.2,0.315,2,wait
29.6016,-95.1714,warm,22,7.28,0.89,0.79,6.64,8.52,0.334,-1,wait
29.447,-95.6503,warm,25,12.18,8.47,5.27,6.75,5.91,0.574,0,wait
30.0508,-95.3302,warm,28,10.3,2.56,0.3,6.88,4.38,0.328,17,garden
29.467,-95.4525,warm,31,13.54,10.21,0.68,7.01,9.61,0.223,7,wait
29.741,-95.5451,warm,34,8.66,3.48,0.02,7.15,8.36,0.266,9,wait
29.426,-94.9641,warm,37,10.33,3.9,1.58,7.3,14.47,0.471,9,wait
29.4387,-95.3657,warm,40,14.07,8.03,4.16,7.46,13.06,0.427,25,garden
29.5238,-95.3368,warm,43,15.06,7.57,1.99,7.62,9.59,0.308,27,garden
30.0125,-94.9532,warm,46,10.7,6.27,0,7.79,6.3,0.325,30,garden
30.0847,-95.5661,warm,49,11.27,7.3,2.79,7.97,12.94,0.515,19,garden
29.5592,-95.1075,warm,52,17.29,11.53,2.46,8.15,6.21,0.398,33,garden
30.0089,-94.9394,warm,55,13.62,8.58,2.36,8.33,4.56,0.436,25,garden
29.6624,-95.3274,warm,58,15.2,8.73,1.04,8.52,15.36,0.28,39,garden
29.5545,-95.3255,warm,61,14.65,9.17,2.49,8.71,6.27,0.38,50,garden
30.0628,-95.5775,warm,64,18.39,15.12,0.19,8.91,8.89,0.252,50,garden
29.8496,-95.643,warm,67,16.17,11.18,3.7,9.11,10.03,0.436,41,garden
29.7128,-95.3606,warm,70,18.81,13.92,1.54,9.31,8.64,0.26,55,garden
30.071,-95.3789,warm,73,17.57,10.92,0,9.52,10.88,0.289,45,garden
29.719,-94.9819,warm,76,18.01,12.65,3.81,9.72,2.43,0.443,50,garden
29.8378,-95.484,warm,79,22.07,15.27,2.27,9.93,7.96,0.325,56,garden
29.7449,-95.2822,warm,82,22.44,15.48,4.85,10.14,10.76,0.507,69,garden
30.0187,-95.4064,warm,85,18.05,11.54,0,10.34,9.1,0.28,67,garden
29.4809,-95.3603,warm,88,18.88,13.55,6.38,10.55,13.91,0.527,67,walk
29.6298,-95.1642,warm,91,22.55,17.68,0.67,10.75,9.38,0.242,81,walk
29.3408,-95.6151,warm,94,21.83,18.49,6.17,10.95,9.64,0.57,65,walk
29.7523,-95.5692,warm,97,23.79,18.98,2.45,11.15,7.39,0.185,78,walk
29.4377,-94.979,warm,100,25.63,19.49,1.7,11.35,2.69,0.121,70,walk
30.0497,-95.188,warm,103,24.45,16.93,3.07,11.54,3.62,0.328,93,garden
29.9081,-95.4228,warm,106,27.4,22.29,0,11.73,4.26,0.1,85,walk
29.3667,-95.4726,warm,109,25.05,18.66,0.04,11.91,3.63,0.173,84,walk
30.0185,-95.5499,warm,112,25.38,18.78,1.97,12.09,8.41,0.29,93,garden
29.6164,-95.2413,warm,115,26.55,19.65,1.4,12.27,6.12,0.177,98,walk
29.3038,-95.2758,warm,118,29.0,22.96,1.78,12.43,9.36,0.212,100,walk
29.7168,-95.2077,warm,121,26.84,20.01,3.29,12.59,3.87,0.299,92,garden
29.9556,-95.4301,warm,124,27.59,22.04,2.08,12.75,13.26,0.116,95,walk
29.762,-95.3506,warm,127,28.09,23.67,4.3,12.89,9.05,0.265,107,garden
30.0211,-95.6276,warm,130,27.2,22.33,2.55,13.03,10.24,0.226,118,walk
29.8419,-94.9823,warm,133,32.27,24.71,0,13.16,7.19,0.119,120,wait
29.9614,-95.3704,warm,136,30.52,24.17,2.11,13.29,2.67,0.238,108,wait
30.0496,-95.2745,warm,139,30.2,26.15,3.42,13.4,4.0,0.282,129,wait
30.0742,-95.3037,warm,142,32.78,29.58,4.13,13.5,12.86,0.23,116,wait
30.0075,-95.3126,warm,145,33.39,30.35,3.5,13.6,5.31,0.273,133,wait
29.8465,-95.2129,warm,148,32.8,25.48,2.28,13.68,5.84,0.1,127,wait
29.6854,-95.2619,warm,151,31.52,26.28,1.24,13.76,10.19,0.135,135,wait
29.6992,-95.2717,warm,154,29.99,24.62,2.85,13.82,5.58,0.17,126,walk
29.9711,-95.2043,warm,157,33.49,28.77,4.83,13.88,13.94,0.209,141,wait
29.523,-95.2898,warm,160,31.8,25.55,0,13.93,11.52,0.1,145,wait
29.409,-94.9515,warm,163,34.18,27.39,3.93,13.96,7.39,0.12,152,walk
29.648,-95.1437,warm,166,34.9,26.98,0,13.98,12.24,0.1,146,walk
29.3218,-95.5774,warm,169,30.99,23.03,5.13,14.0,7.6,0.269,146,wait
29.8353,-95.3743,warm,172,30.67,22.78,2.12,14.0,11.26,0.193,155,wait
29.492,-94.983,warm,175,34.5,31.15,0.88,13.99,11.92,0.1,149,walk
30.0742,-95.6183,warm,178,34.72,27.66,4.55,13.97,8.74,0.266,164,walk
29.652,-95.1599,warm,181,29.04,22.51,0,13.94,10.83,0.1,152,walk
29.4296,-95.4614,warm,184,33.56,25.99,1.56,13.9,0.54,0.1,167,wait
29.4678,-95.1412,warm,187,33.79,29.03,2.77,13.85,9.33,0.228,161,wait
29.633,-95.4448,warm,190,31.33,24.09,0.33,13.79,6.36,0.127,161,wait
29.5609,-95.0333,warm,193,33.46,28.73,3.66,13.72,5.26,0.195,170,wait
29.3608,-95.5629,warm,196,28.41,20.76,4.49,13.64,14.77,0.356,171,walk
29.7908,-95.3879,warm,199,31.63,25.11,0.56,13.55,11.6,0.165,179,wait
29.9726,-94.9079,warm,202,32.89,26.86,2.59,13.45,5.52,0.169,177,wait
29.7323,-95.0064,warm,205,29.73,26.55,3.34,13.34,10.46,0.28,180,walk
29.6461,-95.3947,warm,208,29.44,22.48,2.54,13.23,5.58,0.258,178,walk
29.642,-95.2667,warm,211,28.92,24.45,3.58,13.1,0.96,0.317,198,walk
29.4196,-95.2953,warm,214,29.88,25.19,0.09,12.96,8.88,0.129,184,walk
29.8327,-95.518,warm,217,30.94,25.7,2.73,12.82,11.13,0.294,187,wait
29.6843,-95.4263,warm,220,26.35,20.16,0.19,12.67,14.63,0.181,210,walk
29.8711,-95.6708,warm,223,27.1,23.13,0.18,12.52,1.59,0.191,207,walk
29.9208,-95.5235,warm,226,25.58,21.52,0,12.35,6.8,0.124,197,walk
29.3181,-95.1327,warm,229,27.36,20.23,3.38,12.18,11.22,0.362,213,garden
29.717,-95.1188,warm,232,27.75,24.54,2.33,12.0,5.72,0.188,211,walk
29.5345,-95.6168,warm,235,26.67,22.56,0.58,11.82,5.92,0.229,219,walk
29.9914,-95.3802,warm,238,24.77,18.98,2.96,11.64,6.8,0.346,221,garden
29.5376,-94.9277,warm,241,25.21,21.05,0,11.45,12.45,0.21,223,walk
29.8693,-95.2011,warm,244,23.85,16.21,2.23,11.25,13.94,0.263,221,garden
29.6502,-95.6915,warm,247,20.59,14.14,1.93,11.05,13.31,0.26,231,garden
29.842,-95.4768,warm,250,24.66,17.2,2.69,10.85,13.51,0.364,238,garden
29.3681,-94.9448,warm,253,19.91,15.54,2.06,10.65,8.07,0.315,233,garden
29.7036,-95.6271,warm,256,18.62,11.33,2.58,10.45,12.79,0.385,233,garden
30.0101,-95.08,warm,259,22.28,18.56,2.81,10.24,11.7,0.322,230,garden
29.9702,-95.5418,warm,262,17.56,11.85,3.49,10.03,8.21,0.469,238,garden
29.555,-95.3952,warm,265,18.91,15.8,0,9.83,4.7,0.147,249,wait
29.6957,-95.2453,warm,268,19.51,13.21,0,9.62,12.56,0.222,247,wait
29.8034,-95.5928,warm,271,18.92,14.07,0,9.42,14.22,0.178,261,wait
29.7473,-95.2006,warm,274,18.9,15.49,3.0,9.21,11.17,0.439,253,garden
29.3494,-95.3375,warm,277,19.69,13.24,3.86,9.01,13.75,0.476,251,garden
29.377,-95.6463,warm,280,17.45,11.8,2.38,8.81,7.65,0.403,262,garden
29.348,-95.5364,warm,283,16.63,12.7,0,8.62,16.31,0.24,262,wait
29.3206,-95.1155,warm,286,17.01,10.69,0,8.43,8.65,0.262,264,garden
30.0498,-95.0714,warm,289,15.0,10.49,4.69,8.24,10.59,0.469,266,garden
29.9183,-95.5132,warm,292,15.59,11.17,1.48,8.05,7.97,0.369,280,garden
30.0209,-95.4106,warm,295,14.5,7.52,2.7,7.88,8.42,0.339,267,garden
29.9538,-95.2138,warm,298,15.1,11.27,0,7.7,8.48,0.275,268,garden
29.3691,-94.98,warm,301,11.13,7.45,2.45,7.54,6.44,0.364,280,garden
29.7019,-95.4065,warm,304,9.66,1.83,3.91,7.38,12.71,0.573,281,garden
29.6328,-95.5515,warm,307,9.09,5.02,1.5,7.23,2.44,0.45,291,garden
30.0063,-95.1338,warm,310,9.68,2.58,1.94,7.08,9.33,0.331,285,garden
29.7205,-95.2181,warm,313,10.85,2.88,2.8,6.94,8.81,0.526,300,garden
29.4262,-95.6064,warm,316,10.78,4.56,0.57,6.82,2.9,0.379,295,garden
29.614,-95.2507,warm,319,10.52,4.14,1.57,6.69,7.2,0.328,295,garden
29.3431,-95.4597,warm,322,11.65,7.61,0.13,6.58,8.81,0.363,312,garden
29.7383,-95.2495,warm,325,11.99,4.59,5.59,6.48,7.48,0.497,315,garden
29.8777,-95.0746,warm,328,9.87,2.43,1.81,6.39,3.6,0.324,298,garden
30.0665,-95.6387,warm,331,6.05,-1.39,1.23,6.3,17.88,0.389,312,wait
29.8627,-95.4135,warm,334,11.05,5.68,0.66,6.23,8.88,0.388,318,garden
29.3209,-95.5433,warm,337,10.65,5.36,1.76,6.17,15.39,0.456,313,garden
30.0111,-95.096,warm,340,8.32,2.11,1.08,6.11,6.25,0.494,311,garden
29.4646,-95.3604,warm,343,11.06,3.21,4.44,6.07,6.08,0.548,325,garden
30.0743,-95.3822,warm,346,10.32,7.21,0,6.04,12.52,0.301,335,garden
29.6945,-95.1062,warm,349,8.67,1.36,3.42,6.01,13.17,0.456,333,garden
29.3388,-95.3633,warm,352,6.92,-0.18,1.72,6.0,2.83,0.523,324,wait
29.9227,-95.4655,warm,355,6.5,2.42,1.31,6.0,8.97,0.485,335,wait
29.568,-95.1142,warm,358,10.32,4.61,0,6.01,7.57,0.396,333,garden
29.4131,-95.4009,warm,361,10.14,4.67,3.65,6.03,14.08,0.471,348,garden
30.0153,-94.9361,warm,364,10.86,4.15,0,6.06,19.63,0.237,353,wait
29.7341,-94.9729,warm,1,9.96,2.14,3.32,6.09,5.65,0.424,-22,wait
29.7255,-95.674,warm,4,8.7,3.25,0,6.14,11.12,0.368,-22,wait
29.8904,-94.945,warm,7,9.76,4.7,0,6.2,9.81,0.311,-15,wait
29.5663,-94.9878,warm,10,7.39,2.42,0.34,6.26,8.1,0.282,-13,wait
29.3887,-95.079,warm,13,9.48,4.08,2.71,6.34,8.72,0.47,-17,wait
30.0133,-95.6418,warm,16,7.81,4.42,0,6.43,9.86,0.394,-8,wait
29.7131,-95.5669,warm,19,9.82,6.23,0,6.53,16.37,0.399,1,wait
30.0278,-95.5596,warm,22,11.4,8.29,0.29,6.64,11.16,0.348,4,wait
29.3716,-95.4865,warm,25,9.65,1.8,0,6.75,12.59,0.414,2,wait
29.9781,-95.4167,warm,28,7.8,3.35,1.69,6.88,4.96,0.474,6,wait
29.6309,-94.9165,warm,31,10.5,5.38,7.44,7.01,8.7,0.761,3,wait
29.5136,-95.5994,warm,34,9.37,2.5,6.27,7.15,5.16,0.622,22,wait
29.7243,-95.2719,warm,37,9.5,2.21,3.32,7.3,7.08,0.572,13,wait
29.4549,-95.6765,warm,40,13.32,5.95,2.86,7.46,6.74,0.462,24,garden
29.4512,-95.0572,warm,43,14.16,8.29,0,7.62,12.97,0.245,30,wait
29.7496,-95.5489,warm,46,15.12,7.83,1.31,7.79,1.7,0.275,32,garden
29.5646,-95.1714,warm,49,15.37,10.0,0.85,7.97,8.16,0.285,34,garden
29.8991,-95.3578,warm,52,13.45,6.9,0.77,8.15,10.38,0.411,30,garden
29.4043,-95.4258,warm,55,13.97,10.28,4.04,8.33,11.33,0.517,36,garden
29.6575,-95.4833,warm,58,15.57,7.73,5.17,8.52,14.77,0.563,30,garden
29.394,-95.3726,warm,61,15.91,9.6,0.48,8.71,14.52,0.292,38,garden
29.3729,-94.9356,warm,64,15.01,10.87,2.05,8.91,10.75,0.411,53,garden
29.8697,-95.4729,warm,67,19.45,16.19,0,9.11,9.52,0.3,40,garden
29.9225,-94.9481,warm,70,18.88,13.64,4.32,9.31,6.06,0.378,48,garden
29.9403,-95.4493,warm,73,17.37,12.96,0,9.52,0.57,0.168,63,wait
29.4352,-95.2721,warm,76,18.28,14.53,4.86,9.72,7.84,0.473,66,garden
29.3386,-95.5892,warm,79,19.62,14.83,0,9.93,10.61,0.303,52,garden
29.7483,-94.9932,warm,82,22.72,17.83,0,10.14,0.55,0.16,54,walk
29.7174,-95.2244,warm,85,22.41,19.08,0,10.34,6.16,0.164,56,walk
29.5406,-95.3789,warm,88,19.09,12.48,5.73,10.55,8.08,0.422,71,garden
29.9066,-95.334,warm,91,20.79,14.22,3.31,10.75,8.92,0.372,77,garden
29.9864,-95.0877,warm,94,24.67,20.8,2.94,10.95,0.08,0.287,80,garden
29.971,-95.1176,warm,97,26.28,22.36,0,11.15,8.12,0.118,76,walk
29.5675,-95.6242,warm,100,23.8,20.52,0,11.35,4.91,0.179,80,walk
29.6249,-95.2426,warm,103,22.15,15.9,2.99,11.54,0.56,0.333,78,garden
30.0285,-95.0251,warm,106,25.71,19.63,1.46,11.73,4.44,0.106,93,walk
29.9064,-95.1651,warm,109,26.04,21.97,0,11.91,2.03,0.116,92,walk
29.775,-94.9129,warm,112,24.08,20.54,1.73,12.09,0.64,0.173,97,garden
29.6335,-95.1291,warm,115,26.48,19.43,0,12.27,8.55,0.125,101,walk
30.0114,-95.2881,warm,118,28.88,22.13,3.82,12.43,6.94,0.187,89,walk
29.9922,-94.9529,warm,121,26.42,22.06,4.24,12.59,13.09,0.319,100,garden
29.616,-95.3467,warm,124,26.3,21.25,4.61,12.75,9.65,0.309,102,garden
29.6574,-95.2312,warm,127,28.25,23.27,2.12,12.89,6.44,0.222,102,walk
29.4059,-95.5807,warm,130,29.09,23.2,6.99,13.03,8.2,0.344,109,walk
29.8946,-95.1694,warm,133,27.61,19.73,0,13.16,15.45,0.1,109,walk
29.9071,-94.9007,warm,136,32.28,27.56,4.34,13.29,6.88,0.252,113,garden
29.6461,-95.4257,warm,139,29.97,23.09,2.33,13.4,14.76,0.239,116,walk
29.4601,-95.092,warm,142,31.39,27.04,0.66,13.5,10.69,0.1,122,wait
30.0393,-95.3734,warm,145,31.24,23.33,5.81,13.6,10.71,0.418,121,wait
30.0549,-95.1423,warm,148,33.64,29.67,1.05,13.68,8.14,0.181,122,wait
29.4414,-95.4304,warm,151,29.23,21.5,0.28,13.76,7.45,0.178,128,walk
29.7673,-95.5859,warm,154,31.95,28.44,2.65,13.82,10.87,0.178,125,garden
30.0095,-95.5427,warm,157,29.89,22.21,5.72,13.88,9.4,0.265,133,walk
29.9128,-95.634,warm,160,29.52,23.38,4.33,13.93,4.87,0.304,141,walk
29.774,-95.0592,warm,163,31.04,25.61,0,13.96,5.35,0.1,140,wait
29.6085,-95.6867,warm,166,32.8,27.94,5.26,13.98,5.62,0.299,149,wait
29.8529,-95.6233,warm,169,34.85,28.72,1.41,14.0,15.4,0.1,148,walk
29.5586,-95.1294,warm,172,31.94,25.45,3.08,14.0,3.69,0.238,155,wait
29.7934,-95.4895,warm,175,32.75,27.5,0,13.99,1.81,0.1,161,wait
29.7909,-95.2142,warm,178,34.69,29.06,0,13.97,6.04,0.1,155,walk
29.3757,-95.2922,warm,181,34.31,27.93,1.11,13.94,7.69,0.1,162,wait
29.882,-95.5978,warm,184,33.26,26.14,0.88,13.9,9.76,0.1,156,wait
29.3295,-95.183,warm,187,28.63,23.45,4.84,13.85,3.44,0.339,177,walk
29.7255,-95.5027,warm,190,29.72,25.23,1.73,13.79,8.88,0.125,178,walk
29.5483,-95.0148,warm,193,31.53,26.73,0,13.72,2.41,0.1,179,wait
29.7582,-94.9114,warm,196,30.21,26.45,1.32,13.64,12.6,0.119,180,wait
29.5783,-95.0697,warm,199,29.02,23.01,0,13.55,2.1,0.1,175,walk
29.6925,-95.675,warm,202,29.07,24.26,3.02,13.45,2.28,0.177,187,walk
29.6041,-95.3992,warm,205,27.93,20.67,3.62,13.34,8.22,0.343,189,garden
29.9615,-95.564,warm,208,30.78,22.91,1.32,13.23,11.21,0.19,184,wait
29.6131,-95.0624,warm,211,30.68,26.25,0.92,13.1,7.9,0.1,183,wait
29.4663,-95.0129,warm,214,29.38,26.21,5.02,12.96,8.33,0.32,184,walk
29.4582,-95.3248,warm,217,26.39,21.84,4.43,12.82,6.0,0.396,205,garden
29.7931,-95.6814,warm,220,27.16,22.35,3.31,12.67,7.35,0.374,191,garden
29.7474,-95.6884,warm,223,25.73,22.25,0,12.52,12.53,0.183,204,walk
29.504,-95.305,warm,226,26.15,20.7,2.53,12.35,11.19,0.237,214,walk
29.9291,-94.9442,warm,229,24.82,17.02,2.72,12.18,12.29,0.285,200,garden
29.3703,-95.5469,warm,232,24.97,19.46,0,12.0,5.41,0.116,213,walk
30.0813,-95.4812,warm,235,25.72,18.26,2.37,11.82,3.68,0.265,222,garden
29.6161,-95.1025,warm,238,26.8,22.03,0.9,11.64,5.48,0.124,214,walk
29.9418,-94.9382,warm,241,21.69,17.49,0,11.45,7.62,0.197,223,walk
29.564,-94.9026,warm,244,21.75,14.1,1.28,11.25,15.78,0.214,230,walk
29.7169,-95.664,warm,247,21.28,17.77,2.18,11.05,8.81,0.24,231,walk
29.3469,-95.3184,warm,250,21.54,16.99,1.09,10.85,5.28,0.135,229,walk
29.449,-95.6074,warm,253,20.51,16.13,0,10.65,11.76,0.118,225,walk
29.741,-95.373,warm,256,20.37,12.44,2.7,10.45,13.21,0.367,236,garden
29.5422,-95.4489,warm,259,20.74,13.11,4.83,10.24,10.2,0.46,230,garden
29.7125,-95.4475,warm,262,20.72,16.64,0,10.03,13.54,0.174,244,wait
29.3092,-94.9068,warm,265,16.49,9.17,2.1,9.83,11.16,0.42,241,garden
29.3741,-95.4002,warm,268,21.17,17.83,3.45,9.62,2.25,0.429,241,garden
29.3927,-94.9693,warm,271,15.58,8.84,0.71,9.42,6.56,0.25,259,wait
29.8918,-95.2255,warm,274,18.39,11.77,3.03,9.21,8.85,0.296,247,garden
29.3062,-95.6908,warm,277,19.04,13.15,0.39,9.01,7.67,0.218,262,wait
30.0634,-95.022,warm,280,15.31,7.57,0.09,8.81,6.45,0.196,267,wait
29.7728,-95.534,warm,283,18.79,15.7,3.91,8.62,4.95,0.431,255,garden
30.0536,-95.0827,warm,286,13.12,6.31,0.86,8.43,11.67,0.421,257,garden
29.6769,-95.4094,warm,289,13.3,6.98,4.71,8.24,5.4,0.515,261,garden
29.8524,-94.983,warm,292,14.5,9.57,0.88,8.05,5.0,0.214,274,wait
29.3476,-95.3893,warm,295,16.52,9.0,2.0,7.88,1.62,0.387,285,garden
29.7435,-95.6615,warm,298,16.09,11.24,2.77,7.7,9.56,0.422,273,garden
29.9998,-95.2083,warm,301,13.48,7.77,3.59,7.54,4.49,0.387,291,garden
29.7646,-94.9678,warm,304,12.79,8.68,2.85,7.38,9.29,0.449,290,garden
29.744,-95.15,warm,307,9.04,2.1,1.84,7.23,14.96,0.492,287,garden
29.7566,-95.3764,warm,310,12.45,4.47,2.75,7.08,0.91,0.508,292,garden
29.974,-95.0659,warm,313,11.12,3.28,0.04,6.94,10.84,0.231,287,wait
29.5025,-95.1023,warm,316,7.48,3.87,1.98,6.82,1.26,0.544,303,wait
29.5053,-95.0564,warm,319,11.93,4.73,3.42,6.69,3.64,0.51,304,garden
29.3092,-95.1559,warm,322,10.06,5.88,0,6.58,9.62,0.28,303,walk
29.6654,-95.4276,warm,325,11.54,6.88,3.18,6.48,5.44,0.448,299,garden
29.3325,-95.4937,warm,328,8.75,2.97,0.06,6.39,2.78,0.426,309,garden
29.6634,-95.0125,warm,331,9.56,5.19,0.2,6.3,13.57,0.372,310,garden
29.6633,-95.0978,warm,334,9.59,2.05,2.87,6.23,15.01,0.509,324,garden
29.7195,-95.196,warm,337,9.12,1.73,1.66,6.17,5.53,0.338,316,garden
29.4078,-95.0741,warm,340,6.08,-1.87,0.29,6.11,4.57,0.392,328,wait
29.915,-95.2679,warm,343,9.32,5.68,2.95,6.07,1.42,0.398,325,garden
29.7756,-95.1949,warm,346,7.72,0.88,0.33,6.04,12.54,0.324,328,wait
29.8968,-95.0428,warm,349,9.76,4.69,0.6,6.01,6.32,0.332,324,garden
29.8734,-95.582,warm,352,6.78,2.99,4.16,6.0,3.51,0.573,326,wait
29.3006,-95.4432,warm,355,5.89,1.99,1.53,6.0,10.19,0.519,337,wait
30.0646,-95.6547,warm,358,10.05,2.87,0.48,6.01,11.71,0.261,333,garden
29.4507,-95.6048,warm,361,9.73,6.69,0,6.03,13.0,0.274,337,garden
29.4195,-95.5805,warm,364,6.82,-0.77,3.94,6.06,8.58,0.628,341,wait
41.6065,-87.4047,continental,1,-0.38,-6.94,2.04,6.09,8.07,0.486,-101,wait
42.046,-87.5694,continental,4,-0.24,-7.2,0.67,6.14,14.1,0.546,-108,wait
42.0676,-87.5266,continental,7,0.33,-5.23,0.78,6.2,16.68,0.557,-93,wait
41.8247,-87.8175,continental,10,-0.94,-7.39,0.09,6.26,14.34,0.385,-107,wait
41.9225,-87.2319,continental,13,-2.67,-8.78,0,6.34,5.57,0.533,-105,wait
41.8155,-87.5068,continental,16,1.12,-4.71,2.21,6.43,10.8,0.641,-93,wait
42.0968,-87.3065,continental,19,1.42,-5.63,0.39,6.53,4.58,0.446,-92,wait
42.1937,-87.3408,continental,22,-0.59,-7.42,0.44,6.64,12.62,0.486,-92,wait
42.1192,-87.224,continental,25,-1.84,-6.4,1.19,6.75,5.9,0.497,-85,wait
41.5843,-87.411,continental,28,1.71,-5.07,0,6.88,6.82,0.526,-84,wait
42.1321,-87.4331,continental,31,-0.84,-8.65,4.39,7.01,17.91,0.669,-74,wait
41.9784,-87.8965,continental,34,1.65,-4.05,2.86,7.15,7.37,0.614,-70,wait
41.8833,-87.9178,continental,37,2.66,-1.91,4.65,7.3,11.37,0.592,-71,wait
41.9695,-87.2475,continental,40,4.04,-2.51,0.49,7.46,9.09,0.455,-65,wait
42.1376,-87.7156,continental,43,1.4,-6.37,1.73,7.62,13.58,0.444,-65,wait
41.5638,-87.9447,continental,46,3.92,-3.42,0,7.79,10.31,0.443,-65,wait
41.5944,-87.7787,continental,49,5.67,-1.58,2.04,7.97,9.17,0.551,-64,wait
41.997,-87.3665,continental,52,4.92,-0.33,0,8.15,2.66,0.382,-66,wait
42.051,-87.4264,continental,55,3.81,-0.66,0,8.33,5.25,0.45,-48,wait
42.1584,-87.2032,continental,58,6.32,-0.34,0.33,8.52,7.74,0.474,-46,wait
41.7497,-87.2654,continental,61,8.0,4.34,0,8.71,11.98,0.35,-51,wait
41.5281,-87.851,continental,64,6.83,1.37,0.24,8.91,15.81,0.467,-50,wait
41.9486,-87.2156,continental,67,9.56,4.96,0,9.11,4.79,0.318,-44,wait
41.7679,-87.4216,continental,70,9.34,1.94,2.96,9.31,4.61,0.541,-33,wait
41.403,-87.2264,continental,73,8.54,5.5,3.22,9.52,8.46,0.486,-36,wait
41.5448,-87.45,continental,76,8.44,1.85,4.48,9.72,18.65,0.639,-41,walk
41.8297,-87.6154,continental,79,10.03,6.42,1.86,9.93,5.57,0.489,-28,wait
42.0804,-87.275,continental,82,12.15,5.34,3.54,10.14,10.32,0.533,-19,walk
41.7207,-87.2267,continental,85,12.36,7.56,0,10.34,4.06,0.309,-34,walk
41.6117,-87.2012,continental,88,8.84,4.48,1.63,10.55,10.32,0.357,-24,walk
42.1852,-87.3613,continental,91,12.39,5.75,0,10.75,0.44,0.214,-13,walk
41.9458,-87.6209,continental,94,11.97,8.2,2.43,10.95,10.0,0.496,-19,walk
41.8232,-87.9335,continental,97,14.71,10.17,1.34,11.15,1.14,0.391,-15,walk
41.9678,-87.5418,continental,100,13.51,8.82,1.39,11.35,11.07,0.448,-3,walk
42.0825,-87.8453,continental,103,13.18,9.81,2.55,11.54,13.22,0.352,-14,walk
41.7905,-87.5456,continental,106,16.33,11.65,0.18,11.73,8.1,0.247,2,walk
41.8765,-87.5321,continental,109,14.91,9.12,5.91,11.91,11.31,0.521,4,walk
42.0293,-87.316,continental,112,14.6,7.53,0,12.09,4.54,0.298,1,walk
41.4221,-87.9248,continental,115,14.95,8.91,6.14,12.27,8.6,0.64,-2,walk
41.559,-87.2225,continental,118,14.79,8.74,1.27,12.43,12.22,0.228,7,walk
41.8197,-87.685,continental,121,17.78,14.0,8.11,12.59,13.68,0.654,3,garden
42.1846,-87.4731,continental,124,20.05,15.12,4.07,12.75,1.25,0.468,23,garden
41.8905,-87.5422,continental,127,19.11,15.66,4.78,12.89,7.46,0.456,7,walk
42.0408,-87.3907,continental,130,18.87,14.71,0,13.03,11.27,0.231,22,walk
41.7511,-87.8734,continental,133,19.24,14.08,2.7,13.16,10.44,0.317,25,garden
42.132,-87.6449,continental,136,18.46,13.64,3.43,13.29,7.81,0.46,36,garden
41.8949,-87.3332,continental,139,18.37,11.53,2.26,13.4,8.03,0.257,29,garden
41.7392,-87.7277,continental,142,20.31,14.81,1.6,13.5,6.2,0.344,35,garden
41.6744,-87.516,continental,145,20.85,14.41,4.55,13.6,3.49,0.401,27,garden
41.57,-87.4425,continental,148,19.25,14.52,0,13.68,15.26,0.282,46,garden
41.792,-87.3283,continental,151,19.45,12.17,1.88,13.76,16.21,0.211,43,walk
41.8146,-87.4753,continental,154,22.42,15.0,2.68,13.82,4.3,0.282,42,garden
42.0736,-87.3527,continental,157,20.96,14.87,3.69,13.88,2.86,0.467,39,garden
41.4188,-87.7084,continental,160,20.21,12.94,5.83,13.93,3.6,0.519,60,garden
41.6519,-87.8184,continental,163,21.54,17.69,0.96,13.96,3.91,0.184,59,walk
42.1535,-87.3817,continental,166,22.69,18.03,4.63,13.98,8.73,0.461,54,garden
41.8643,-87.8508,continental,169,21.88,18.85,2.68,14.0,10.77,0.356,60,garden
41.6214,-87.3754,continental,172,22.64,18.4,1.13,14.0,5.99,0.272,53,garden
41.5747,-87.3514,continental,175,21.82,16.53,5.89,13.99,10.46,0.427,66,walk
41.8132,-87.3045,continental,178,23.16,15.97,2.26,13.97,9.13,0.321,62,garden
41.7416,-87.4467,continental,181,21.54,15.64,3.65,13.94,16.1,0.448,75,garden
42.1613,-87.2773,continental,184,24.7,16.93,0.83,13.9,10.63,0.1,70,walk
41.967,-87.3937,continental,187,19.74,12.82,1.35,13.85,5.86,0.238,71,walk
41.7864,-87.5733,continental,190,20.08,13.0,3.31,13.79,8.57,0.3,85,garden
41.7806,-87.4929,continental,193,22.26,16.28,3.76,13.72,10.23,0.364,91,garden
42.1116,-87.6423,continental,196,19.14,15.16,2.83,13.64,15.56,0.338,84,garden
41.9349,-87.3852,continental,199,21.59,17.24,4.81,13.55,6.38,0.363,89,walk
41.7462,-87.6236,continental,202,21.48,16.43,3.38,13.45,12.13,0.396,98,garden
41.5913,-87.425,continental,205,19.92,13.73,4.65,13.34,5.44,0.522,90,garden
41.9157,-87.5833,continental,208,22.21,14.9,1.56,13.23,7.11,0.249,96,walk
42.1481,-87.6433,continental,211,18.08,11.72,0.89,13.1,1.89,0.35,98,garden
42.0031,-87.324,continental,214,17.9,11.43,2.55,12.96,7.4,0.37,95,garden
42.0091,-87.4554,continental,217,17.65,10.21,3.16,12.82,5.13,0.387,111,garden
42.0731,-87.719,continental,220,16.83,11.17,1.88,12.67,18.47,0.395,107,walk
41.8962,-87.6166,continental,223,15.82,8.18,1.72,12.52,10.88,0.374,112,garden
41.9306,-87.688,continental,226,17.14,11.07,4.0,12.35,15.45,0.447,122,garden
41.8021,-87.7864,continental,229,19.46,15.23,4.5,12.18,6.65,0.481,119,garden
41.8701,-87.9808,continental,232,14.58,10.25,4.98,12.0,9.33,0.531,122,garden
42.0599,-87.8764,continental,235,18.45,10.59,5.24,11.82,9.18,0.456,115,garden
41.8856,-87.5215,continental,238,15.63,8.72,3.85,11.64,10.67,0.388,138,wait
41.6866,-87.2285,continental,241,15.08,10.17,3.48,11.45,17.93,0.5,126,garden
41.6826,-87.3559,continental,244,12.87,5.03,2.98,11.25,7.87,0.458,142,garden
42.1797,-87.5126,continental,247,15.21,8.19,1.94,11.05,5.51,0.289,130,garden
42.1579,-87.888,continental,250,10.85,5.06,2.66,10.85,7.82,0.406,136,garden
42.0996,-87.3746,continental,253,9.19,1.2,5.34,10.65,0.62,0.527,134,garden
41.7586,-87.2678,continental,256,8.54,4.35,6.79,10.45,6.23,0.652,152,walk
41.5203,-87.3352,continental,259,9.88,3.09,0.33,10.24,8.4,0.284,155,garden
41.7888,-87.3123,continental,262,9.08,2.68,2.81,10.03,15.5,0.452,144,garden
42.1654,-87.5964,continental,265,7.61,2.03,4.2,9.83,15.07,0.635,163,wait
41.4634,-87.2758,continental,268,6.97,2.16,0,9.62,3.16,0.418,164,wait
41.6427,-87.4066,continental,271,8.8,4.58,2.15,9.42,7.2,0.432,170,garden
41.6254,-87.4084,continental,274,7.36,3.84,1.31,9.21,7.34,0.465,163,wait
41.9695,-87.9671,continental,277,9.34,2.12,1.01,9.01,3.24,0.311,165,garden
41.8811,-87.3601,continental,280,8.94,5.81,3.08,8.81,6.31,0.578,171,garden
41.5073,-87.878,continental,283,8.46,3.62,0.01,8.62,12.15,0.417,179,garden
41.8595,-87.8561,continental,286,4.91,0.26,0,8.43,10.49,0.414,181,wait
42.0498,-87.8013,continental,289,3.42,-3.12,2.89,8.24,11.42,0.481,178,wait
41.8799,-87.7726,continental,292,4.74,-1.34,1.91,8.05,8.15,0.443,182,wait
41.5061,-87.4578,continental,295,5.62,-0.22,1.02,7.88,3.56,0.384,178,wait
42.1213,-87.2559,continental,298,2.16,-2.95,1.76,7.7,6.35,0.477,196,wait
41.5239,-87.3794,continental,301,4.28,-0.88,0.92,7.54,14.49,0.347,190,wait
42.1587,-87.4453,continental,304,0.06,-3.68,0,7.38,8.41,0.51,193,wait
41.6916,-87.5555,continental,307,-0.11,-3.62,3.57,7.23,4.84,0.54,197,wait
42.1666,-87.6608,continental,310,2.99,-1.78,0,7.08,5.48,0.479,203,wait
42.0885,-87.6683,continental,313,1.18,-6.67,1.63,6.94,11.77,0.61,208,wait
41.8022,-87.3927,continental,316,0.5,-5.3,1.58,6.82,4.32,0.424,214,wait
42.0128,-87.9252,continental,319,-2.61,-6.62,0,6.69,8.63,0.449,214,wait
41.8929,-87.2276,continental,322,1.06,-4.23,1.43,6.58,11.96,0.485,203,wait
41.8371,-87.483,continental,325,1.66,-4.68,0,6.48,10.34,0.52,221,wait
41.4864,-87.327,continental,328,-3.69,-7.13,0,6.39,13.2,0.507,227,wait
42.1523,-87.6533,continental,331,-3.05,-6.86,1.09,6.3,9.01,0.584,218,wait
41.758,-87.8644,continental,334,-1.31,-4.53,3.7,6.23,4.82,0.729,231,wait
41.7598,-87.9205,continental,337,-0.58,-8.34,0,6.17,5.98,0.463,226,wait
41.8349,-87.7608,continental,340,-0.13,-6.99,0,6.11,9.25,0.528,224,wait
41.9823,-87.6696,continental,343,-0.6,-4.53,2.53,6.07,14.28,0.571,238,wait
41.8794,-87.6527,continental,346,-3.24,-6.39,0,6.04,9.18,0.544,231,wait
42.0598,-87.7581,continental,349,-3.52,-9.49,0,6.01,4.07,0.531,246,wait
41.8879,-87.2138,continental,352,-1.34,-5.18,0,6.0,10.81,0.384,240,wait
41.9229,-87.8432,continental,355,-1.58,-8.1,1.22,6.0,15.29,0.497,248,wait
42.151,-87.3558,continental,358,-3.29,-11.0,0,6.01,2.94,0.508,238,wait
42.1179,-87.471,continental,361,-3.3,-11.07,0,6.03,10.68,0.59,257,wait
42.1048,-87.8909,continental,364,-1.59,-8.79,0,6.06,4.73,0.418,264,wait
41.8464,-87.7841,continental,1,-2.43,-7.89,1.46,6.09,9.21,0.547,-112,wait
42.1915,-87.2291,continental,4,1.3,-5.08,3.41,6.14,9.89,0.603,-107,wait
42.1307,-87.7396,continental,7,-1.44,-5.66,4.37,6.2,4.93,0.652,-101,wait
41.7683,-87.6917,continental,10,0.45,-5.87,0,6.26,3.17,0.503,-99,wait
41.7832,-87.6605,continental,13,0.09,-3.18,0.75,6.34,9.19,0.533,-95,wait
41.6941,-87.9141,continental,16,0.13,-7.57,0.74,6.43,18.46,0.568,-99,wait
41.4702,-87.452,continental,19,2.36,-2.41,3.86,6.53,3.18,0.549,-100,wait
41.9053,-87.9258,continental,22,-0.5,-4.75,0.33,6.64,0.18,0.4,-91,wait
41.5883,-87.7467,continental,25,3.09,-1.65,1.59,6.75,7.71,0.459,-84,wait
41.9677,-87.5994,continental,28,2.75,-1.85,0,6.88,6.49,0.513,-87,wait
41.9535,-87.9619,continental,31,3.61,-3.88,0,7.01,14.94,0.342,-74,wait
41.4619,-87.3412,continental,34,0.14,-3.9,1.09,7.15,7.93,0.411,-70,wait
41.9235,-87.3332,continental,37,-0.83,-5.65,1.78,7.3,9.18,0.503,-69,wait
41.9626,-87.7189,continental,40,1.15,-6.01,0,7.46,11.08,0.34,-76,wait
41.4358,-87.2463,continental,43,3.59,0.11,2.45,7.62,10.16,0.491,-61,wait
41.4087,-87.3991,continental,46,0.41,-5.01,0.82,7.79,1.46,0.459,-67,wait
41.5609,-87.6321,continental,49,6.28,-1.61,3.16,7.97,11.19,0.521,-61,wait
41.7548,-87.8009,continental,52,3.13,-2.1,2.34,8.15,7.51,0.484,-66,wait
41.4692,-87.6689,continental,55,2.52,-2.55,0,8.33,10.13,0.327,-58,wait
41.7368,-87.2479,continental,58,4.7,-0.85,0.22,8.52,9.1,0.393,-52,wait
41.6513,-87.9938,continental,61,8.51,2.14,0,8.71,12.73,0.393,-55,wait
41.4333,-87.5368,continental,64,9.07,4.29,1.16,8.91,0.32,0.432,-43,wait
41.7065,-87.3044,continental,67,6.25,-1.53,1.95,9.11,2.56,0.386,-37,wait
42.0082,-87.2648,continental,70,8.54,1.49,3.08,9.31,7.33,0.556,-32,wait
42.0967,-87.6651,continental,73,5.66,-1.67,0.97,9.52,11.22,0.444,-37,wait
41.5818,-87.8817,continental,76,9.01,5.73,0,9.72,9.19,0.266,-41,wait
41.8588,-87.8859,continental,79,7.85,1.44,0,9.93,10.57,0.319,-31,wait
41.4262,-87.7471,continental,82,7.62,4.28,3.18,10.14,0.59,0.478,-29,walk
41.5625,-87.8095,continental,85,8.33,4.22,1.76,10.34,14.74,0.478,-28,walk
42.1198,-87.9044,continental,88,10.54,4.0,1.35,10.55,10.5,0.379,-31,garden
41.7699,-87.3372,continental,91,13.89,9.57,0.42,10.75,9.33,0.325,-25,walk
42.1188,-87.3323,continental,94,14.34,9.14,3.48,10.95,9.64,0.485,-7,walk
42.0725,-87.5687,continental,97,11.81,7.74,5.64,11.15,4.08,0.633,-21,walk
42.1615,-87.8106,continental,100,13.33,9.79,0.93,11.35,11.0,0.237,-1,walk
42.114,-87.5283,continental,103,15.76,9.95,5.55,11.54,9.19,0.627,-6,walk
42.196,-87.6994,continental,106,16.84,10.81,1.06,11.73,7.1,0.323,1,walk
41.9634,-87.3589,continental,109,16.61,13.47,0,11.91,3.59,0.287,-10,walk
42.0727,-87.6263,continental,112,15.06,7.09,1.8,12.09,9.8,0.4,10,walk
42.0955,-87.6248,continental,115,17.78,10.52,6.5,12.27,7.52,0.454,3,walk
42.055,-87.6715,continental,118,19.59,14.98,5.37,12.43,15.62,0.41,1,walk
41.7489,-87.3114,continental,121,19.34,11.45,3.91,12.59,2.87,0.461,3,walk
41.8701,-87.9456,continental,124,15.36,11.78,6.66,12.75,7.47,0.649,17,walk
42.1957,-87.6003,continental,127,17.35,11.49,2.79,12.89,6.63,0.366,8,walk
42.0586,-87.3191,continental,130,18.54,14.7,7.05,13.03,9.39,0.631,26,walk
42.1671,-87.9159,continental,133,21.2,17.78,1.44,13.16,4.07,0.296,29,garden
41.7597,-87.4914,continental,136,18.87,12.64,2.89,13.29,2.64,0.339,29,walk
41.5194,-87.7167,continental,139,22.97,18.16,1.63,13.4,3.15,0.167,37,walk
41.9303,-87.3623,continental,142,22.41,15.18,4.39,13.5,7.3,0.337,40,garden
41.7736,-87.7875,continental,145,22.18,15.27,1.06,13.6,5.63,0.136,36,walk
41.4904,-87.4184,continental,148,22.91,17.29,1.67,13.68,6.02,0.255,45,garden
41.8914,-87.5016,continental,151,19.85,14.6,4.83,13.76,7.42,0.465,42,garden
41.8722,-87.3986,continental,154,22.54,17.88,1.17,13.82,7.14,0.174,46,walk
41.7406,-87.5377,continental,157,19.71,15.98,3.3,13.88,8.37,0.309,49,garden
41.5687,-87.8088,continental,160,19.67,12.62,3.16,13.93,9.12,0.346,58,garden
41.7147,-87.8939,continental,163,19.1,12.97,2.57,13.96,13.09,0.351,44,garden
41.9516,-87.9574,continental,166,23.74,17.12,1.06,13.98,8.41,0.172,56,walk
41.8468,-87.6774,continental,169,22.58,18.2,0.28,14.0,6.6,0.178,52,walk
42.0405,-87.89,continental,172,24.13,18.18,2.02,14.0,11.71,0.24,70,walk
41.8541,-87.7785,continental,175,20.3,15.1,0.44,13.99,9.05,0.299,55,garden
41.7859,-87.4719,continental,178,23.25,16.03,0.14,13.97,12.81,0.196,68,walk
41.5693,-87.4874,continental,181,23.18,16.28,0.45,13.94,6.3,0.124,65,walk
42.0856,-87.8874,continental,184,19.95,15.71,3.21,13.9,7.28,0.399,79,garden
41.9615,-87.7015,continental,187,24.37,20.58,0.73,13.85,4.73,0.229,73,walk
41.8287,-87.2881,continental,190,22.24,14.28,3.57,13.79,13.07,0.29,88,garden
41.6178,-87.3808,continental,193,22.91,15.03,3.36,13.72,3.35,0.297,85,garden
42.0865,-87.3764,continental,196,21.4,13.82,2.4,13.64,9.89,0.36,78,wait
41.4011,-87.3194,continental,199,21.21,16.91,3.07,13.55,11.03,0.355,82,garden
41.5713,-87.8755,continental,202,22.16,16.63,4.48,13.45,4.15,0.419,101,garden
42.0373,-87.2898,continental,205,22.12,15.98,2.56,13.34,12.36,0.392,91,garden
41.4426,-87.926,continental,208,17.14,13.7,2.38,13.23,6.92,0.293,102,garden
42.1526,-87.2731,continental,211,22.16,17.1,4.74,13.1,1.11,0.342,96,garden
41.6005,-87.6885,continental,214,17.6,9.65,3.75,12.96,8.05,0.342,101,garden
41.5969,-87.7639,continental,217,19.72,15.87,1.16,12.82,3.55,0.162,99,walk
41.6074,-87.4519,continental,220,16.67,11.76,7.05,12.67,11.74,0.619,110,walk
41.4616,-87.6468,continental,223,18.87,15.62,5.86,12.52,10.22,0.593,119,garden
41.4683,-87.8581,continental,226,20.02,15.24,1.09,12.35,10.29,0.169,126,walk
42.1244,-87.7301,continental,229,19.02,15.19,0.95,12.18,4.57,0.24,121,walk
41.9393,-87.6522,continental,232,14.53,7.38,0,12.0,6.21,0.235,115,walk
41.7449,-87.3928,continental,235,14.63,7.61,3.66,11.82,10.82,0.538,117,garden
41.8527,-87.4369,continental,238,13.83,10.25,1.95,11.64,6.55,0.349,133,garden
41.4821,-87.7735,continental,241,12.41,5.39,1.48,11.45,6.66,0.432,124,garden
41.5731,-87.5894,continental,244,14.18,6.63,2.38,11.25,9.94,0.314,124,garden
41.7298,-87.8769,continental,247,12.33,5.82,4.65,11.05,4.93,0.544,136,garden
41.8954,-87.5951,continental,250,15.0,7.85,2.71,10.85,7.1,0.388,131,garden
41.8994,-87.565,continental,253,10.77,6.23,0.76,10.65,4.8,0.445,145,garden
41.9344,-87.2405,continental,256,12.49,8.75,3.89,10.45,14.61,0.413,148,garden
42.1733,-87.8469,continental,259,13.43,5.87,1.89,10.24,10.95,0.405,142,garden
42.1061,-87.8258,continental,262,8.0,4.43,0.12,10.03,1.02,0.276,143,garden
41.6006,-87.4278,continental,265,8.64,1.5,0.0,9.83,7.49,0.435,154,garden
41.7145,-87.3331,continental,268,5.94,2.31,4.21,9.62,2.45,0.67,160,wait
41.8295,-87.6472,continental,271,9.03,1.03,4.75,9.42,18.91,0.537,159,walk
41.9076,-87.4711,continental,274,4.88,-0.36,0,9.21,10.29,0.316,160,wait
41.6419,-87.2229,continental,277,7.58,1.9,0,9.01,1.24,0.341,169,wait
41.5428,-87.7663,continental,280,7.64,0.17,0,8.81,8.04,0.269,174,wait
41.4149,-87.4614,continental,283,6.98,3.88,2.74,8.62,2.62,0.576,174,wait
41.5101,-87.7788,continental,286,7.1,1.11,4.6,8.43,0.09,0.52,180,wait
41.5659,-87.8577,continental,289,4.31,-0.14,4.24,8.24,10.62,0.641,186,wait
41.9595,-87.8244,continental,292,7.15,1.98,0.65,8.05,1.4,0.436,190,wait
42.1762,-87.4988,continental,295,4.58,-2.45,3.43,7.88,16.02,0.58,187,wait
41.9206,-87.8142,continental,298,4.78,-0.52,0,7.7,4.09,0.386,179,wait
41.4566,-87.9355,continental,301,5.04,-0.24,0.72,7.54,6.68,0.446,192,wait
41.7741,-87.9544,continental,304,1.7,-4.2,1.52,7.38,9.52,0.443,191,wait
41.8413,-87.3805,continental,307,-1.28,-6.62,2.98,7.23,3.38,0.614,198,garden
41.7649,-87.5963,continental,310,0.03,-4.38,0,7.08,5.41,0.532,196,wait
41.6867,-87.5113,continental,313,2.06,-3.01,1.37,6.94,5.07,0.58,203,wait
41.6693,-87.8431,continental,316,2.39,-3.38,1.1,6.82,4.78,0.409,207,wait
41.7308,-87.4724,continental,319,2.16,-1.78,2.94,6.69,8.77,0.483,208,wait
41.6741,-87.462,continental,322,-1.13,-8.73,0,6.58,0.55,0.369,215,wait
41.9872,-87.7986,continental,325,2.3,-4.73,0,6.48,9.75,0.392,224,walk
41.9616,-87.3254,continental,328,-0.89,-6.38,2.18,6.39,6.95,0.517,212,wait
42.0604,-87.9104,continental,331,0.63,-4.7,1.75,6.3,7.72,0.572,216,wait
42.0001,-87.7174,continental,334,-1.22,-6.42,4.28,6.23,2.69,0.742,234,wait
41.496,-87.2775,continental,337,0.66,-5.71,1.0,6.17,0.2,0.456,221,wait
41.6447,-87.327,continental,340,-2.02,-6.6,0,6.11,6.54,0.547,226,wait
41.5926,-87.3469,continental,343,-3.56,-11.51,1.48,6.07,8.44,0.576,235,wait
41.4764,-87.3591,continental,346,-0.5,-5.17,5.32,6.04,6.49,0.757,226,garden
41.5032,-87.5994,continental,349,-3.5,-8.59,0,6.01,6.87,0.412,230,wait
41.7381,-87.6603,continental,352,-3.17,-9.7,2.05,6.0,8.25,0.501,248,wait
41.8853,-87.6174,continental,355,-1.7,-7.36,0,6.0,3.61,0.408,237,wait
41.7965,-87.8296,continental,358,0.52,-2.53,0,6.01,0.82,0.4,258,wait
41.6354,-87.6839,continental,361,-3.68,-8.2,2.83,6.03,10.51,0.551,242,wait
41.7642,-87.7572,continental,364,-4.42,-10.56,1.98,6.06,9.31,0.572,254,wait
41.6859,-87.396,continental,1,-4.45,-9.81,2.31,6.09,7.66,0.658,-112,wait
42.0406,-87.5201,continental,4,1.38,-3.94,0,6.14,4.13,0.492,-114,wait
41.7809,-87.6496,continental,7,0.14,-7.57,0,6.2,5.88,0.53,-99,wait
41.4672,-87.2232,continental,10,-1.98,-5.3,0,6.26,8.0,0.39,-104,wait
41.6199,-87.9065,continental,13,-2.63,-7.91,0.42,6.34,6.22,0.46,-92,wait
42.0323,-87.3374,continental,16,-2.19,-6.89,0,6.43,7.93,0.539,-102,wait
42.0231,-87.4177,continental,19,-2.07,-5.64,0,6.53,5.92,0.476,-83,wait
41.8959,-87.2743,continental,22,-2.85,-8.98,1.72,6.64,4.45,0.568,-88,wait
42.0618,-87.5192,continental,25,-2.1,-10.02,0.24,6.75,5.75,0.467,-91,walk
41.5823,-87.7488,continental,28,2.24,-3.68,0,6.88,9.92,0.385,-92,wait
41.6841,-87.6331,continental,31,0.56,-4.72,1.63,7.01,9.03,0.518,-69,wait
42.0046,-87.461,continental,34,2.4,-1.53,0.49,7.15,4.6,0.481,-75,wait
41.942,-87.6352,continental,37,0.51,-7.18,2.48,7.3,4.45,0.655,-67,wait
42.118,-87.8917,continental,40,3.57,-1.95,0,7.46,6.28,0.423,-75,wait
41.4073,-87.7782,continental,43,5.7,2.17,4.13,7.62,5.02,0.576,-73,wait
41.4845,-87.6451,continental,46,4.98,-1.11,0,7.79,8.37,0.485,-69,wait
42.1885,-87.5584,continental,49,4.91,-0.78,5.97,7.97,8.94,0.606,-71,wait
41.6339,-87.341,continental,52,3.89,0.48,0,8.15,12.82,0.331,-55,wait
42.1837,-87.5983,continental,55,7.76,4.46,1.06,8.33,13.04,0.4,-62,wait
41.5793,-87.3962,continental,58,5.36,2.29,1.29,8.52,11.55,0.503,-53,wait
42.0999,-87.4742,continental,61,5.93,2.25,2.77,8.71,3.05,0.569,-41,wait
42.1684,-87.5893,continental,64,5.27,-1.78,0,8.91,1.94,0.412,-55,wait
41.6089,-87.3268,continental,67,4.94,-0.38,0,9.11,2.22,0.388,-35,wait
41.8093,-87.3858,continental,70,5.91,0.57,0.7,9.31,12.8,0.332,-44,wait
41.4775,-87.3703,continental,73,7.29,3.61,2.56,9.52,9.57,0.458,-35,wait
42.1228,-87.6318,continental,76,7.17,2.33,4.42,9.72,11.58,0.493,-37,wait
41.6645,-87.696,continental,79,7.98,0.77,0.01,9.93,11.11,0.387,-32,garden
41.9096,-87.9092,continental,82,9.3,1.93,1.86,10.14,5.61,0.341,-28,walk
41.7216,-87.5336,continental,85,13.05,5.54,2.2,10.34,7.27,0.299,-32,walk
41.9174,-87.6609,continental,88,8.96,5.8,3.36,10.55,6.19,0.601,-23,walk
41.9358,-87.7472,continental,91,14.82,8.55,5.63,10.75,5.8,0.52,-23,walk
41.8889,-87.7839,continental,94,12.41,8.79,0,10.95,13.55,0.257,-7,walk
42.0106,-87.2026,continental,97,11.31,4.35,3.88,11.15,9.64,0.568,-13,walk
41.4852,-87.3188,continental,100,12.95,5.09,1.65,11.35,9.21,0.399,-9,walk
41.8441,-87.5255,continental,103,15.11,7.85,2.31,11.54,8.94,0.436,-13,walk
41.9159,-87.5936,continental,106,17.15,11.59,0.81,11.73,1.15,0.323,6,walk
41.9489,-87.2866,continental,109,12.93,9.79,3.1,11.91,4.73,0.518,5,walk
41.6244,-87.439,continental,112,18.21,11.17,0.24,12.09,13.41,0.299,-4,walk
41.5962,-87.7551,continental,115,16.75,11.34,1.54,12.27,16.56,0.33,3,walk
41.7121,-87.5629,continental,118,16.0,12.73,0.69,12.43,9.58,0.291,14,walk
41.5823,-87.2912,continental,121,15.54,8.83,0,12.59,9.91,0.316,16,garden
41.5118,-87.9823,continental,124,21.23,16.47,1.54,12.75,5.3,0.323,4,walk
41.8824,-87.9652,continental,127,20.76,17.64,3.54,12.89,11.16,0.43,18,garden
41.9058,-87.7977,continental,130,20.63,17.33,3.89,13.03,3.23,0.484,17,garden
41.6373,-87.9005,continental,133,16.68,10.86,1.64,13.16,9.3,0.357,16,garden
41.9392,-87.522,continental,136,19.22,15.94,2.97,13.29,9.02,0.423,34,garden
42.1397,-87.6581,continental,139,22.8,18.51,2.37,13.4,10.3,0.295,30,garden
41.645,-87.4411,continental,142,22.23,16.73,4.7,13.5,5.22,0.452,32,garden
41.9801,-87.4195,continental,145,23.17,16.61,1.16,13.6,11.51,0.22,28,walk
41.8233,-87.8938,continental,148,21.01,13.64,0.83,13.68,0.76,0.289,42,garden
41.9325,-87.8965,continental,151,19.15,12.73,3.47,13.76,6.63,0.404,37,garden
41.6225,-87.2616,continental,154,20.8,15.49,3.88,13.82,6.44,0.29,42,garden
42.1719,-87.7198,continental,157,20.66,15.83,4.72,13.88,10.46,0.374,39,garden
41.9199,-87.4567,continental,160,24.4,17.87,3.33,13.93,3.36,0.332,41,garden
42.145,-87.664,continental,163,20.91,16.13,3.74,13.96,0.94,0.471,47,garden
41.5834,-87.489,continental,166,21.84,17.48,2.87,13.98,10.64,0.36,52,garden
42.0158,-87.5372,continental,169,24.27,20.3,3.24,14.0,1.83,0.313,55,garden
41.5321,-87.794,continental,172,19.48,11.69,2.73,14.0,8.42,0.319,67,garden
41.7061,-87.3679,continental,175,24.34,18.21,5.46,13.99,6.23,0.396,73,garden
41.4211,-87.8548,continental,178,23.91,19.82,0.61,13.97,8.08,0.153,65,walk
41.4414,-87.5018,continental,181,22.19,16.4,4.51,13.94,9.76,0.304,79,garden
42.1911,-87.2887,continental,184,23.76,18.42,5.05,13.9,0.99,0.326,68,garden
41.7631,-87.27,continental,187,20.21,16.78,1.81,13.85,11.38,0.367,72,garden
41.4002,-87.953,continental,190,20.62,14.42,2.87,13.79,7.43,0.266,87,garden
42.0762,-87.2196,continental,193,19.07,15.94,1.22,13.72,4.23,0.347,76,garden
41.5678,-87.3497,continental,196,20.01,15.78,5.6,13.64,7.84,0.494,77,garden
41.6886,-87.3684,continental,199,22.52,14.99,4.39,13.55,5.01,0.381,90,garden
42.091,-87.2912,continental,202,17.54,13.7,7.17,13.45,8.81,0.595,83,walk
41.5768,-87.9808,continental,205,18.73,15.39,1.87,13.34,10.09,0.369,93,garden
41.9462,-87.7295,continental,208,19.34,13.21,0,13.23,10.69,0.211,103,walk
42.127,-87.8592,continental,211,22.24,16.31,1.7,13.1,7.18,0.224,100,walk
41.6713,-87.5679,continental,214,17.38,12.32,1.99,12.96,11.87,0.321,110,garden
41.6163,-87.4703,continental,217,16.22,9.38,3.64,12.82,10.57,0.523,104,garden
41.6086,-87.8453,continental,220,20.5,14.09,0.87,12.67,0.07,0.166,115,walk
42.1749,-87.6467,continental,223,16.32,8.97,5.23,12.52,1.27,0.429,115,garden
41.7572,-87.5035,continental,226,19.42,13.62,3.99,12.35,5.09,0.409,117,garden
41.743,-87.2403,continental,229,19.29,15.86,0,12.18,12.46,0.196,129,walk
41.7782,-87.942,continental,232,16.04,9.91,1.25,12.0,4.41,0.334,122,garden
41.8781,-87.2013,continental,235,13.43,7.56,3.2,11.82,6.67,0.49,126,garden
41.6342,-87.614,continental,238,17.47,13.18,2.59,11.64,17.39,0.371,126,garden
41.5427,-87.6543,continental,241,14.88,9.93,4.67,11.45,9.98,0.487,133,garden
42.1588,-87.8728,continental,244,14.94,8.99,2.66,11.25,0.43,0.451,131,garden
42.1912,-87.8766,continental,247,15.88,8.06,2.66,11.05,6.02,0.358,142,garden
41.8696,-87.7061,continental,250,11.06,7.92,2.92,10.85,3.65,0.459,148,garden
41.9792,-87.9993,continental,253,9.8,5.28,1.43,10.65,11.34,0.303,151,garden
41.5644,-87.8383,continental,256,13.57,5.99,3.02,10.45,5.43,0.462,137,garden
41.5,-87.5875,continental,259,13.18,9.82,3.77,10.24,6.39,0.501,149,garden
42.0422,-87.3469,continental,262,9.71,2.02,2.05,10.03,16.36,0.452,156,garden
41.6224,-87.8083,continental,265,6.65,1.16,1.78,9.83,8.32,0.456,157,wait
42.1134,-87.773,continental,268,11.1,7.94,2.73,9.62,9.01,0.466,163,garden
42.1283,-87.6333,continental,271,7.58,2.39,0,9.42,3.19,0.425,163,wait
41.9912,-87.796,continental,274,5.76,2.36,0,9.21,11.55,0.376,163,wait
41.6461,-87.7808,continental,277,6.28,0.78,0,9.01,10.1,0.33,174,wait
41.7761,-87.6654,continental,280,6.37,1.57,1.27,8.81,9.44,0.356,179,wait
41.8682,-87.3592,continental,283,7.11,0.68,2.53,8.62,13.0,0.415,170,wait
42.0578,-87.8307,continental,286,7.66,0.57,2.14,8.43,10.92,0.518,166,wait
41.6809,-87.6373,continental,289,7.53,1.22,4.38,8.24,8.27,0.665,177,wait
41.7039,-87.9943,continental,292,5.94,2.58,2.63,8.05,2.8,0.429,186,wait
41.9909,-87.7035,continental,295,2.53,-3.22,2.57,7.88,3.53,0.626,187,wait
42.0531,-87.4243,continental,298,4.03,-1.43,1.88,7.7,2.22,0.484,190,wait
41.9899,-87.7264,continental,301,1.93,-5.38,0,7.54,8.49,0.438,185,garden
41.4496,-87.5414,continental,304,2.98,-2.95,0,7.38,15.65,0.498,186,wait
41.6393,-87.7793,continental,307,1.9,-3.57,2.9,7.23,11.82,0.569,191,wait
41.5361,-87.3385,continental,310,-0.76,-5.91,0.22,7.08,3.31,0.509,203,wait
42.0403,-87.8882,continental,313,0.64,-5.76,0,6.94,4.63,0.479,194,wait
41.4445,-87.9288,continental,316,-0.06,-7.87,1.36,6.82,9.06,0.451,198,wait
41.4896,-87.3049,continental,319,1.26,-6.74,1.84,6.69,5.33,0.59,201,wait
41.6972,-87.4428,continental,322,-1.67,-4.78,0,6.58,11.76,0.436,218,wait
41.6024,-87.6361,continental,325,-1.43,-7.27,1.83,6.48,8.96,0.498,224,wait
41.8013,-87.4299,continental,328,1.88,-2.17,3.17,6.39,9.94,0.599,225,wait
42.1014,-87.4744,continental,331,-3.56,-7.77,0.03,6.3,11.27,0.481,230,wait
41.6003,-87.6288,continental,334,-3.09,-10.3,0.58,6.23,2.91,0.56,231,wait
42.0,-87.2055,continental,337,-1.3,-5.01,3.06,6.17,6.65,0.528,220,wait
41.7764,-87.4371,continental,340,-0.02,-7.6,0,6.11,9.29,0.435,239,wait
42.088,-87.3308,continental,343,-3.79,-7.77,2.17,6.07,2.25,0.613,227,wait
41.4389,-87.3499,continental,346,-1.98,-7.93,2.03,6.04,12.27,0.622,245,wait
41.9437,-87.2026,continental,349,-4.94,-11.21,4.73,6.01,4.71,0.811,248,wait
41.7634,-87.9193,continental,352,-3.12,-9.72,0.73,6.0,6.13,0.427,249,wait
41.6815,-87.3628,continental,355,-4.23,-11.1,2.11,6.0,2.6,0.623,255,wait
41.6693,-87.6736,continental,358,-3.94,-8.46,2.78,6.01,7.73,0.676,242,walk
41.9854,-87.6934,continental,361,-1.11,-5.29,1.91,6.03,13.85,0.467,245,wait
41.6507,-87.3159,continental,364,-2.88,-9.24,2.55,6.06,9.75,0.561,264,wait
41.8234,-87.8483,continental,1,-0.19,-7.38,2.67,6.09,9.28,0.518,-115,wait
42.0937,-87.2467,continental,4,1.1,-2.15,1.14,6.14,8.67,0.584,-97,wait
41.6159,-87.7582,continental,7,-1.32,-8.59,0,6.2,1.64,0.488,-99,walk
41.9421,-87.4379,continental,10,0.52,-2.91,1.46,6.26,7.66,0.513,-93,wait
41.6837,-87.7942,continental,13,-2.52,-10.16,1.29,6.34,3.37,0.572,-100,wait
42.1414,-87.7695,continental,16,-1.32,-6.5,0,6.43,9.57,0.412,-94,wait
42.0389,-87.5383,continental,19,2.22,-1.68,0,6.53,10.7,0.39,-94,wait
42.147,-87.9214,continental,22,2.13,-3.9,2.55,6.64,13.66,0.617,-96,wait
42.0837,-87.5683,continental,25,2.57,-4.58,1.46,6.75,10.99,0.401,-90,wait
41.9639,-87.3342,continental,28,1.31,-6.11,0,6.88,7.78,0.496,-77,wait
41.4877,-87.2109,continental,31,-1.54,-5.2,3.84,7.01,2.0,0.606,-86,wait
42.0416,-87.9326,continental,34,0.54,-3.67,0.58,7.15,4.41,0.465,-84,wait
41.9773,-87.7398,continental,37,3.34,-1.76,0,7.3,2.12,0.315,-71,wait
41.6321,-87.8318,continental,40,-0.09,-3.11,0.95,7.46,11.0,0.477,-74,wait
42.0081,-87.2614,continental,43,0.83,-6.07,1.95,7.62,4.11,0.456,-73,wait
41.8002,-87.7447,continental,46,0.42,-2.87,0.37,7.79,6.26,0.541,-60,wait
41.7859,-87.9549,continental,49,3.67,0.43,0,7.97,1.81,0.488,-54,wait
41.9325,-87.8306,continental,52,6.93,2.99,1.21,8.15,5.19,0.326,-50,wait
41.6269,-87.7043,continental,55,7.85,3.14,0.95,8.33,3.83,0.491,-51,wait
41.6194,-87.6631,continental,58,5.04,-0.35,0,8.52,6.88,0.379,-62,wait
41.8227,-87.2494,continental,61,4.44,0.53,0.75,8.71,11.8,0.462,-46,wait
41.5632,-87.2217,continental,64,8.36,3.69,1.17,8.91,1.48,0.371,-42,wait
41.9397,-87.7128,continental,67,8.87,1.79,0.25,9.11,7.82,0.397,-38,wait
41.9125,-87.3847,continental,70,9.85,5.04,0,9.31,6.29,0.309,-49,wait
41.8127,-87.4901,continental,73,11.13,4.6,0,9.52,9.12,0.247,-35,wait
41.784,-87.5297,continental,76,6.7,0.88,2.88,9.72,15.65,0.476,-36,wait
41.6278,-87.2514,continental,79,9.0,2.4,0.19,9.93,8.61,0.344,-28,wait
41.5242,-87.5277,continental,82,9.25,5.97,0.84,10.14,4.93,0.385,-31,walk
41.9369,-87.5151,continental,85,8.89,5.81,2.85,10.34,4.27,0.533,-26,walk
42.1182,-87.5544,continental,88,9.64,3.45,5.61,10.55,9.3,0.645,-23,walk
42.1369,-87.6257,continental,91,9.41,2.39,1.18,10.75,2.68,0.454,-23,walk
41.8046,-87.7514,continental,94,15.47,9.17,0.65,10.95,2.45,0.27,-7,walk
42.0557,-87.456,continental,97,12.86,4.95,1.27,11.15,10.39,0.365,-10,walk
41.4131,-87.7384,continental,100,14.44,9.89,0.14,11.35,7.46,0.352,-9,walk
41.8525,-87.3198,continental,103,15.1,10.43,1.7,11.54,6.22,0.341,-12,walk
42.1564,-87.4257,continental,106,13.46,5.89,3.86,11.73,11.41,0.538,1,walk
41.6164,-87.8585,continental,109,18.04,10.43,3.66,11.91,3.06,0.341,-10,walk
41.4843,-87.7172,continental,112,17.97,11.57,2.47,12.09,11.04,0.424,5,walk
41.7167,-87.5983,continental,115,19.42,14.93,2.24,12.27,4.08,0.328,7,walk
41.6175,-87.7995,continental,118,17.6,10.81,2.43,12.43,1.83,0.443,17,garden
41.8982,-87.9333,continental,121,20.15,15.87,3.99,12.59,8.36,0.485,21,garden
42.0801,-87.22,continental,124,20.99,14.88,0.89,12.75,14.41,0.178,13,walk
41.993,-87.7857,continental,127,17.05,10.77,4.2,12.89,4.32,0.456,10,walk
41.882,-87.372,continental,130,18.62,15.28,5.0,13.03,13.68,0.551,25,garden
42.0398,-87.9386,continental,133,20.28,14.23,2.81,13.16,6.36,0.372,18,garden
41.691,-87.827,continental,136,18.15,12.64,2.16,13.29,8.75,0.357,23,garden
41.4039,-87.5573,continental,139,22.77,18.56,3.81,13.4,2.94,0.393,21,garden
41.428,-87.9101,continental,142,17.99,12.56,2.91,13.5,9.87,0.39,35,garden
41.6562,-87.2768,continental,145,21.53,15.51,6.4,13.6,2.15,0.42,39,walk
41.9989,-87.239,continental,148,22.24,19.17,1.54,13.68,2.19,0.28,48,garden
41.8237,-87.7943,continental,151,20.54,15.82,3.84,13.76,7.3,0.437,40,garden
41.975,-87.7564,continental,154,19.79,12.47,4.43,13.82,5.54,0.399,36,garden
41.5067,-87.8875,continental,157,22.35,18.79,3.19,13.88,7.79,0.373,54,garden
42.1465,-87.8383,continental,160,24.58,17.05,2.87,13.93,6.9,0.311,56,garden
41.4101,-87.7003,continental,163,22.64,16.8,5.37,13.96,13.01,0.369,55,garden
42.0033,-87.8505,continental,166,22.55,16.0,3.85,13.98,13.57,0.37,50,garden
41.479,-87.6261,continental,169,21.7,17.9,4.92,14.0,14.45,0.502,51,garden
41.4213,-87.4006,continental,172,21.08,16.63,0,14.0,6.42,0.13,64,walk
41.9936,-87.6709,continental,175,19.48,14.25,5.27,13.99,12.63,0.567,69,garden
42.0032,-87.6542,continental,178,19.73,13.74,2.88,13.97,9.62,0.285,70,garden
42.1449,-87.7296,continental,181,20.23,17.16,3.81,13.94,12.86,0.348,76,garden
41.6248,-87.9406,continental,184,22.56,19.44,2.79,13.9,7.79,0.366,66,garden
41.8382,-87.6697,continental,187,22.55,19.41,1.73,13.85,11.15,0.26,83,garden
41.9871,-87.5527,continental,190,21.32,18.01,2.97,13.79,3.36,0.319,89,garden
41.8079,-87.7425,continental,193,22.53,14.54,1.33,13.72,4.76,0.267,74,garden
41.7542,-87.2561,continental,196,22.23,19.2,1.31,13.64,8.04,0.171,96,walk
41.6888,-87.928,continental,199,18.48,14.54,6.32,13.55,9.25,0.545,86,walk
41.4584,-87.5056,continental,202,18.3,11.17,2.43,13.45,12.22,0.282,94,garden
42.0655,-87.3153,continental,205,17.27,14.12,1.84,13.34,11.83,0.239,100,walk
42.0496,-87.6481,continental,208,19.53,16.14,3.04,13.23,8.67,0.336,105,garden
42.0283,-87.7963,continental,211,18.91,13.36,1.41,13.1,9.47,0.315,96,garden
41.8339,-87.4739,continental,214,16.23,9.54,1.14,12.96,5.91,0.264,96,garden
41.6682,-87.6745,continental,217,16.19,12.88,7.31,12.82,17.54,0.703,105,walk
41.8516,-87.4098,continental,220,19.79,14.78,0,12.67,11.23,0.22,110,walk
42.1196,-87.304,continental,223,15.12,11.93,3.01,12.52,9.46,0.396,113,garden
42.1881,-87.2342,continental,226,16.85,9.86,3.29,12.35,9.67,0.345,106,garden
41.4475,-87.2661,continental,229,15.37,9.85,3.66,12.18,11.78,0.368,115,garden
41.6886,-87.5984,continental,232,16.83,10.61,3.15,12.0,10.88,0.41,127,garden
41.6716,-87.6219,continental,235,13.52,8.23,3.8,11.82,12.82,0.561,121,garden
41.8024,-87.4672,continental,238,16.02,12.94,2.03,11.64,5.08,0.43,137,garden
41.9419,-87.8012,continental,241,12.51,6.48,0,11.45,6.79,0.251,130,garden
41.8425,-87.5577,continental,244,14.1,9.51,2.7,11.25,0.88,0.378,131,garden
42.0855,-87.284,continental,247,14.13,9.11,2.78,11.05,5.74,0.362,134,garden
41.4473,-87.7906,continental,250,15.2,9.04,3.38,10.85,8.65,0.414,137,garden
42.0989,-87.8306,continental,253,14.22,10.76,1.44,10.65,9.58,0.421,143,garden
41.6266,-87.7869,continental,256,9.37,2.02,1.31,10.45,7.12,0.342,147,garden
41.6324,-87.8822,continental,259,9.9,3.32,2.24,10.24,0.29,0.527,145,garden
41.9132,-87.8666,continental,262,7.57,2.23,2.25,10.03,13.22,0.427,160,walk
41.8045,-87.2806,continental,265,11.36,5.2,0,9.83,7.34,0.379,154,garden
41.5389,-87.7987,continental,268,6.31,0.19,4.34,9.62,14.13,0.543,163,wait
41.5634,-87.8285,continental,271,7.57,3.68,0,9.42,5.32,0.344,159,wait
42.0833,-87.9511,continental,274,10.08,3.99,2.63,9.21,5.39,0.485,157,garden
41.6224,-87.2932,continental,277,5.93,2.34,0,9.01,15.06,0.291,173,wait
41.6594,-87.8427,continental,280,4.5,-1.93,1.38,8.81,11.63,0.456,177,wait
41.8281,-87.4556,continental,283,3.31,-3.31,2.47,8.62,9.66,0.628,170,wait
41.6149,-87.6674,continental,286,8.15,0.45,0.01,8.43,14.17,0.446,186,wait
41.5939,-87.6433,continental,289,4.27,-2.41,0.37,8.24,6.94,0.32,188,wait
41.8782,-87.44,continental,292,3.02,-0.49,2.56,8.05,1.37,0.599,188,wait
41.4072,-87.914,continental,295,0.85,-3.84,0,7.88,11.55,0.393,177,wait
42.0092,-87.8502,continental,298,1.1,-1.91,1.01,7.7,5.42,0.47,178,wait
41.9111,-87.9097,continental,301,5.51,1.69,3.71,7.54,5.58,0.55,197,wait
41.6975,-87.3196,continental,304,0.17,-5.6,2.4,7.38,5.98,0.608,201,wait
41.609,-87.9741,continental,307,2.39,-4.42,0,7.23,3.05,0.471,201,wait
41.5783,-87.6093,continental,310,-1.38,-4.72,4.49,7.08,11.88,0.619,202,walk
41.8151,-87.2587,continental,313,-0.69,-7.91,1.85,6.94,7.26,0.647,211,wait
41.5707,-87.3972,continental,316,-0.62,-6.62,2.27,6.82,5.63,0.666,211,wait
41.8598,-87.4719,continental,319,0.02,-6.8,0,6.69,7.87,0.355,209,wait
41.9006,-87.9677,continental,322,0.35,-5.32,2.18,6.58,4.54,0.541,217,wait
41.5839,-87.9555,continental,325,-0.04,-6.07,0.89,6.48,3.09,0.458,213,wait
41.9061,-87.5048,continental,328,-2.42,-10.29,0.79,6.39,8.37,0.446,219,wait
42.1258,-87.6858,continental,331,1.69,-3.44,3.96,6.3,8.52,0.569,220,wait
41.7115,-87.4694,continental,334,1.13,-3.51,2.27,6.23,9.21,0.461,230,wait
41.6762,-87.7653,continental,337,-2.23,-9.42,0.99,6.17,9.83,0.432,221,wait
42.0409,-87.4873,continental,340,-1.66,-9.57,0.05,6.11,6.19,0.454,227,wait
41.7339,-87.4546,continental,343,-1.97,-7.24,0.86,6.07,2.7,0.425,237,wait
41.9996,-87.4186,continental,346,-2.72,-9.59,0,6.04,8.73,0.559,234,wait
41.7354,-87.3655,continental,349,-0.6,-7.34,0.61,6.01,10.14,0.577,246,wait
41.8712,-87.4924,continental,352,0.08,-3.18,0,6.0,1.9,0.504,237,wait
41.8993,-87.6029,continental,355,-3.95,-8.32,0,6.0,0.87,0.485,240,wait
41.6715,-87.9696,continental,358,-0.9,-6.82,3.75,6.01,5.82,0.577,245,wait
41.7319,-87.4082,continental,361,-4.9,-10.7,1.31,6.03,4.34,0.62,245,wait
41.8866,-87.6143,continental,364,-1.99,-6.6,2.5,6.06,3.72,0.514,250,wait
41.4174,-87.9524,continental,1,-0.5,-5.17,0,6.09,5.25,0.419,-106,wait
41.8791,-87.5795,continental,4,-2.46,-5.58,1.54,6.14,5.38,0.635,-114,wait
41.5509,-87.8252,continental,7,-3.28,-7.0,2.04,6.2,11.55,0.563,-94,wait
41.5619,-87.3374,continental,10,-1.16,-5.59,0.55,6.26,2.65,0.488,-98,wait
41.5998,-87.4778,continental,13,0.85,-3.31,0,6.34,7.89,0.396,-91,wait
41.777,-87.5573,continental,16,1.49,-1.78,1.35,6.43,8.65,0.52,-98,wait
42.1812,-87.2546,continental,19,-3.12,-6.91,1.62,6.53,7.45,0.518,-88,wait
41.6857,-87.761,continental,22,-0.1,-5.38,0,6.64,8.67,0.434,-84,wait
41.9566,-87.8384,continental,25,0.97,-2.32,1.19,6.75,18.26,0.42,-85,wait
41.6972,-87.812,continental,28,2.27,-4.34,1.7,6.88,8.81,0.483,-86,wait
41.4658,-87.7078,continental,31,-1.67,-7.76,1.21,7.01,5.39,0.481,-69,wait
41.5146,-87.7997,continental,34,2.93,-0.42,3.59,7.15,7.21,0.56,-86,wait
42.1993,-87.4029,continental,37,1.5,-5.5,0,7.3,9.85,0.388,-80,wait
41.85,-87.8043,continental,40,1.16,-5.92,0.04,7.46,8.33,0.524,-67,wait
41.5394,-87.7745,continental,43,5.8,-0.51,0,7.62,10.38,0.456,-63,wait
41.9924,-87.38,continental,46,2.99,-1.64,0,7.79,8.34,0.346,-73,wait
41.6116,-87.2109,continental,49,3.06,-3.04,0,7.97,9.95,0.344,-54,wait
41.6866,-87.934,continental,52,4.79,-2.68,0,8.15,3.42,0.434,-59,wait
42.0532,-87.4746,continental,55,6.07,1.4,0,8.33,4.71,0.414,-57,wait
41.458,-87.7037,continental,58,4.32,-0.17,1.18,8.52,11.52,0.403,-44,walk
41.6642,-87.605,continental,61,4.96,1.18,3.99,8.71,2.49,0.593,-44,wait
41.4999,-87.4521,continental,64,3.79,0.45,0,8.91,4.44,0.422,-45,wait
42.007,-87.2376,continental,67,6.59,-1.1,1.18,9.11,2.47,0.477,-40,wait
41.7691,-87.2798,continental,70,10.37,3.65,3.79,9.31,4.61,0.421,-41,wait
41.4782,-87.4691,continental,73,5.75,-0.42,1.37,9.52,14.21,0.431,-40,wait
41.68,-87.7411,continental,76,6.25,0.81,0,9.72,3.14,0.421,-32,wait
42.0082,-87.3964,continental,79,7.86,3.13,0,9.93,2.91,0.394,-35,wait
42.1076,-87.5831,continental,82,10.35,2.86,2.04,10.14,9.48,0.394,-37,walk
41.4648,-87.6629,continental,85,11.08,6.34,2.46,10.34,6.07,0.399,-22,walk
41.7259,-87.9887,continental,88,12.01,6.09,2.31,10.55,9.13,0.363,-25,walk
41.8696,-87.6677,continental,91,12.67,7.82,4.01,10.75,10.82,0.565,-27,walk
41.7233,-87.5252,continental,94,10.99,7.33,6.35,10.95,2.86,0.632,-15,walk
42.0078,-87.2981,continental,97,10.95,7.22,1.4,11.15,0.37,0.373,-14,walk
41.7267,-87.8414,continental,100,14.53,8.76,0,11.35,7.17,0.334,0,walk
41.7109,-87.3,continental,103,15.06,7.41,3.61,11.54,8.85,0.468,-9,walk
41.4035,-87.9036,continental,106,18.13,14.23,1.02,11.73,12.21,0.19,-6,walk
41.4863,-87.5152,continental,109,15.64,10.61,5.45,11.91,4.59,0.449,1,walk
41.6903,-87.7233,continental,112,16.7,11.19,0.5,12.09,10.03,0.303,-8,walk
41.7764,-87.4871,continental,115,18.67,15.65,2.79,12.27,5.6,0.259,1,walk
42.0403,-87.9985,continental,118,16.42,11.14,0,12.43,12.08,0.178,17,walk
41.4148,-87.3981,continental,121,16.57,13.53,3.03,12.59,7.83,0.465,6,walk
42.035,-87.8981,continental,124,17.1,11.48,2.07,12.75,4.7,0.379,16,garden
42.0678,-87.568,continental,127,20.03,13.1,2.94,12.89,6.61,0.358,11,wait
41.7305,-87.889,continental,130,20.22,15.07,3.9,13.03,2.43,0.409,26,garden
42.1441,-87.598,continental,133,16.89,12.22,7.07,13.16,2.86,0.667,16,walk
41.7146,-87.6862,continental,136,17.33,11.91,0,13.29,3.61,0.175,28,walk
42.0792,-87.5348,continental,139,21.52,15.43,0.14,13.4,8.59,0.218,24,walk
41.881,-87.2097,continental,142,19.19,16.14,3.42,13.5,13.79,0.403,27,garden
41.5242,-87.7993,continental,145,17.98,13.86,1.32,13.6,10.82,0.329,28,garden
41.6738,-87.3494,continental,148,20.11,12.88,0,13.68,9.95,0.182,31,walk
41.4536,-87.4392,continental,151,23.25,16.59,4.41,13.76,9.36,0.371,32,garden
41.8004,-87.872,continental,154,23.11,18.46,1.67,13.82,15.67,0.203,51,walk
41.4591,-87.9034,continental,157,22.98,15.2,2.68,13.88,12.72,0.231,37,walk
41.6816,-87.6689,continental,160,22.3,17.09,0.26,13.93,10.7,0.134,42,walk
41.854,-87.7378,continental,163,20.96,15.42,7.55,13.96,7.69,0.606,55,walk
41.8495,-87.7892,continental,166,20.56,12.92,2.28,13.98,7.24,0.378,50,garden
42.0669,-87.2106,continental,169,23.66,19.71,4.7,14.0,2.13,0.437,59,garden
41.6719,-87.3784,continental,172,24.18,20.8,5.79,14.0,1.93,0.445,65,garden
41.9762,-87.4041,continental,175,24.71,17.14,1.79,13.99,2.9,0.149,66,walk
42.0054,-87.3947,continental,178,22.01,18.3,3.3,13.97,13.97,0.434,69,garden
41.7321,-87.9151,continental,181,21.13,18.06,5.08,13.94,12.67,0.357,81,garden
41.7507,-87.9994,continental,184,23.36,17.01,0,13.9,11.36,0.157,65,walk
41.4802,-87.9466,continental,187,19.4,11.89,6.25,13.85,2.78,0.562,84,walk
42.1554,-87.8405,continental,190,18.45,10.88,1.02,13.79,5.29,0.266,77,garden
41.4008,-87.4875,continental,193,20.83,16.36,2.5,13.72,10.85,0.394,84,garden
42.0772,-87.5288,continental,196,21.4,14.92,0.81,13.64,12.8,0.188,85,walk
41.601,-87.5224,continental,199,20.59,17.42,2.25,13.55,15.38,0.246,86,walk
41.997,-87.8071,continental,202,20.9,14.19,0,13.45,17.95,0.268,102,garden
41.6644,-87.2152,continental,205,21.0,14.22,0.15,13.34,7.48,0.202,86,walk
41.7963,-87.5933,continental,208,17.5,11.55,4.21,13.23,14.84,0.426,98,garden
41.7089,-87.3344,continental,211,16.59,13.43,2.19,13.1,9.15,0.255,93,garden
42.1729,-87.2598,continental,214,19.55,14.21,2.44,12.96,6.85,0.242,112,walk
41.9828,-87.7736,continental,217,18.17,12.58,3.93,12.82,6.83,0.408,104,garden
41.4837,-87.9141,continental,220,20.08,13.32,2.8,12.67,13.19,0.433,117,garden
41.4106,-87.765,continental,223,17.73,10.0,1.96,12.52,9.04,0.27,106,garden
41.4693,-87.2776,continental,226,19.65,13.94,2.43,12.35,15.1,0.261,126,garden
41.9295,-87.7739,continental,229,17.48,13.5,1.48,12.18,10.69,0.355,127,garden
41.5826,-87.3827,continental,232,17.97,13.4,0,12.0,9.78,0.289,113,garden
41.7098,-87.8677,continental,235,13.95,8.24,0.53,11.82,9.35,0.296,128,garden
42.0652,-87.9866,continental,238,16.28,10.39,0,11.64,19.86,0.161,124,walk
41.9598,-87.8445,continental,241,12.62,6.56,4.99,11.45,7.17,0.549,130,garden
42.0981,-87.3448,continental,244,13.93,8.37,1.51,11.25,9.3,0.403,130,garden
41.6786,-87.7529,continental,247,14.4,10.5,2.52,11.05,5.02,0.329,127,garden
41.4452,-87.6498,continental,250,10.04,5.41,3.14,10.85,15.36,0.403,145,garden
41.5078,-87.9733,continental,253,11.65,4.44,0,10.65,8.23,0.402,150,garden
41.686,-87.5006,continental,256,9.71,2.1,0,10.45,5.82,0.317,150,garden
41.7857,-87.5243,continental,259,13.17,8.98,3.2,10.24,5.65,0.348,153,garden
42.1044,-87.9487,continental,262,10.96,6.63,0.08,10.03,4.62,0.252,152,garden
41.9961,-87.7469,continental,265,12.02,7.62,2.44,9.83,4.18,0.373,156,garden
42.1593,-87.5854,continental,268,8.58,1.75,0,9.62,13.03,0.437,157,garden
41.4388,-87.91,continental,271,6.13,-1.15,2.53,9.42,11.2,0.569,170,wait
41.5997,-87.8142,continental,274,7.76,0.02,1.27,9.21,6.14,0.339,167,wait
41.4482,-87.669,continental,277,9.22,5.85,0,9.01,8.82,0.319,158,garden
42.0876,-87.8213,continental,280,8.63,0.68,3.93,8.81,8.32,0.479,166,wait
42.1374,-87.7606,continental,283,5.46,-1.06,2.21,8.62,12.14,0.494,176,wait
41.5954,-87.5011,continental,286,6.75,2.03,1.63,8.43,10.84,0.389,183,wait
42.099,-87.422,continental,289,7.03,3.34,1.47,8.24,3.64,0.403,179,wait
41.562,-87.867,continental,292,6.28,-1.41,0,8.05,4.91,0.379,172,wait
41.998,-87.6883,continental,295,2.25,-4.14,1.99,7.88,6.4,0.439,178,wait
41.6007,-87.6656,continental,298,1.08,-6.57,0,7.7,7.6,0.453,192,wait
42.1949,-87.6243,continental,301,4.45,-3.31,4.03,7.54,7.92,0.501,198,wait
42.0372,-87.876,continental,304,3.68,-3.08,0.5,7.38,4.11,0.348,190,wait
42.0029,-87.9992,continental,307,3.02,-4.73,4.2,7.23,11.82,0.715,194,wait
41.4758,-87.5986,continental,310,3.88,-4.11,0,7.08,10.33,0.439,198,wait
42.1103,-87.2669,continental,313,-0.52,-5.36,3.49,6.94,9.96,0.564,210,wait
42.1319,-87.5959,continental,316,-2.04,-8.87,2.58,6.82,8.92,0.585,196,wait
42.004,-87.239,continental,319,-0.33,-4.28,0,6.69,0.96,0.356,213,wait
41.5558,-87.3764,continental,322,-1.09,-4.59,2.32,6.58,3.83,0.622,222,wait
41.6337,-87.4999,continental,325,1.2,-2.1,0,6.48,11.85,0.417,222,wait
41.4162,-87.864,continental,328,-2.05,-6.98,0.24,6.39,3.53,0.562,225,wait
42.1001,-87.8292,continental,331,-1.92,-7.12,0,6.3,7.08,0.502,223,wait
41.5262,-87.6847,continental,334,-3.06,-8.04,1.35,6.23,15.81,0.514,215,wait
41.4393,-87.3397,continental,337,0.85,-4.72,5.99,6.17,8.86,0.779,229,wait
41.5916,-87.3174,continental,340,-2.96,-10.39,0,6.11,8.01,0.513,233,wait
41.5879,-87.6997,continental,343,-0.55,-7.84,0.58,6.07,5.39,0.405,226,wait
42.0001,-87.5733,continental,346,-3.82,-10.58,2.19,6.04,10.51,0.675,235,wait
42.011,-87.9167,continental,349,-2.97,-9.05,5.6,6.01,3.61,0.698,247,wait
41.9918,-87.3677,continental,352,-4.98,-9.54,0.71,6.0,8.48,0.594,245,wait
41.89,-87.7316,continental,355,-3.9,-8.85,3.28,6.0,8.16,0.566,238,wait
41.622,-87.2285,continental,358,-1.9,-8.07,4.13,6.01,12.6,0.656,242,wait
41.518,-87.9391,continental,361,-2.41,-8.54,0,6.03,7.07,0.577,248,wait
41.6772,-87.406,continental,364,-2.72,-10.09,2.56,6.06,6.31,0.691,260,wait
41.8932,-87.7001,continental,1,0.35,-2.72,1.86,6.09,8.69,0.624,-105,wait
41.747,-87.9246,continental,4,-3.58,-9.88,3.02,6.14,8.59,0.732,-116,wait
41.8599,-87.7466,continental,7,-1.17,-5.34,1.43,6.2,10.63,0.461,-111,wait
42.0067,-87.8578,continental,10,-2.67,-9.73,3.34,6.26,15.88,0.724,-105,wait
41.5448,-87.5928,continental,13,-3.93,-10.85,0,6.34,7.71,0.509,-96,wait
41.7336,-87.6559,continental,16,1.45,-4.95,3.68,6.43,13.91,0.691,-87,wait
42.1344,-87.9493,continental,19,-1.4,-4.63,0.88,6.53,9.21,0.559,-97,wait
41.9935,-87.8653,continental,22,2.24,-2.24,4.68,6.64,10.47,0.694,-93,wait
41.6366,-87.3931,continental,25,-1.23,-6.22,4.31,6.75,16.78,0.693,-79,wait
41.8769,-87.5265,continental,28,3.23,-4.64,0.57,6.88,5.38,0.467,-81,wait
41.8182,-87.4875,continental,31,-1.04,-7.69,1.35,7.01,1.47,0.435,-82,wait
42.0497,-87.7338,continental,34,3.39,-1.05,0,7.15,9.59,0.333,-66,walk
41.4222,-87.748,continental,37,-0.75,-7.9,3.41,7.3,6.16,0.629,-80,wait
41.6312,-87.6236,continental,40,2.72,-4.84,0.0,7.46,8.51,0.328,-79,wait
41.4079,-87.8397,continental,43,4.01,-1.83,0.39,7.62,3.78,0.416,-69,wait
41.9394,-87.6106,continental,46,1.91,-3.06,0.19,7.79,3.72,0.391,-58,wait
41.5753,-87.6972,continental,49,2.14,-2.32,0.86,7.97,11.84,0.441,-71,wait
41.8346,-87.8456,continental,52,1.79,-2.68,2.86,8.15,4.95,0.491,-68,wait
41.8685,-87.7744,continental,55,5.09,1.04,0,8.33,5.12,0.458,-48,wait
41.9668,-87.6135,continental,58,4.4,-1.5,1.35,8.52,6.03,0.366,-50,wait
41.5736,-87.4075,continental,61,5.79,2.13,3.01,8.71,5.95,0.486,-42,wait
41.5988,-87.8047,continental,64,6.3,1.3,0,8.91,7.35,0.301,-36,wait
41.5674,-87.5007,continental,67,6.65,2.31,0,9.11,2.77,0.37,-34,wait
41.8298,-87.7234,continental,70,10.81,6.61,0,9.31,12.88,0.391,-38,garden
41.6032,-87.3523,continental,73,6.64,-0.39,3.33,9.52,0.96,0.492,-47,wait
41.9234,-87.315,continental,76,9.11,2.51,0,9.72,8.99,0.382,-38,wait
41.8825,-87.7083,continental,79,7.02,0.21,1.75,9.93,7.67,0.546,-27,wait
42.0238,-87.9749,continental,82,12.16,4.28,1.32,10.14,11.91,0.354,-19,walk
42.0791,-87.5356,continental,85,9.24,2.8,4.73,10.34,8.6,0.653,-23,walk
41.651,-87.5001,continental,88,14.18,8.59,2.46,10.55,4.67,0.317,-17,walk
41.8023,-87.3656,continental,91,10.93,6.85,0,10.75,9.04,0.246,-26,walk
41.7098,-87.595,continental,94,12.6,7.33,5.4,10.95,10.65,0.653,-8,walk
41.7517,-87.5553,continental,97,11.55,6.5,2.23,11.15,9.42,0.323,-6,walk
41.8394,-87.9467,continental,100,15.33,10.09,6.56,11.35,3.05,0.563,-5,walk
42.0783,-87.5929,continental,103,17.44,10.24,1.64,11.54,6.96,0.384,0,walk
41.6338,-87.4248,continental,106,17.66,13.84,0,11.73,5.2,0.142,-2,garden
42.0358,-87.8284,continental,109,14.83,6.83,3.22,11.91,0.04,0.365,-4,walk
41.7482,-87.5022,continental,112,18.68,14.66,0.62,12.09,7.29,0.228,7,wait
41.9874,-87.971,continental,115,15.33,9.6,3.29,12.27,7.16,0.473,-5,garden
41.6499,-87.3796,continental,118,16.97,11.92,4.55,12.43,13.56,0.564,-1,walk
41.8495,-87.4706,continental,121,17.45,9.49,0,12.59,8.46,0.237,6,walk
41.9689,-87.5394,continental,124,17.23,10.27,5.08,12.75,15.47,0.537,12,walk
41.5559,-87.6712,continental,127,20.13,16.38,3.15,12.89,6.51,0.426,26,garden
41.7692,-87.5518,continental,130,19.89,12.5,4.67,13.03,7.78,0.523,26,garden
42.0716,-87.7419,continental,133,22.36,16.03,1.78,13.16,1.85,0.257,15,garden
41.7965,-87.9037,continental,136,22.7,15.98,4.3,13.29,12.52,0.399,29,garden
41.6057,-87.2296,continental,139,19.14,12.57,5.34,13.4,8.07,0.473,26,garden
41.7175,-87.6046,continental,142,18.46,13.57,2.67,13.5,6.81,0.277,25,garden
41.9653,-87.4492,continental,145,19.91,14.51,4.65,13.6,7.99,0.532,39,garden
41.957,-87.8742,continental,148,18.67,13.52,2.4,13.68,4.45,0.319,37,garden
41.9754,-87.6305,continental,151,22.6,15.02,1.97,13.76,5.46,0.276,34,garden
42.1606,-87.683,continental,154,19.29,11.96,3.74,13.82,4.5,0.325,45,garden
41.5009,-87.6652,continental,157,24.54,20.38,4.68,13.88,9.95,0.476,45,garden
41.7487,-87.9828,continental,160,23.73,18.81,0,13.93,9.71,0.1,60,wait
41.4517,-87.7941,continental,163,23.04,19.5,1.73,13.96,1.96,0.155,48,walk
41.9698,-87.6929,continental,166,23.16,15.81,1.63,13.98,8.32,0.169,47,walk
41.5254,-87.2227,continental,169,21.6,13.75,2.46,14.0,8.36,0.25,69,walk
41.8005,-87.6525,continental,172,19.68,12.37,4.1,14.0,7.55,0.376,57,garden
41.7625,-87.8506,continental,175,19.41,13.66,5.03,13.99,8.38,0.373,71,walk
41.6373,-87.7342,continental,178,20.26,13.38,0.1,13.97,9.77,0.289,78,garden
42.1854,-87.9933,continental,181,21.07,16.02,2.3,13.94,8.91,0.204,72,walk
41.6135,-87.9259,continental,184,24.5,20.71,3.01,13.9,7.64,0.274,79,garden
41.9246,-87.2538,continental,187,23.2,18.48,1.28,13.85,3.31,0.294,84,garden
41.5497,-87.4676,continental,190,20.29,15.3,3.68,13.79,11.27,0.343,70,garden
41.6906,-87.3072,continental,193,18.55,15.11,4.03,13.72,1.35,0.494,87,garden
41.5583,-87.3878,continental,196,19.13,11.74,2.49,13.64,11.61,0.249,81,walk
41.5276,-87.8421,continental,199,19.16,11.82,2.11,13.55,7.85,0.229,94,walk
42.0436,-87.6548,continental,202,18.97,12.15,0.08,13.45,11.67,0.132,86,walk
41.808,-87.2158,continental,205,19.04,15.29,4.95,13.34,14.01,0.518,99,garden
41.8282,-87.9652,continental,208,16.69,12.34,2.06,13.23,5.74,0.388,90,garden
42.0114,-87.3084,continental,211,21.34,15.33,3.99,13.1,7.38,0.372,100,garden
42.1408,-87.8002,continental,214,20.26,13.59,3.29,12.96,9.47,0.342,97,garden
41.6638,-87.4765,continental,217,19.83,14.23,4.89,12.82,8.55,0.508,116,garden
41.4267,-87.3289,continental,220,20.95,17.74,2.76,12.67,8.5,0.269,100,garden
41.9133,-87.4235,continental,223,15.22,8.61,4.36,12.52,9.16,0.567,110,garden
42.1997,-87.9222,continental,226,18.0,10.95,2.03,12.35,7.4,0.264,109,garden
42.1648,-87.7675,continental,229,17.75,11.91,0,12.18,12.14,0.32,111,garden
41.9793,-87.7226,continental,232,15.6,10.36,1.14,12.0,9.46,0.313,116,garden
42.0589,-87.3733,continental,235,15.61,11.66,2.61,11.82,6.72,0.449,123,garden
41.5189,-87.8042,continental,238,13.49,5.99,2.07,11.64,2.66,0.454,130,garden
42.1212,-87.904,continental,241,11.81,4.6,2.44,11.45,4.16,0.518,132,garden
41.8989,-87.3205,continental,244,13.27,8.5,5.15,11.25,0.77,0.568,130,garden
41.6814,-87.5773,continental,247,11.98,4.35,0,11.05,5.16,0.258,130,garden
42.0776,-87.9816,continental,250,10.43,3.81,6.23,10.85,4.61,0.569,134,walk
41.4752,-87.8509,continental,253,14.93,6.96,6.86,10.65,1.09,0.617,148,walk
41.6565,-87.6825,continental,256,8.93,4.84,3.77,10.45,5.17,0.595,147,garden
41.4289,-87.8246,continental,259,10.75,7.68,1.45,10.24,12.25,0.404,148,garden
41.8517,-87.2577,continental,262,8.73,1.65,2.3,10.03,10.17,0.484,158,garden
41.9314,-87.5217,continental,265,7.23,3.37,0,9.83,9.6,0.336,151,wait
42.045,-87.624,continental,268,10.73,2.97,0.1,9.62,8.94,0.269,165,garden
41.9078,-87.6238,continental,271,6.63,2.36,0,9.42,6.88,0.389,162,wait
41.4142,-87.3113,continental,274,8.01,1.26,2.33,9.21,7.28,0.559,158,garden
41.7093,-87.3933,continental,277,7.02,0.63,2.24,9.01,8.35,0.434,157,wait
41.5974,-87.9414,continental,280,5.16,-0.12,1.7,8.81,2.15,0.426,180,wait
41.9987,-87.2269,continental,283,7.31,3.38,1.43,8.62,14.19,0.495,176,wait
41.9167,-87.8914,continental,286,7.42,1.23,2.8,8.43,5.3,0.495,174,wait
41.6003,-87.4067,continental,289,2.02,-5.61,4.76,8.24,11.89,0.622,186,wait
42.0287,-87.3977,continental,292,6.24,2.37,2.04,8.05,8.19,0.483,187,wait
41.5808,-87.5072,continental,295,4.5,0.56,5.44,7.88,4.22,0.594,185,wait
41.6018,-87.6433,continental,298,0.92,-2.72,2.95,7.7,4.92,0.576,183,wait
41.4798,-87.2595,continental,301,1.65,-2.17,4.03,7.54,12.49,0.636,192,wait
41.717,-87.3873,continental,304,2.3,-2.86,4.28,7.38,9.37,0.573,191,wait
42.1202,-87.4993,continental,307,1.62,-5.55,2.07,7.23,6.22,0.59,196,wait
41.7798,-87.2956,continental,310,3.55,-3.31,1.26,7.08,13.9,0.527,199,wait
41.9162,-87.9563,continental,313,1.29,-6.47,2.65,6.94,2.68,0.502,203,wait
42.1602,-87.6708,continental,316,3.39,-4.28,0.89,6.82,9.53,0.436,216,wait
41.7476,-87.4259,continental,319,3.01,-3.22,0,6.69,6.87,0.416,217,wait
41.6624,-87.3719,continental,322,1.23,-2.17,1.61,6.58,13.16,0.539,211,wait
41.906,-87.231,continental,325,-2.75,-10.61,3.13,6.48,11.39,0.69,210,wait
41.5574,-87.2678,continental,328,-3.53,-9.62,0,6.39,9.14,0.508,212,wait
41.9432,-87.5438,continental,331,-0.59,-8.01,0,6.3,13.44,0.47,230,wait
41.9158,-87.9814,continental,334,-0.07,-5.83,0,6.23,2.63,0.51,214,garden
41.5458,-87.9314,continental,337,-4.32,-11.04,2.81,6.17,14.63,0.678,236,wait
41.718,-87.9215,continental,340,-1.73,-7.67,4.33,6.11,13.03,0.742,221,wait
41.6824,-87.4443,continental,343,-0.61,-6.96,2.19,6.07,2.44,0.469,231,wait
42.1808,-87.4462,continental,346,0.51,-3.86,0,6.04,4.13,0.478,246,wait
41.4359,-87.2047,continental,349,0.79,-4.33,0.9,6.01,5.99,0.445,245,wait
42.1281,-87.8355,continental,352,-4.3,-7.93,0,6.0,9.45,0.417,252,wait
41.5701,-87.2774,continental,355,0.66,-3.98,3.3,6.0,6.48,0.642,250,wait
41.5655,-87.9443,continental,358,-0.25,-3.9,2.24,6.01,1.48,0.572,253,wait
42.1164,-87.4978,continental,361,-3.11,-9.34,0.39,6.03,8.67,0.408,256,wait
41.7851,-87.7886,continental,364,0.39,-2.76,1.4,6.06,6.36,0.547,262,wait
42.0349,-87.2817,continental,1,-2.37,-9.81,3.9,6.09,7.3,0.674,-111,wait
41.8004,-87.3523,continental,4,-0.09,-5.39,1.21,6.14,5.56,0.565,-105,wait
41.5155,-87.7101,continental,7,0.28,-6.39,1.57,6.2,11.63,0.464,-95,wait
41.8482,-87.9251,continental,10,-1.01,-7.65,2.98,6.26,5.03,0.576,-110,wait
41.6144,-87.4192,continental,13,-3.64,-9.13,0,6.34,7.6,0.515,-93,wait
42.0309,-87.8363,continental,16,0.79,-7.03,3.92,6.43,10.64,0.554,-85,wait
41.9584,-87.7955,continental,19,-0.98,-8.64,3.24,6.53,11.26,0.559,-87,wait
42.1937,-87.8258,continental,22,0.39,-6.42,0.57,6.64,7.28,0.495,-88,wait
41.4618,-87.7928,continental,25,-2.64,-8.9,1.54,6.75,10.13,0.645,-94,wait
41.6404,-87.2724,continental,28,0.31,-5.0,0.91,6.88,2.14,0.534,-72,wait
41.9503,-87.6189,continental,31,-1.32,-5.34,0,7.01,2.39,0.545,-83,wait
42.1095,-87.3877,continental,34,2.25,-4.1,1.25,7.15,12.15,0.57,-71,wait
41.6386,-87.5258,continental,37,2.48,-3.42,0,7.3,6.82,0.413,-82,wait
42.0125,-87.2556,continental,40,3.66,0.48,2.27,7.46,9.35,0.536,-61,wait
41.8591,-87.8265,continental,43,1.82,-4.7,2.72,7.62,14.79,0.559,-76,wait
41.7366,-87.8747,continental,46,4.54,1.02,3.18,7.79,7.52,0.566,-59,wait
41.5083,-87.514,continental,49,2.39,-4.39,2.12,7.97,5.27,0.498,-56,wait
41.7309,-87.932,continental,52,1.84,-2.49,0.32,8.15,2.51,0.355,-50,wait
41.6892,-87.8963,continental,55,4.61,-3.33,0,8.33,11.84,0.324,-58,wait
41.5211,-87.8817,continental,58,5.84,0.06,0,8.52,0.97,0.457,-56,garden
41.7511,-87.51,continental,61,7.81,1.25,0.1,8.71,6.21,0.304,-55,wait
42.1546,-87.6716,continental,64,4.36,-2.27,2.44,8.91,14.76,0.537,-43,wait
41.5207,-87.5841,continental,67,8.32,1.07,0,9.11,8.03,0.381,-43,garden
41.4393,-87.5681,continental,70,5.56,2.51,8.32,9.31,4.81,0.886,-49,walk
41.9204,-87.744,continental,73,7.45,0.75,3.2,9.52,0.67,0.567,-37,wait
41.7935,-87.227,continental,76,6.24,3.23,3.3,9.72,5.12,0.573,-31,wait
41.7015,-87.3359,continental,79,8.32,3.14,0,9.93,5.71,0.408,-24,wait
41.7541,-87.405,continental,82,12.13,7.65,2.62,10.14,5.03,0.373,-29,walk
42.1451,-87.6557,continental,85,10.48,6.34,5.01,10.34,6.46,0.642,-31,walk
41.5654,-87.2911,continental,88,14.0,8.49,1.91,10.55,6.95,0.271,-26,walk
41.6556,-87.4933,continental,91,12.25,7.81,1.82,10.75,11.26,0.321,-10,walk
41.5311,-87.9392,continental,94,11.38,7.73,0.08,10.95,10.8,0.384,-6,walk
42.0009,-87.2514,continental,97,12.59,6.66,0,11.15,11.33,0.275,-23,walk
41.6919,-87.5088,continental,100,14.53,8.5,5.28,11.35,11.69,0.529,-13,walk
41.6771,-87.4763,continental,103,15.5,9.87,0,11.54,6.91,0.257,2,walk
42.0341,-87.5193,continental,106,14.37,10.78,4.64,11.73,11.69,0.51,-6,walk
41.7814,-87.7779,continental,109,15.09,7.49,2.61,11.91,13.15,0.328,4,walk
42.122,-87.9418,continental,112,15.91,12.12,4.0,12.09,11.7,0.454,6,walk
41.7942,-87.3036,continental,115,18.94,12.84,5.52,12.27,5.05,0.556,10,walk
42.1345,-87.7411,continental,118,17.53,9.66,3.4,12.43,9.84,0.42,18,garden
41.4259,-87.4165,continental,121,14.86,10.42,2.36,12.59,3.71,0.358,18,garden
41.5078,-87.5119,continental,124,15.65,11.53,2.08,12.75,10.42,0.34,19,garden
42.1018,-87.8442,continental,127,17.17,9.75,7.73,12.89,11.79,0.603,14,walk
42.198,-87.8749,continental,130,20.38,14.32,0,13.03,9.61,0.259,27,walk
41.9034,-87.4937,continental,133,17.61,11.09,0,13.16,3.02,0.235,30,walk
42.1516,-87.802,continental,136,19.88,12.59,4.39,13.29,12.95,0.416,22,garden
42.0764,-87.6705,continental,139,20.73,15.38,3.05,13.4,13.62,0.346,26,garden
42.0328,-87.3967,continental,142,20.93,14.64,4.87,13.5,7.87,0.397,32,garden
41.5257,-87.5122,continental,145,21.91,17.45,5.44,13.6,7.85,0.437,29,garden
41.9685,-87.4482,continental,148,23.89,15.94,2.57,13.68,7.07,0.196,42,walk
41.6434,-87.9373,continental,151,19.16,14.39,1.39,13.76,8.74,0.238,38,garden
42.1658,-87.2435,continental,154,20.58,15.08,4.47,13.82,9.78,0.357,51,garden
42.078,-87.6317,continental,157,21.29,16.9,0.85,13.88,4.14,0.27,55,garden
41.9525,-87.3549,continental,160,18.98,13.45,2.26,13.93,8.0,0.292,50,garden
41.8954,-87.7032,continental,163,21.07,14.36,1.01,13.96,12.76,0.166,59,walk
41.7323,-87.8547,continental,166,23.57,16.86,4.33,13.98,7.39,0.431,47,garden
41.5465,-87.308,continental,169,23.67,17.99,1.46,14.0,12.59,0.238,49,walk
42.1828,-87.42,continental,172,22.12,17.46,0,14.0,10.54,0.185,56,walk
41.8531,-87.3369,continental,175,20.0,16.58,0.25,13.99,8.77,0.113,68,walk
42.0883,-87.3773,continental,178,22.09,16.44,5.0,13.97,9.06,0.461,74,garden
41.731,-87.2526,continental,181,23.41,15.76,1.45,13.94,9.1,0.237,74,walk
42.0027,-87.7383,continental,184,21.56,16.7,4.86,13.9,5.92,0.413,71,garden
41.9272,-87.717,continental,187,19.16,16.15,5.65,13.85,5.66,0.527,81,garden
41.8018,-87.9482,continental,190,18.45,15.26,0.74,13.79,14.59,0.306,90,garden
41.6336,-87.7122,continental,193,21.94,14.38,3.34,13.72,3.39,0.273,83,garden
41.4685,-87.9526,continental,196,20.76,17.02,1.36,13.64,7.62,0.347,76,garden
41.4951,-87.3868,continental,199,20.46,12.71,2.71,13.55,2.75,0.253,91,garden
41.6276,-87.4363,continental,202,22.29,18.86,0.64,13.45,3.77,0.297,84,garden
41.4271,-87.4874,continental,205,19.67,13.4,3.06,13.34,8.32,0.423,95,garden
42.1415,-87.6925,continental,208,20.2,16.55,0.48,13.23,8.57,0.3,107,garden
42.1563,-87.2637,continental,211,19.94,15.4,2.61,13.1,12.28,0.301,111,garden
41.6435,-87.7398,continental,214,17.25,10.97,2.84,12.96,10.72,0.335,98,garden
42.0105,-87.7626,continental,217,18.53,11.81,0.07,12.82,8.47,0.166,108,walk
41.7256,-87.4381,continental,220,18.87,14.95,2.11,12.67,13.63,0.376,120,garden
41.968,-87.9855,continental,223,18.57,15.4,3.02,12.52,8.27,0.34,121,garden
41.5326,-87.7471,continental,226,18.26,10.9,1.85,12.35,0.06,0.323,119,garden
41.7583,-87.9412,continental,229,15.35,8.92,0.16,12.18,12.59,0.176,127,walk
42.1288,-87.9179,continental,232,17.96,10.2,1.51,12.0,7.99,0.28,125,garden
41.6919,-87.9191,continental,235,17.83,13.68,1.33,11.82,5.61,0.314,120,garden
42.0929,-87.8248,continental,238,13.43,9.12,0,11.64,15.1,0.256,125,garden
42.1553,-87.5328,continental,241,11.99,6.78,0.67,11.45,5.57,0.268,126,garden
41.9047,-87.482,continental,244,16.32,9.37,0,11.25,0.69,0.244,135,wait
41.4752,-87.6606,continental,247,13.87,8.61,1.08,11.05,8.61,0.275,137,garden
42.1173,-87.7336,continental,250,14.93,11.06,5.96,10.85,5.15,0.515,138,garden
41.8002,-87.4937,continental,253,14.04,9.73,3.51,10.65,9.57,0.402,144,garden
41.9385,-87.5413,continental,256,11.94,4.98,2.38,10.45,4.73,0.517,144,garden
41.7881,-87.6571,continental,259,13.02,5.85,5.86,10.24,4.94,0.592,147,garden
41.9888,-87.75,continental,262,7.23,3.28,1.25,10.03,7.23,0.371,154,walk
41.6092,-87.3897,continental,265,7.53,2.15,0,9.83,11.12,0.353,148,wait
41.6826,-87.6917,continental,268,7.49,0.5,0.25,9.62,8.81,0.34,157,wait
42.1511,-87.3095,continental,271,8.59,4.88,4.2,9.42,5.83,0.619,157,garden
41.9027,-87.3818,continental,274,6.8,3.44,4.16,9.21,8.33,0.528,158,wait
41.6191,-87.2985,continental,277,9.23,4.54,0,9.01,14.37,0.335,158,garden
41.4261,-87.4688,continental,280,8.98,2.49,0,8.81,9.7,0.268,166,garden
41.5267,-87.802,continental,283,6.79,2.73,0.27,8.62,7.65,0.435,167,wait
41.8915,-87.2708,continental,286,3.2,-1.84,0,8.43,10.81,0.396,175,wait
41.9121,-87.6338,continental,289,6.47,-0.82,0,8.24,4.26,0.422,186,wait
41.561,-87.6088,continental,292,2.93,-3.5,2.83,8.05,7.5,0.577,178,wait
41.6085,-87.348,continental,295,4.45,-1.02,4.95,7.88,7.44,0.692,187,wait
41.5674,-87.8506,continental,298,5.9,2.88,0.64,7.7,5.33,0.438,192,wait
41.8775,-87.7268,continental,301,0.76,-4.22,3.77,7.54,4.36,0.57,184,wait
42.0364,-87.4682,continental,304,0.95,-6.62,0,7.38,6.34,0.376,187,wait
41.7387,-87.5698,continental,307,4.0,0.52,3.21,7.23,8.4,0.516,187,wait
41.6923,-87.8448,continental,310,3.46,-3.9,1.63,7.08,12.83,0.527,209,wait
41.6876,-87.8031,continental,313,-1.5,-5.88,4.38,6.94,2.41,0.701,210,wait
42.0768,-87.8115,continental,316,2.3,-5.0,0.46,6.82,7.19,0.479,209,walk
41.5148,-87.3097,continental,319,-0.64,-3.93,0,6.69,13.91,0.44,219,wait
41.8402,-87.443,continental,322,-0.29,-6.48,4.35,6.58,14.85,0.763,205,wait
42.1644,-87.8997,continental,325,1.65,-5.82,2.09,6.48,7.56,0.592,212,wait
41.9213,-87.6843,continental,328,-3.48,-7.92,4.75,6.39,11.75,0.8,226,wait
42.0938,-87.6619,continental,331,0.16,-7.26,3.57,6.3,10.03,0.649,231,wait
41.8457,-87.3524,continental,334,-1.94,-9.6,3.55,6.23,9.51,0.636,216,wait
41.9487,-87.6373,continental,337,1.09,-2.48,5.99,6.17,10.59,0.73,223,wait
41.673,-87.3676,continental,340,0.88,-5.9,0.04,6.11,6.75,0.343,224,wait
41.794,-87.5891,continental,343,-0.81,-4.69,1.86,6.07,3.6,0.579,243,wait
41.5848,-87.6305,continental,346,-2.94,-9.2,0,6.04,3.55,0.555,245,wait
41.8599,-87.4635,continental,349,-1.76,-9.21,2.27,6.01,7.14,0.642,235,wait
42.1606,-87.2857,continental,352,-3.95,-10.8,1.16,6.0,9.95,0.576,239,wait
41.6888,-87.7854,continental,355,-2.06,-9.48,0.46,6.0,13.53,0.5,247,wait
41.5733,-87.6711,continental,358,-1.69,-4.98,2.68,6.01,1.06,0.62,246,wait
41.4137,-87.3347,continental,361,-1.31,-6.93,0,6.03,8.51,0.562,261,wait
42.1754,-87.5063,continental,364,-2.8,-7.02,0.64,6.06,8.05,0.592,259,wait
